{"type": "FeatureCollection", "features": [{"type": "Feature", "properties": {}, "geometry": {"type": "Polygon", "coordinates": [[[26.85, 37.1850662010155], [26.8514109, 37.1853786], [26.8526753, 37.1860376], [26.8532675, 37.1864139], [26.8547934, 37.18767], [26.8552657, 37.1877829], [26.8557489, 37.1877134], [26.8568134, 37.187013], [26.8572239, 37.1865152], [26.8573002, 37.1861071], [26.8571335, 37.1859015], [26.8562684, 37.1857047], [26.8559523, 37.1855224], [26.8557053, 37.1852966], [26.8555672, 37.1848335], [26.8549096, 37.1844833], [26.854097, 37.1838011], [26.8547853, 37.1838034], [26.8563367, 37.1830232], [26.8565207, 37.1827563], [26.8564333, 37.1826032], [26.8564508, 37.1822644], [26.8560954, 37.1817705], [26.857244, 37.1810773], [26.8574491, 37.1807735], [26.8575407, 37.1802681], [26.8570954, 37.1798108], [26.8561776, 37.1795453], [26.8567432, 37.1788839], [26.8575719, 37.1784833], [26.8583735, 37.177644], [26.8581936, 37.177599], [26.857816, 37.1777157], [26.8569348, 37.1775622], [26.8550569, 37.1765101], [26.8544121, 37.1762522], [26.8533037, 37.1760471], [26.8514588, 37.1759333], [26.8508851, 37.1758013], [26.8503329, 37.1758877], [26.8500062, 37.1755889], [26.8500679, 37.1754395], [26.85, 37.17537409174312], [26.85, 37.1850662010155]]]}}, {"type": "Feature", "properties": {}, "geometry": {"type": "Polygon", "coordinates": [[[26.8504358, 37.1748032], [26.8512843, 37.1745263], [26.8516561, 37.174608], [26.8521586, 37.1744984], [26.8525794, 37.1742288], [26.852829, 37.1738946], [26.8529114, 37.1734438], [26.8526957, 37.1726661], [26.8521616, 37.172627], [26.8520197, 37.1724935], [26.8518393, 37.1720867], [26.8519717, 37.1717684], [26.8517125, 37.1717386], [26.8518393, 37.1714522], [26.8518182, 37.1712669], [26.8522058, 37.1709524], [26.8522569, 37.170759], [26.8521212, 37.1706267], [26.8522707, 37.1703879], [26.8520789, 37.1703571], [26.8520226, 37.1702336], [26.8521212, 37.1701156], [26.8518297, 37.170064], [26.8519168, 37.169891], [26.8517054, 37.1697899], [26.8505566, 37.1697793], [26.850335, 37.1702512], [26.85, 37.170410325], [26.85, 37.17533207791694], [26.8504358, 37.1748032]]]}}, {"type": "Feature", "properties": {}, "geometry": {"type": "Polygon", "coordinates": [[[26.85, 37.156812162811455], [26.8511428, 37.1566739], [26.8511528, 37.1567804], [26.8519908, 37.1568798], [26.852743, 37.1572267], [26.8529424, 37.1574429], [26.8528361, 37.1575088], [26.8529085, 37.157576], [26.8523654, 37.1580416], [26.852858, 37.1584194], [26.8530354, 37.158147], [26.8533233, 37.1581828], [26.8540616, 37.1586458], [26.8543661, 37.1591913], [26.8542237, 37.1593009], [26.8543585, 37.1595258], [26.8542362, 37.160254], [26.8537814, 37.1603772], [26.853823, 37.1604401], [26.8542973, 37.1603468], [26.8545197, 37.1605493], [26.8549776, 37.1605387], [26.8549986, 37.1604265], [26.8548791, 37.1604007], [26.8551911, 37.1599393], [26.8558278, 37.1598527], [26.8569205, 37.1603188], [26.8576538, 37.1602714], [26.8578406, 37.1604042], [26.8580424, 37.1601638], [26.8581906, 37.1601645], [26.8584562, 37.160304], [26.8591441, 37.1603391], [26.8594498, 37.1604599], [26.8601855, 37.1611125], [26.8604267, 37.160621], [26.8612789, 37.1597721], [26.8614734, 37.1593587], [26.8632055, 37.1580595], [26.8635482, 37.1572696], [26.8634885, 37.1570084], [26.8636871, 37.1568562], [26.8640854, 37.1559408], [26.8642464, 37.1558291], [26.8648038, 37.1564986], [26.8650428, 37.1566214], [26.8656593, 37.1564658], [26.8663144, 37.156646], [26.8665996, 37.1568467], [26.8676914, 37.1570514], [26.8706817, 37.1565129], [26.8724286, 37.1571251], [26.8727754, 37.1570924], [26.8730477, 37.156904], [26.8734716, 37.1565375], [26.8739777, 37.1556673], [26.8745429, 37.1554687], [26.8748126, 37.1551411], [26.8742064, 37.1549732], [26.8737491, 37.1545269], [26.873708, 37.1543098], [26.8740137, 37.1538491], [26.8740163, 37.1525387], [26.8735204, 37.1517279], [26.8730195, 37.1516419], [26.8728474, 37.151388], [26.8722514, 37.1511648], [26.8712597, 37.1505116], [26.8704685, 37.1501922], [26.8690966, 37.150571], [26.8683953, 37.1503416], [26.8680562, 37.1505239], [26.8676374, 37.1504276], [26.8671776, 37.1501594], [26.8659837, 37.1499926], [26.8654497, 37.1500417], [26.8652782, 37.1499076], [26.8644468, 37.149697], [26.8633146, 37.1498976], [26.8633713, 37.1499928], [26.8644445, 37.149793], [26.8650274, 37.1499968], [26.863922, 37.1505558], [26.8626065, 37.150492], [26.8621406, 37.1502011], [26.8616467, 37.1495171], [26.8621108, 37.1487573], [26.8622404, 37.1487067], [26.8622841, 37.1483443], [26.8618679, 37.1479409], [26.861498, 37.1478364], [26.8608377, 37.1478528], [26.8599821, 37.1461439], [26.8597433, 37.1454078], [26.8596688, 37.1444433], [26.8599315, 37.1439033], [26.8601261, 37.1437594], [26.8608095, 37.1438863], [26.8609639, 37.1430503], [26.8613834, 37.1425307], [26.8616557, 37.141431], [26.8618176, 37.14122], [26.862411, 37.1409681], [26.8628888, 37.1404377], [26.8634591, 37.1401244], [26.8637751, 37.140108], [26.8640937, 37.1396739], [26.8653242, 37.1386786], [26.8660307, 37.138611], [26.8662876, 37.1387707], [26.866732, 37.138697], [26.8669632, 37.1381973], [26.8672201, 37.1380498], [26.8674693, 37.1380847], [26.8677468, 37.1379475], [26.8675849, 37.1376157], [26.8679497, 37.1371098], [26.8682888, 37.1369296], [26.8685791, 37.1370156], [26.8692188, 37.136991], [26.8695862, 37.1376976], [26.8702387, 37.1377283], [26.8706934, 37.1376423], [26.8712355, 37.1365917], [26.8717107, 37.136563], [26.8721834, 37.1367719], [26.8724532, 37.1366265], [26.8730261, 37.1365487], [26.8724943, 37.1356353], [26.8725765, 37.1354325], [26.8730158, 37.1351458], [26.8733087, 37.1350884], [26.8737454, 37.1351622], [26.8738815, 37.1348304], [26.8736658, 37.134345], [26.8731237, 37.1340439], [26.8730004, 37.1338289], [26.873265, 37.1331018], [26.8736683, 37.1327864], [26.8743183, 37.1325468], [26.8745135, 37.1322867], [26.8751712, 37.132471], [26.8753947, 37.1320982], [26.8751147, 37.1318136], [26.8749811, 37.1313896], [26.8755694, 37.1308919], [26.8766432, 37.1302856], [26.8770774, 37.1306031], [26.8775732, 37.1303553], [26.8776708, 37.1302221], [26.8776092, 37.1295565], [26.8777813, 37.1293865], [26.878796, 37.1294438], [26.8797055, 37.1296773], [26.8798493, 37.1295749], [26.8792276, 37.1290711], [26.879333, 37.1286799], [26.8795821, 37.1284935], [26.8798981, 37.1284136], [26.8805018, 37.1287106], [26.881216, 37.1286164], [26.8814704, 37.1282354], [26.8823079, 37.1276783], [26.8827626, 37.1275861], [26.8828962, 37.1274714], [26.8826983, 37.127029], [26.8824723, 37.1270618], [26.882426, 37.1269225], [26.882593, 37.1267852], [26.8825904, 37.1265374], [26.8828191, 37.1265108], [26.8828011, 37.1263285], [26.8826444, 37.12631], [26.8826598, 37.1260212], [26.8830015, 37.1255255], [26.8837311, 37.1248783], [26.8840625, 37.1243846], [26.8845609, 37.1242474], [26.8845609, 37.1236677], [26.8850592, 37.1229897], [26.8853804, 37.1220843], [26.8853701, 37.1214329], [26.8852493, 37.1209147], [26.885013, 37.1204722], [26.8855782, 37.1203411], [26.8860637, 37.1199663], [26.8861357, 37.1192677], [26.8862769, 37.1189133], [26.8865364, 37.1186389], [26.8868036, 37.1185364], [26.8878928, 37.1184483], [26.8886379, 37.1178666], [26.8887791, 37.1176289], [26.888774, 37.1171947], [26.8891157, 37.1165924], [26.8896141, 37.1160126], [26.8898067, 37.1154493], [26.890097, 37.1153694], [26.8905029, 37.1147569], [26.891099, 37.1146954], [26.8912377, 37.1140726], [26.8912223, 37.1136445], [26.8919853, 37.1118437], [26.8919724, 37.1115385], [26.891754, 37.1110181], [26.8914098, 37.1108173], [26.8907727, 37.1109034], [26.8903591, 37.1106944], [26.8901099, 37.1103912], [26.8901176, 37.1101576], [26.8898633, 37.1098442], [26.8899635, 37.1093197], [26.890115, 37.1092091], [26.8902949, 37.1091988], [26.8904798, 37.1093566], [26.8907573, 37.1092583], [26.8909422, 37.1089489], [26.8908369, 37.1088014], [26.8904233, 37.1086354], [26.8907085, 37.1077729], [26.89058, 37.1076377], [26.8902332, 37.1075393], [26.8900071, 37.1078364], [26.8897374, 37.1079061], [26.8893084, 37.1076295], [26.8892518, 37.107064], [26.8894497, 37.1067731], [26.8901972, 37.1067014], [26.890187, 37.1065764], [26.8897708, 37.1062117], [26.8890309, 37.1058429], [26.8889359, 37.1055418], [26.889108, 37.1051054], [26.8885577, 37.1043995], [26.8883184, 37.1044063], [26.8876591, 37.1040994], [26.8876976, 37.1035441], [26.8881729, 37.10337], [26.8880932, 37.1030073], [26.8878569, 37.1027158], [26.8876616, 37.1027594], [26.8876859, 37.1025659], [26.8872671, 37.1022659], [26.8869937, 37.1018783], [26.8869038, 37.1009993], [26.8877002, 37.1003847], [26.888156, 37.0996278], [26.8881343, 37.0992925], [26.8883296, 37.0987598], [26.8883193, 37.0984504], [26.8880192, 37.0979576], [26.8876257, 37.0976144], [26.8870374, 37.0978521], [26.8859404, 37.0979648], [26.8863269, 37.0991506], [26.8863098, 37.0994301], [26.8860509, 37.0996716], [26.8860997, 37.1003252], [26.8859353, 37.1004379], [26.8851987, 37.1002004], [26.8851987, 37.0997914], [26.8847115, 37.0996823], [26.8850021, 37.1002686], [26.8851723, 37.1009481], [26.8854395, 37.1012944], [26.8854369, 37.1014829], [26.8847714, 37.1013525], [26.8847201, 37.1014752], [26.8849252, 37.101557], [26.8848312, 37.1016865], [26.8846004, 37.101632], [26.8843708, 37.1017575], [26.8840876, 37.1016047], [26.8841781, 37.1019603], [26.8839167, 37.1022523], [26.8839443, 37.1026877], [26.8834999, 37.1025873], [26.8833997, 37.1024438], [26.8829064, 37.1023025], [26.8824337, 37.1025934], [26.8821486, 37.1033105], [26.8817915, 37.1037736], [26.8816039, 37.1038924], [26.8811816, 37.1038269], [26.88034, 37.104589], [26.8805224, 37.1049332], [26.8804762, 37.1051238], [26.8798776, 37.1056831], [26.8792415, 37.1056197], [26.8788346, 37.1057221], [26.8784852, 37.1058552], [26.8780022, 37.1063613], [26.8777916, 37.1064555], [26.8776004, 37.1063081], [26.8761705, 37.1069247], [26.8752508, 37.1074451], [26.8748269, 37.1074922], [26.8744339, 37.1076582], [26.8737814, 37.108324], [26.8729413, 37.1089141], [26.8724044, 37.1091947], [26.8718726, 37.1093074], [26.8701, 37.1091927], [26.8690827, 37.1085822], [26.868687, 37.1088034], [26.867996, 37.1083302], [26.8682272, 37.1079655], [26.8686048, 37.1076274], [26.8690493, 37.1068428], [26.8696735, 37.1071808], [26.8697532, 37.1074902], [26.8698508, 37.1074984], [26.8698046, 37.1070968], [26.8693837, 37.106816], [26.8705209, 37.1054976], [26.8708588, 37.1048776], [26.8708806, 37.1045212], [26.8707607, 37.1039851], [26.8708733, 37.1038316], [26.871342, 37.1036519], [26.8718506, 37.103139], [26.8720432, 37.1027073], [26.8726971, 37.1022234], [26.8735909, 37.1011629], [26.8746154, 37.1004095], [26.875491, 37.0990273], [26.8766027, 37.0977522], [26.8767771, 37.0973842], [26.8766826, 37.0972277], [26.876283, 37.0971611], [26.8751204, 37.098013], [26.8748152, 37.0985259], [26.8725881, 37.1001603], [26.8721304, 37.1002066], [26.87152, 37.1000965], [26.8698488, 37.0990099], [26.8685808, 37.0987636], [26.868025, 37.0984303], [26.8674618, 37.0984767], [26.8673274, 37.0986563], [26.8671966, 37.0986795], [26.8667715, 37.0983926], [26.8665463, 37.0983984], [26.8660558, 37.0986332], [26.8659359, 37.0988563], [26.8654454, 37.0990099], [26.8644681, 37.0989983], [26.8642502, 37.099233], [26.8640031, 37.0992127], [26.863486, 37.0986136], [26.8625098, 37.0984128], [26.8625869, 37.098171], [26.8624379, 37.0979948], [26.8621039, 37.0979743], [26.8614617, 37.0981956], [26.8605985, 37.0978882], [26.8602029, 37.0979784], [26.859761, 37.097921], [26.85991, 37.0976423], [26.8585895, 37.0973842], [26.8580295, 37.0970932], [26.8571098, 37.097085], [26.8560462, 37.0967735], [26.8557739, 37.0964744], [26.8541976, 37.0957902], [26.8539772, 37.0958747], [26.8537855, 37.0961506], [26.8534926, 37.0962736], [26.8529531, 37.0962449], [26.851905, 37.0966752], [26.8513398, 37.096708], [26.8505897, 37.0963637], [26.85, 37.09635127589496], [26.85, 37.11562898240491], [26.8502425, 37.1157285], [26.8502934, 37.1156531], [26.851961, 37.1157169], [26.8523606, 37.1158328], [26.8525314, 37.1160124], [26.8525822, 37.1167656], [26.8528039, 37.1168178], [26.852822, 37.117093], [26.8525495, 37.1176724], [26.8526258, 37.1178607], [26.8533997, 37.1183387], [26.8536395, 37.1187008], [26.8539229, 37.1195757], [26.8541626, 37.1198625], [26.8544133, 37.1198886], [26.8550418, 37.1196655], [26.8575151, 37.1191745], [26.8582909, 37.1191437], [26.8604872, 37.1183089], [26.8610394, 37.1185812], [26.8613555, 37.1190505], [26.8605271, 37.1200471], [26.8602001, 37.1209944], [26.8599531, 37.1211798], [26.8591295, 37.1212723], [26.858667, 37.1214376], [26.8587178, 37.1217215], [26.8585725, 37.1220112], [26.8574296, 37.122383], [26.8566404, 37.123078], [26.8566252, 37.1236595], [26.8570217, 37.1242706], [26.8562509, 37.1243228], [26.8560511, 37.1244242], [26.8559421, 37.1246791], [26.8559894, 37.1250036], [26.8565267, 37.1251074], [26.8564396, 37.1251704], [26.8565006, 37.1251961], [26.8567923, 37.1251629], [26.8573244, 37.1257468], [26.857316, 37.1260805], [26.8575541, 37.1261918], [26.8578099, 37.1260187], [26.8580061, 37.12623], [26.8575929, 37.1265696], [26.8570418, 37.1265956], [26.8554657, 37.1277904], [26.8559022, 37.1290975], [26.8566667, 37.129467], [26.8567829, 37.129371], [26.8560657, 37.1290053], [26.8556551, 37.1278597], [26.8557677, 37.1276975], [26.8566809, 37.1272015], [26.8567272, 37.1273311], [26.857, 37.1272658], [26.8575018, 37.1285864], [26.8580173, 37.1292066], [26.8580554, 37.1290016], [26.8582674, 37.1290396], [26.8583523, 37.1289022], [26.8583134, 37.1292492], [26.8587873, 37.1293563], [26.858837, 37.1289117], [26.8589351, 37.1289979], [26.8589658, 37.1288678], [26.8602533, 37.1287042], [26.8600656, 37.1288855], [26.860197, 37.1289904], [26.8600998, 37.129116], [26.8602205, 37.1291348], [26.8600369, 37.129597], [26.8601428, 37.1298402], [26.8600801, 37.1299486], [26.860184, 37.1301277], [26.8601531, 37.1303141], [26.8599296, 37.1306541], [26.8594185, 37.1307527], [26.8583738, 37.1306387], [26.8583338, 37.1305582], [26.8578924, 37.1306152], [26.8563279, 37.1299782], [26.8556754, 37.1299024], [26.8554801, 37.1296157], [26.8551873, 37.1296321], [26.8555623, 37.1303653], [26.8554827, 37.1306418], [26.8553106, 37.1307995], [26.8548173, 37.1310351], [26.8532014, 37.1313386], [26.8532173, 37.1310089], [26.8531211, 37.1313169], [26.8524102, 37.1312255], [26.851511, 37.1308896], [26.85085, 37.1303152], [26.8508502, 37.130198], [26.85, 37.13014522328748], [26.85, 37.156812162811455]]]}}, {"type": "Feature", "properties": {}, "geometry": {"type": "Polygon", "coordinates": [[[26.9204084, 36.736378], [26.9204816, 36.7366419], [26.9209207, 36.7363682], [26.9207824, 36.7362867], [26.92051, 36.7363291], [26.9204084, 36.736378]]]}}, {"type": "Feature", "properties": {}, "geometry": {"type": "Polygon", "coordinates": [[[26.9220534, 36.8872121], [26.9230297, 36.88665], [26.9227628, 36.8865481], [26.9227481, 36.8863486], [26.9230284, 36.8862638], [26.923023, 36.8861458], [26.9231947, 36.8859914], [26.9228353, 36.8859066], [26.9229104, 36.8857243], [26.9227186, 36.8854872], [26.9226891, 36.8852856], [26.9228205, 36.8851847], [26.9228406, 36.8849981], [26.92274, 36.8848125], [26.9224986, 36.8846591], [26.9224557, 36.884495], [26.9220628, 36.8843405], [26.9216605, 36.8847235], [26.9213721, 36.8846291], [26.9213493, 36.8847331], [26.9212568, 36.8847299], [26.921301, 36.8848072], [26.9210596, 36.8848383], [26.9209564, 36.8847943], [26.9210047, 36.8847053], [26.9208974, 36.884701], [26.920656, 36.8847825], [26.9207002, 36.8848629], [26.9202469, 36.8849101], [26.9201249, 36.8850281], [26.9197789, 36.8850163], [26.9194624, 36.8852085], [26.9195778, 36.8852295], [26.9194946, 36.8853274], [26.9195643, 36.8853768], [26.9198996, 36.885263], [26.9199344, 36.8854197], [26.9198969, 36.885602], [26.9197413, 36.8855505], [26.9195777, 36.8856299], [26.9196394, 36.8858101], [26.9194812, 36.8859431], [26.9196931, 36.886119], [26.9196582, 36.8863035], [26.9194731, 36.8863786], [26.9194892, 36.8865953], [26.9192867, 36.8866125], [26.919217, 36.8867144], [26.9191459, 36.886945], [26.9192719, 36.8870823], [26.9189353, 36.8872432], [26.918887, 36.8875403], [26.9190292, 36.8875971], [26.918938, 36.8877462], [26.9188294, 36.8877012], [26.9185196, 36.8878953], [26.91882, 36.8879693], [26.9188535, 36.887831], [26.9190386, 36.8878975], [26.9188055, 36.8880139], [26.9188374, 36.8881645], [26.9186725, 36.8882246], [26.9187663, 36.888289], [26.9186349, 36.8882933], [26.9187248, 36.8883619], [26.9184726, 36.8883705], [26.9187891, 36.8885217], [26.9184311, 36.8886301], [26.9188254, 36.8888242], [26.9190949, 36.888836], [26.9203073, 36.8886848], [26.920723, 36.8887888], [26.9208209, 36.8889229], [26.921124, 36.8890323], [26.9222385, 36.8892565], [26.9227575, 36.8891385], [26.9230807, 36.8891825], [26.9236211, 36.8888875], [26.9227454, 36.8883651], [26.9221714, 36.8875821], [26.9220534, 36.8872121]]]}}, {"type": "Feature", "properties": {}, "geometry": {"type": "Polygon", "coordinates": [[[26.9134399, 36.9768654], [26.9137203, 36.976495], [26.9139637, 36.9764359], [26.9139714, 36.9763264], [26.9141578, 36.9763522], [26.914204, 36.9761873], [26.9140731, 36.9761713], [26.9142225, 36.9761221], [26.9140423, 36.9760322], [26.9141563, 36.9759313], [26.9140269, 36.9758206], [26.9140962, 36.9756237], [26.9135301, 36.9751547], [26.9134778, 36.9748644], [26.9131358, 36.9749201], [26.9128112, 36.9747219], [26.9127402, 36.9744487], [26.9126114, 36.9744476], [26.9124787, 36.9741733], [26.9118161, 36.9741765], [26.9115466, 36.9743801], [26.9110651, 36.9743362], [26.9109887, 36.9744262], [26.9110866, 36.974514], [26.9108599, 36.9746501], [26.9105059, 36.9745901], [26.9102685, 36.9747176], [26.9100741, 36.9745804], [26.9097361, 36.9746276], [26.909712, 36.9744808], [26.9093136, 36.9747379], [26.9092278, 36.9746844], [26.9085546, 36.9748815], [26.9080415, 36.9748846], [26.9083124, 36.975326], [26.9091492, 36.9759732], [26.9092672, 36.9762774], [26.9095167, 36.9765496], [26.9099458, 36.9765988], [26.9108926, 36.9777302], [26.9113701, 36.9779852], [26.9117779, 36.9781053], [26.9118732, 36.9780314], [26.9119965, 36.9781589], [26.9126635, 36.978357], [26.9128391, 36.9782364], [26.9125803, 36.9782401], [26.9124755, 36.9780666], [26.9126096, 36.9781306], [26.9129054, 36.9779127], [26.9128052, 36.9776112], [26.9128946, 36.9776395], [26.9128345, 36.9774303], [26.9129131, 36.9774685], [26.9128591, 36.9772839], [26.9129408, 36.977066], [26.9128391, 36.976927], [26.9134399, 36.9768654]]]}}, {"type": "Feature", "properties": {}, "geometry": {"type": "Polygon", "coordinates": [[[26.8909299, 37.0105607], [26.8909454, 37.0104485], [26.8903846, 37.0105935], [26.890348, 37.0106941], [26.8901326, 37.0106422], [26.8897057, 37.010772], [26.8891406, 37.0107591], [26.8891592, 37.0108261], [26.8888862, 37.0109053], [26.8883577, 37.0107381], [26.8883455, 37.0106309], [26.8878191, 37.0106374], [26.8876463, 37.0108257], [26.8869267, 37.0109978], [26.8869775, 37.0111276], [26.8866909, 37.0112786], [26.8864063, 37.0109799], [26.886264, 37.0110611], [26.8859286, 37.0110124], [26.885768, 37.0111082], [26.8854956, 37.0110611], [26.8851623, 37.011212], [26.8847476, 37.0118159], [26.8845159, 37.0119035], [26.8838604, 37.0124785], [26.8839304, 37.0125901], [26.8841012, 37.0125641], [26.8841703, 37.0128011], [26.8847842, 37.0132101], [26.8850993, 37.0132491], [26.885644, 37.0135137], [26.8859124, 37.0134536], [26.8861522, 37.0137799], [26.886451, 37.013749], [26.8865893, 37.013887], [26.8868718, 37.0138496], [26.886947, 37.0141662], [26.8868657, 37.0144599], [26.8871218, 37.0145622], [26.8873251, 37.0147992], [26.8874613, 37.0147992], [26.8875772, 37.0150816], [26.8877296, 37.0151822], [26.887907, 37.0150237], [26.8883317, 37.014922], [26.8883599, 37.0146254], [26.8888604, 37.0145167], [26.8891443, 37.0147405], [26.8894003, 37.0152214], [26.8896097, 37.0153837], [26.8895812, 37.0154535], [26.8897256, 37.0154892], [26.8896971, 37.0156467], [26.8895093, 37.015817], [26.8896728, 37.0160613], [26.8906231, 37.0163111], [26.8910154, 37.016313], [26.8912839, 37.0162943], [26.8917369, 37.0160184], [26.891863, 37.0160296], [26.8921119, 37.0164104], [26.8924257, 37.0164682], [26.8925437, 37.0163847], [26.8927717, 37.0168537], [26.8929353, 37.0168301], [26.8933082, 37.0165153], [26.8935817, 37.0164639], [26.8935442, 37.0164018], [26.89374, 37.0162112], [26.8941075, 37.016239], [26.894322, 37.0158771], [26.8944897, 37.0162016], [26.894892, 37.0164297], [26.8951012, 37.0163258], [26.8952125, 37.0160302], [26.8956926, 37.0163718], [26.8962666, 37.0162904], [26.8969506, 37.0164361], [26.8972993, 37.0162069], [26.8976453, 37.0157936], [26.898509, 37.0155473], [26.8986297, 37.0153417], [26.8985331, 37.0151682], [26.8987665, 37.0151511], [26.8987718, 37.015029], [26.8990079, 37.0153545], [26.8992332, 37.0152496], [26.899378, 37.0150333], [26.8994558, 37.0155366], [26.8996918, 37.0159264], [26.8997106, 37.0162626], [26.8999118, 37.0165282], [26.900526, 37.016012], [26.9017222, 37.0158878], [26.9025511, 37.0155634], [26.9027013, 37.0159242], [26.903125, 37.0162112], [26.9032967, 37.0167081], [26.9043937, 37.0163547], [26.9051233, 37.0169865], [26.9055176, 37.0170186], [26.9058663, 37.0168259], [26.9061398, 37.0171278], [26.9067433, 37.0172628], [26.9073629, 37.0171407], [26.9074513, 37.0170424], [26.9078431, 37.0171171], [26.9084734, 37.0170486], [26.9087362, 37.0172713], [26.9093129, 37.0173463], [26.9098306, 37.0169415], [26.9101819, 37.0163804], [26.9102034, 37.0161459], [26.9105548, 37.0161395], [26.9106084, 37.0159296], [26.9111904, 37.0158225], [26.9113004, 37.0156694], [26.91146, 37.016133], [26.9117349, 37.0162722], [26.9116598, 37.0163558], [26.9117698, 37.0165239], [26.9124001, 37.0169351], [26.9125088, 37.0168034], [26.912663, 37.0168184], [26.9129741, 37.0166096], [26.9140215, 37.0163579], [26.9140725, 37.0161876], [26.9138002, 37.0155912], [26.9138096, 37.0152325], [26.9141543, 37.0149605], [26.9145137, 37.0148769], [26.9156027, 37.0135469], [26.9161525, 37.013185], [26.9161794, 37.0130586], [26.9169492, 37.0127545], [26.9170108, 37.0126517], [26.9169143, 37.0124397], [26.9171315, 37.0125018], [26.9172442, 37.0123304], [26.9176277, 37.0123711], [26.9179255, 37.0122276], [26.9179523, 37.0121334], [26.9181642, 37.0121698], [26.9182983, 37.0120456], [26.9190198, 37.0118507], [26.9195536, 37.0114973], [26.9195026, 37.0113388], [26.9196931, 37.0113581], [26.9199559, 37.0111418], [26.9201329, 37.0111717], [26.9201598, 37.0110132], [26.9202939, 37.0110604], [26.9205755, 37.0107862], [26.9209671, 37.0107627], [26.9211656, 37.0104971], [26.9214794, 37.0105613], [26.9219354, 37.0103686], [26.9221124, 37.01027], [26.9220749, 37.0101223], [26.9222304, 37.0101779], [26.9227642, 37.0097539], [26.9230324, 37.0094047], [26.9230083, 37.0092976], [26.9234723, 37.008775], [26.9233194, 37.0086615], [26.9232577, 37.0075713], [26.9234776, 37.0074385], [26.9240114, 37.0074792], [26.9240013, 37.0073443], [26.9243279, 37.0067252], [26.9242743, 37.0065882], [26.9239806, 37.0065357], [26.9240576, 37.0061945], [26.9242084, 37.0061011], [26.9243353, 37.00614], [26.9243728, 37.0060007], [26.9241925, 37.0059831], [26.9240664, 37.0058374], [26.9241334, 37.0057667], [26.9239672, 37.0057217], [26.923924, 37.0050504], [26.924352, 37.0044548], [26.9246817, 37.0044888], [26.9248523, 37.0039289], [26.9247651, 37.0037022], [26.9248335, 37.0035798], [26.9247134, 37.0032098], [26.9245066, 37.0031857], [26.9245215, 37.0028717], [26.9245599, 37.0027705], [26.9248168, 37.0028213], [26.9245785, 37.0027433], [26.9243963, 37.0025495], [26.9244715, 37.0019641], [26.9242501, 37.0013831], [26.9238578, 37.000741], [26.9240769, 37.0006136], [26.9238313, 37.0007138], [26.9231013, 36.9996481], [26.9230096, 36.9993808], [26.922441, 36.9986894], [26.9225577, 36.9985695], [26.9224105, 36.9986629], [26.9223238, 36.9985916], [26.9223484, 36.9984465], [26.9221901, 36.9985188], [26.9221072, 36.9984607], [26.9222092, 36.9983722], [26.9223248, 36.998418], [26.9221737, 36.9983164], [26.9219929, 36.9983551], [26.9217847, 36.998174], [26.9219656, 36.9979443], [26.9217348, 36.9981371], [26.9211738, 36.997532], [26.9213404, 36.9974012], [26.9211211, 36.9973839], [26.9204802, 36.9965068], [26.920507, 36.9959379], [26.9207918, 36.9955804], [26.9210449, 36.9959336], [26.9210486, 36.9961486], [26.9215084, 36.9963881], [26.9210933, 36.9961127], [26.9210734, 36.9959286], [26.9208094, 36.9955618], [26.9215679, 36.9946856], [26.9214888, 36.9943707], [26.9207391, 36.9933317], [26.9207083, 36.992643], [26.9206452, 36.9922938], [26.9205504, 36.9922755], [26.9206426, 36.9920003], [26.9204079, 36.99165], [26.9201678, 36.9914925], [26.919284, 36.9912044], [26.9186282, 36.9907599], [26.9175969, 36.9907149], [26.9165656, 36.9904289], [26.9163027, 36.9904963], [26.9159889, 36.9904386], [26.9157904, 36.9907084], [26.9156805, 36.9907256], [26.9157556, 36.9908884], [26.915659, 36.9909677], [26.9158052, 36.9912237], [26.9160546, 36.9913062], [26.9159272, 36.9913447], [26.9160466, 36.9915322], [26.916398, 36.9916639], [26.9168177, 36.9923023], [26.9178048, 36.9929129], [26.9179856, 36.9930664], [26.917976, 36.9931827], [26.9178786, 36.9932522], [26.9175956, 36.9931614], [26.9173139, 36.9932085], [26.9171557, 36.9931014], [26.9170108, 36.9931378], [26.9170538, 36.9932128], [26.9168097, 36.9931978], [26.9163457, 36.9933821], [26.9153599, 36.9926548], [26.9148678, 36.9924416], [26.9152232, 36.9930061], [26.9151252, 36.9932878], [26.9152768, 36.993531], [26.9157247, 36.9936606], [26.9159326, 36.9936274], [26.9160131, 36.9937987], [26.9161874, 36.9938801], [26.9158494, 36.994043], [26.9159836, 36.9940708], [26.915895, 36.9941865], [26.9160426, 36.9942711], [26.9158843, 36.9942443], [26.9157596, 36.9943397], [26.9160412, 36.9944639], [26.9161257, 36.9946042], [26.9163752, 36.9945946], [26.9165066, 36.994766], [26.9166917, 36.9947703], [26.9167306, 36.9949277], [26.9171932, 36.9950884], [26.9171986, 36.9953679], [26.9174534, 36.9957771], [26.9174078, 36.9958221], [26.9178142, 36.9957021], [26.9182152, 36.9962345], [26.9185464, 36.9963154], [26.9184785, 36.9967255], [26.9182342, 36.9969808], [26.9183112, 36.9973641], [26.9185545, 36.9976742], [26.9184806, 36.9980752], [26.9182633, 36.9984429], [26.9172294, 36.9992753], [26.916182, 36.999829], [26.9161646, 36.9997369], [26.9159219, 36.9998258], [26.9158038, 36.9997166], [26.9156885, 36.9998012], [26.9155088, 36.9996759], [26.9153921, 36.9997273], [26.915427, 36.9998601], [26.9152607, 36.9999051], [26.9149844, 36.9996255], [26.9147672, 36.9996362], [26.9147927, 36.999784], [26.9147095, 36.9998205], [26.9146585, 36.9996416], [26.9144735, 36.999738], [26.9143555, 36.9996202], [26.9143689, 36.9998504], [26.9141328, 36.9998097], [26.914157, 36.9999501], [26.9137654, 36.9998708], [26.9134355, 37.00007], [26.912891, 37.0001578], [26.9121748, 37.000055], [26.9118986, 37.0001129], [26.9113407, 37.000582], [26.9102584, 37.0009697], [26.9098668, 37.0009022], [26.9096428, 37.0007212], [26.9094712, 37.0007309], [26.9094872, 37.0006548], [26.9092271, 37.000658], [26.908873, 37.0003089], [26.9088127, 37.0004202], [26.9085498, 37.0004363], [26.9085713, 37.0005745], [26.9083808, 37.0005402], [26.9081247, 37.0006998], [26.9083205, 37.0008283], [26.9082172, 37.0010029], [26.9083486, 37.0011357], [26.9082521, 37.0011978], [26.9083661, 37.0012589], [26.9083031, 37.0013049], [26.9083929, 37.0014667], [26.9082722, 37.0018105], [26.907725, 37.0019968], [26.907725, 37.00209], [26.9074984, 37.0022057], [26.9072288, 37.0021746], [26.9071122, 37.0020343], [26.9070277, 37.0020761], [26.9071296, 37.002165], [26.9067433, 37.0022024], [26.906632, 37.0020204], [26.9064094, 37.0019625], [26.9064805, 37.0020236], [26.9063571, 37.0021548], [26.9060379, 37.0020557], [26.9061238, 37.0021071], [26.9060245, 37.0021928], [26.906164, 37.0022485], [26.9060406, 37.0023835], [26.9058716, 37.0023877], [26.9059494, 37.0024541], [26.9058267, 37.0025227], [26.9046146, 37.0026892], [26.9037272, 37.0031117], [26.903227, 37.0031032], [26.9032551, 37.0031781], [26.903121, 37.0031942], [26.9030406, 37.0031085], [26.9029118, 37.0030903], [26.9028743, 37.0031889], [26.9027643, 37.0030989], [26.9028676, 37.0032371], [26.9028461, 37.0034448], [26.9020455, 37.0036751], [26.9020213, 37.003825], [26.9017652, 37.004005], [26.9018121, 37.004111], [26.9017048, 37.0041206], [26.9017571, 37.0041881], [26.9016713, 37.0042727], [26.9011644, 37.0045458], [26.9009806, 37.0045287], [26.901096, 37.0045972], [26.9010209, 37.0047022], [26.9005622, 37.0047536], [26.9004039, 37.0049142], [26.9001076, 37.0049474], [26.8999265, 37.0047054], [26.8998474, 37.0047429], [26.8999185, 37.0049474], [26.8997924, 37.0048821], [26.8994571, 37.004956], [26.8993391, 37.0047793], [26.8992385, 37.0048286], [26.8989757, 37.0045715], [26.8987624, 37.0047215], [26.8986873, 37.0046058], [26.8986377, 37.0051188], [26.8984526, 37.0051209], [26.8985935, 37.0053673], [26.8984929, 37.005378], [26.8985867, 37.0055525], [26.8984768, 37.0055536], [26.898458, 37.005711], [26.898171, 37.0058031], [26.8981965, 37.005726], [26.8977164, 37.0056586], [26.8977687, 37.0055857], [26.8976372, 37.00556], [26.8973315, 37.0057367], [26.8967213, 37.005779], [26.8965235, 37.0057046], [26.8964919, 37.0058106], [26.8963686, 37.0058256], [26.8963847, 37.0059263], [26.8961915, 37.0058428], [26.896036, 37.0059263], [26.8961245, 37.0061084], [26.8958724, 37.0062005], [26.8958777, 37.006329], [26.8955746, 37.0063418], [26.895301, 37.0065218], [26.8950596, 37.0065325], [26.894955, 37.0066524], [26.8944669, 37.0067916], [26.8942496, 37.0069812], [26.8943046, 37.0070883], [26.8942402, 37.0071483], [26.8937051, 37.0070583], [26.8934771, 37.0071343], [26.893732, 37.0071954], [26.893398, 37.0073817], [26.8934275, 37.0074985], [26.8932773, 37.007507], [26.8933551, 37.0076623], [26.8926302, 37.0079033], [26.8923426, 37.0081732], [26.8923747, 37.0083916], [26.8920904, 37.0086315], [26.8917163, 37.0087204], [26.8912214, 37.0090192], [26.8906072, 37.0089785], [26.8906085, 37.0091113], [26.8908915, 37.0090963], [26.8910658, 37.0092602], [26.8913877, 37.0093405], [26.891444, 37.0095482], [26.8918598, 37.0095739], [26.8917391, 37.0096746], [26.891849, 37.0098138], [26.8917378, 37.0099032], [26.8917643, 37.010142], [26.8915266, 37.010295], [26.8914201, 37.0105326], [26.8911767, 37.0106357], [26.8910747, 37.0105243], [26.8909299, 37.0105607]]]}}, {"type": "Feature", "properties": {}, "geometry": {"type": "Polygon", "coordinates": [[[26.8882324, 37.0054769], [26.8883538, 37.00538], [26.8883958, 37.0051152], [26.8886011, 37.0048073], [26.8885357, 37.0046171], [26.8882391, 37.0043318], [26.8874476, 37.004067], [26.8865439, 37.0044511], [26.8852176, 37.0045947], [26.8847296, 37.0045574], [26.8848861, 37.0044511], [26.8846105, 37.0044847], [26.88437, 37.0043616], [26.8840571, 37.0043635], [26.8840548, 37.0044623], [26.8838774, 37.0045239], [26.8839778, 37.0044325], [26.8837933, 37.0042404], [26.8830368, 37.0042236], [26.8828663, 37.0043523], [26.8828523, 37.004481], [26.8827589, 37.0043542], [26.8825698, 37.004315], [26.8823363, 37.0044325], [26.8823526, 37.0045052], [26.8814403, 37.0048181], [26.8813142, 37.0049359], [26.8815476, 37.0051694], [26.8821779, 37.0054436], [26.8831998, 37.0056256], [26.883983, 37.00542], [26.8847099, 37.0053879], [26.8858874, 37.0054543], [26.8871776, 37.0057284], [26.8878803, 37.00539], [26.8882324, 37.0054769]]]}}, {"type": "Feature", "properties": {}, "geometry": {"type": "Polygon", "coordinates": [[[26.8881167, 37.0061615], [26.8887774, 37.0061047], [26.8885985, 37.0056989], [26.8884684, 37.0057167], [26.8884684, 37.0058563], [26.8880842, 37.0060706], [26.8881167, 37.0061615]]]}}, {"type": "Feature", "properties": {}, "geometry": {"type": "Polygon", "coordinates": [[[26.8893099, 37.0069991], [26.8892144, 37.006965], [26.8895742, 37.0065738], [26.8895173, 37.0064732], [26.8891046, 37.0064992], [26.8889278, 37.0060901], [26.8888119, 37.0060933], [26.8886778, 37.006306], [26.8885009, 37.0063287], [26.8882631, 37.0065446], [26.8883607, 37.00678], [26.8882163, 37.0068871], [26.8883546, 37.0070852], [26.8886371, 37.0069034], [26.8885985, 37.0071955], [26.8889075, 37.007228], [26.8893099, 37.0069991]]]}}, {"type": "Feature", "properties": {}, "geometry": {"type": "Polygon", "coordinates": [[[26.9115954, 37.0473345], [26.9116079, 37.0474708], [26.911851, 37.0476215], [26.9119026, 37.0475727], [26.911925, 37.0476625], [26.911925, 37.0474872], [26.9122528, 37.0476197], [26.912299, 37.0473996], [26.9126584, 37.0472076], [26.9124808, 37.0470899], [26.9124594, 37.0469049], [26.9121382, 37.0468318], [26.912187, 37.0469665], [26.9119289, 37.0470006], [26.9120578, 37.0470957], [26.9115907, 37.0471331], [26.9117601, 37.0472147], [26.9115954, 37.0473345]]]}}, {"type": "Feature", "properties": {}, "geometry": {"type": "Polygon", "coordinates": [[[26.8878418, 37.0865383], [26.8888557, 37.0863885], [26.8889671, 37.0865075], [26.8889068, 37.0865894], [26.889016, 37.0865195], [26.8891534, 37.0867287], [26.8893519, 37.0872272], [26.8896121, 37.0873128], [26.8899447, 37.0871738], [26.8900654, 37.0869641], [26.890553, 37.0868598], [26.8906179, 37.0867544], [26.8910363, 37.086626], [26.8911168, 37.0865404], [26.8910739, 37.0863286], [26.891208, 37.0862259], [26.890288, 37.085883], [26.8900788, 37.0856439], [26.8901271, 37.0852202], [26.8902853, 37.0849677], [26.8896724, 37.0838005], [26.8891092, 37.0831875], [26.8890381, 37.0824739], [26.8892044, 37.081787], [26.8891145, 37.0816939], [26.8884802, 37.0817945], [26.8879826, 37.0821743], [26.8877533, 37.0825391], [26.8877359, 37.0827071], [26.8878981, 37.0829575], [26.8877882, 37.0830537], [26.8878271, 37.083119], [26.886903, 37.0842766], [26.8870103, 37.0844071], [26.8868172, 37.0847752], [26.8869567, 37.0849506], [26.886903, 37.0850319], [26.8870345, 37.0851753], [26.8870425, 37.0854128], [26.8873215, 37.085691], [26.8872987, 37.0858215], [26.8873912, 37.0859178], [26.8873563, 37.0867415], [26.8878418, 37.0865383]]]}}, {"type": "Feature", "properties": {}, "geometry": {"type": "Polygon", "coordinates": [[[26.8867805, 37.0911087], [26.8864533, 37.0905717], [26.8864249, 37.0897666], [26.8865671, 37.0894393], [26.8864839, 37.0893344], [26.88661, 37.0885941], [26.8869613, 37.0877383], [26.886956, 37.0873981], [26.8868353, 37.0872654], [26.8865697, 37.0872355], [26.8863874, 37.0874773], [26.8856676, 37.0878212], [26.8854941, 37.0883266], [26.8855331, 37.0888178], [26.885257, 37.0893543], [26.8848439, 37.0896456], [26.884382, 37.0896442], [26.8841237, 37.0897599], [26.88386, 37.0899731], [26.8838405, 37.0901735], [26.8839573, 37.0903062], [26.8844336, 37.090424], [26.8850747, 37.0907471], [26.8852356, 37.0910274], [26.8856782, 37.0911494], [26.8858659, 37.0913719], [26.8859598, 37.0916864], [26.8861958, 37.0918147], [26.8862951, 37.0917912], [26.8862602, 37.0916521], [26.8866974, 37.091543], [26.8867805, 37.0911087]]]}}, {"type": "Feature", "properties": {}, "geometry": {"type": "Polygon", "coordinates": [[[26.8910224, 37.0948232], [26.890099, 37.095328], [26.889927, 37.0953245], [26.8900324, 37.0954339], [26.889777, 37.0954127], [26.8897503, 37.0955027], [26.8892213, 37.0957264], [26.8892178, 37.0958093], [26.8892987, 37.0959615], [26.8894273, 37.0959642], [26.8894205, 37.0961558], [26.8895697, 37.0963647], [26.8899654, 37.0965675], [26.8909343, 37.0966195], [26.8929906, 37.0957077], [26.8934931, 37.0952419], [26.8941681, 37.0948882], [26.894431, 37.0945559], [26.8943567, 37.0944176], [26.8941585, 37.0943724], [26.891702, 37.0944505], [26.8912065, 37.0946312], [26.8910224, 37.0948232]]]}}, {"type": "Feature", "properties": {}, "geometry": {"type": "Polygon", "coordinates": [[[26.9040948, 37.1177053], [26.9046314, 37.1174865], [26.9049959, 37.1174963], [26.9066515, 37.1191033], [26.9072904, 37.1195932], [26.9078229, 37.11975], [26.9083389, 37.1194887], [26.9092154, 37.1184894], [26.9093956, 37.1175684], [26.9091335, 37.1166082], [26.9091663, 37.1161183], [26.9100673, 37.1150977], [26.91001, 37.1147449], [26.9098461, 37.1144902], [26.9092973, 37.1142681], [26.9088714, 37.1139088], [26.9076754, 37.1139088], [26.9049723, 37.1131968], [26.9038255, 37.1133928], [26.9033258, 37.1138566], [26.9031293, 37.1151173], [26.9026705, 37.1157574], [26.9020429, 37.1161018], [26.9012647, 37.1162193], [26.9007241, 37.1165949], [26.9008961, 37.1173134], [26.9011992, 37.1176204], [26.9022354, 37.1177576], [26.902776, 37.1186753], [26.9040948, 37.1177053]]]}}, {"type": "Feature", "properties": {}, "geometry": {"type": "Polygon", "coordinates": [[[26.888743, 37.1432391], [26.8884277, 37.1432783], [26.8879403, 37.1431836], [26.886388, 37.1421029], [26.886003, 37.1417308], [26.885661, 37.1409571], [26.8852853, 37.1409449], [26.8845827, 37.1418727], [26.8844783, 37.142214], [26.8845245, 37.142436], [26.8847293, 37.1426939], [26.8843677, 37.1431321], [26.8842639, 37.1438749], [26.8844475, 37.1442313], [26.884676, 37.1443262], [26.8852969, 37.1449618], [26.8859746, 37.145151], [26.8866986, 37.1450864], [26.8871766, 37.1449416], [26.8879207, 37.1436875], [26.8883949, 37.1433827], [26.8887676, 37.1433762], [26.8891813, 37.1435786], [26.8898079, 37.1442479], [26.8900454, 37.144372], [26.8904591, 37.1443099], [26.8907048, 37.1440357], [26.8906721, 37.1438202], [26.890197, 37.143546], [26.8891608, 37.1434154], [26.888743, 37.1432391]]]}}, {"type": "Feature", "properties": {}, "geometry": {"type": "Polygon", "coordinates": [[[26.9452833, 36.6843025], [26.9453753, 36.6848077], [26.9455735, 36.6848957], [26.9453647, 36.6842486], [26.9452833, 36.6843025]]]}}, {"type": "Feature", "properties": {}, "geometry": {"type": "Polygon", "coordinates": [[[26.9841658, 36.7195204], [26.9840737, 36.7196821], [26.9845409, 36.7197332], [26.9843675, 36.7194892], [26.9841658, 36.7195204]]]}}, {"type": "Feature", "properties": {}, "geometry": {"type": "Polygon", "coordinates": [[[26.9878357, 36.75048], [26.9887537, 36.7504425], [26.9886445, 36.7503137], [26.9884505, 36.7503592], [26.9884713, 36.7502927], [26.9882737, 36.7502566], [26.9881149, 36.7500823], [26.9881907, 36.7499768], [26.9886955, 36.7498112], [26.9886335, 36.7497371], [26.9887282, 36.7495139], [26.9889188, 36.7495013], [26.9887677, 36.7493811], [26.9888816, 36.7492925], [26.9885444, 36.7490151], [26.9882027, 36.7490214], [26.9880685, 36.7489013], [26.9878531, 36.7491019], [26.9875384, 36.7491949], [26.987658, 36.7493097], [26.987402, 36.7493215], [26.9873997, 36.7495284], [26.9876967, 36.7498438], [26.9876572, 36.749924], [26.9873711, 36.7498664], [26.9873415, 36.749994], [26.9872216, 36.7499963], [26.9873457, 36.750029], [26.987106, 36.7501036], [26.9872104, 36.7501939], [26.9873922, 36.7501657], [26.9878357, 36.75048]]]}}, {"type": "Feature", "properties": {}, "geometry": {"type": "Polygon", "coordinates": [[[26.9348194, 36.9114617], [26.9340402, 36.9110735], [26.9333308, 36.9110191], [26.9330407, 36.9107696], [26.9327743, 36.9107616], [26.9327832, 36.9108737], [26.9323531, 36.9108302], [26.9325689, 36.9107635], [26.932543, 36.9106635], [26.9322666, 36.9104835], [26.9318302, 36.9103825], [26.931449, 36.9104608], [26.9313495, 36.9105886], [26.9311053, 36.9105617], [26.9311818, 36.9107315], [26.9300694, 36.9108671], [26.9300433, 36.9107984], [26.9299111, 36.9109413], [26.930349, 36.91113], [26.9304701, 36.9112728], [26.93034, 36.9112808], [26.9303735, 36.9113478], [26.9307541, 36.9114081], [26.9308586, 36.9115615], [26.9308035, 36.9116669], [26.9310304, 36.9117227], [26.9308976, 36.9117464], [26.9309166, 36.9118857], [26.9313344, 36.9119215], [26.9312987, 36.9120298], [26.9309414, 36.9120495], [26.9309361, 36.9122642], [26.9312179, 36.9123197], [26.9310259, 36.9124363], [26.9311306, 36.9126066], [26.9315166, 36.9127386], [26.9326905, 36.9135902], [26.933259, 36.9137374], [26.9331451, 36.9138623], [26.9343372, 36.9144056], [26.9360616, 36.9148495], [26.9362833, 36.9150031], [26.936878, 36.915071], [26.9370142, 36.9149888], [26.9373581, 36.9151728], [26.9376062, 36.9151439], [26.9379307, 36.9152479], [26.9379441, 36.9153551], [26.9380635, 36.9152597], [26.9383237, 36.9153219], [26.9384605, 36.9154741], [26.9387367, 36.9154462], [26.9389285, 36.9155867], [26.9390063, 36.9154988], [26.9390921, 36.9155653], [26.939123, 36.915473], [26.9392718, 36.9156114], [26.9398338, 36.9155427], [26.9399706, 36.9156414], [26.9403514, 36.915635], [26.9404614, 36.915547], [26.9405606, 36.9156285], [26.9407631, 36.9155964], [26.9408436, 36.9157443], [26.9409482, 36.915621], [26.9410971, 36.915725], [26.9415195, 36.9155942], [26.9415866, 36.9157282], [26.9420116, 36.9157327], [26.9419916, 36.9158462], [26.9420935, 36.915858], [26.9421646, 36.9160445], [26.9422343, 36.9159909], [26.9423054, 36.9160885], [26.9426367, 36.9161057], [26.942744, 36.916037], [26.9428687, 36.9161453], [26.9429786, 36.9161164], [26.9429666, 36.9162493], [26.9434333, 36.9162987], [26.9435808, 36.9165732], [26.9436827, 36.9165549], [26.9435661, 36.9169699], [26.9434547, 36.9170181], [26.9434507, 36.9171329], [26.9432563, 36.9171897], [26.943448, 36.9173741], [26.9433501, 36.91758], [26.9434574, 36.9176207], [26.9435835, 36.9175006], [26.9437109, 36.9176636], [26.9440582, 36.9176808], [26.9440287, 36.9178931], [26.9438061, 36.9179681], [26.9439684, 36.9182362], [26.9442433, 36.9181804], [26.9441655, 36.9180207], [26.944309, 36.9181504], [26.9443198, 36.9183359], [26.9446912, 36.9182941], [26.9449836, 36.9181504], [26.9449863, 36.9179392], [26.9467865, 36.9177431], [26.9469309, 36.9178255], [26.9471736, 36.9177805], [26.9472273, 36.9176143], [26.9474123, 36.9175264], [26.9472568, 36.9174277], [26.9473238, 36.9173956], [26.9471079, 36.9174063], [26.9470073, 36.9171661], [26.9469336, 36.9171704], [26.9469805, 36.9170278], [26.9464374, 36.9169699], [26.9464011, 36.9167908], [26.9462576, 36.9167297], [26.9463783, 36.91666], [26.9462335, 36.916616], [26.9462952, 36.9165249], [26.9461209, 36.9163834], [26.9456662, 36.9162654], [26.9455576, 36.9163319], [26.9453725, 36.9161571], [26.9453497, 36.9159545], [26.9458486, 36.9159212], [26.9457266, 36.9153605], [26.9455764, 36.9151696], [26.9453591, 36.9150881], [26.9441763, 36.9151621], [26.9441508, 36.9150013], [26.9445088, 36.9146131], [26.944533, 36.9144759], [26.9444539, 36.9144533], [26.9445437, 36.9143354], [26.9443506, 36.9142936], [26.9442983, 36.914167], [26.9444874, 36.9141595], [26.9444324, 36.9140941], [26.9441025, 36.913959], [26.9431691, 36.9138582], [26.9424328, 36.9136138], [26.9416791, 36.913601], [26.9416634, 36.9134929], [26.9424596, 36.9131462], [26.9422786, 36.9131205], [26.9425938, 36.9129339], [26.9428338, 36.9130272], [26.9430369, 36.9129739], [26.9432408, 36.9132057], [26.943157, 36.91289], [26.9435285, 36.9126401], [26.9434507, 36.9125672], [26.9436023, 36.9124868], [26.9433984, 36.9123549], [26.9435754, 36.9123077], [26.9435929, 36.9122176], [26.9434105, 36.9121801], [26.9434802, 36.9121362], [26.9433904, 36.9120407], [26.9430873, 36.9119775], [26.9430631, 36.9120804], [26.9423336, 36.911852], [26.9421995, 36.9118713], [26.9421861, 36.9119678], [26.9419849, 36.9119528], [26.9419688, 36.9122198], [26.9418092, 36.9121404], [26.9416215, 36.9123184], [26.941321, 36.9123538], [26.9412272, 36.9122702], [26.9411708, 36.9123871], [26.9410421, 36.9123142], [26.9410059, 36.912445], [26.9405338, 36.9124482], [26.9404788, 36.9123581], [26.9396473, 36.912164], [26.9392772, 36.9121844], [26.9390734, 36.9119303], [26.939076, 36.9120579], [26.938789, 36.9121169], [26.9376464, 36.9119732], [26.9366285, 36.9121576], [26.9365011, 36.9118788], [26.9363013, 36.9119775], [26.9363415, 36.911882], [26.936202, 36.9118402], [26.9361189, 36.9119689], [26.9361162, 36.9118606], [26.9358292, 36.9117501], [26.9356495, 36.9115271], [26.9352914, 36.9114628], [26.9348757, 36.9116107], [26.9347805, 36.9115732], [26.9348194, 36.9114617]]]}}, {"type": "Feature", "properties": {}, "geometry": {"type": "Polygon", "coordinates": [[[26.9613562, 36.9254304], [26.9613731, 36.9252952], [26.9612434, 36.9253267], [26.9613562, 36.9251365], [26.9611002, 36.9250049], [26.9605566, 36.9249931], [26.9605115, 36.9251915], [26.9603671, 36.9252465], [26.9610506, 36.9254818], [26.9613562, 36.9254304]]]}}, {"type": "Feature", "properties": {}, "geometry": {"type": "Polygon", "coordinates": [[[26.9378848, 36.9327699], [26.9379992, 36.9326467], [26.937896, 36.9324202], [26.9380519, 36.9324227], [26.9381791, 36.9322995], [26.9381932, 36.9323835], [26.938401, 36.9323406], [26.9375238, 36.9316863], [26.9374393, 36.9317045], [26.9375533, 36.9318611], [26.9370056, 36.9318745], [26.9371827, 36.9317021], [26.9365403, 36.9317649], [26.9365111, 36.9316639], [26.9352786, 36.9316491], [26.9348519, 36.9318363], [26.9344897, 36.9321913], [26.9345924, 36.9322417], [26.9348376, 36.9327512], [26.9353186, 36.932811], [26.9358813, 36.9330797], [26.9367313, 36.9330555], [26.9374972, 36.9327923], [26.9378848, 36.9327699]]]}}, {"type": "Feature", "properties": {}, "geometry": {"type": "Polygon", "coordinates": [[[26.8867047, 37.0783136], [26.8873129, 37.0787241], [26.8881596, 37.0789488], [26.8891173, 37.0790621], [26.888842, 37.0793566], [26.8889003, 37.0796313], [26.8899512, 37.0802011], [26.8901507, 37.0801055], [26.8913025, 37.078526], [26.892356, 37.0778846], [26.8928106, 37.0773228], [26.8936376, 37.0770053], [26.894398, 37.0764046], [26.8948086, 37.075585], [26.8946758, 37.0752964], [26.8953107, 37.0752964], [26.8957169, 37.0751342], [26.8959068, 37.0748752], [26.8960919, 37.0749323], [26.8964115, 37.0746054], [26.8967259, 37.0748414], [26.8968117, 37.0747428], [26.8967908, 37.0742598], [26.8970826, 37.0741855], [26.8973677, 37.0743971], [26.8995585, 37.0739936], [26.9000441, 37.0736282], [26.9003098, 37.0735988], [26.900574, 37.0732803], [26.9006893, 37.0732673], [26.9010544, 37.0721413], [26.9018985, 37.0729534], [26.9022843, 37.074113], [26.9024348, 37.0741332], [26.9030293, 37.0738157], [26.903575, 37.0733163], [26.9040726, 37.073121], [26.9047473, 37.0730145], [26.9054711, 37.0722706], [26.9063969, 37.0710502], [26.9065212, 37.0699134], [26.9081909, 37.0691283], [26.9085793, 37.0691308], [26.9084911, 37.0688987], [26.9092641, 37.0688507], [26.9094041, 37.0689648], [26.9093266, 37.0691413], [26.9094461, 37.0694661], [26.909148, 37.0696919], [26.909092, 37.0699975], [26.9096, 37.0703001], [26.909677, 37.0706289], [26.909595, 37.0708306], [26.9097208, 37.0710003], [26.9098622, 37.0710538], [26.9107748, 37.0706931], [26.9112339, 37.0707201], [26.9110957, 37.0712219], [26.9113156, 37.0714898], [26.9115602, 37.0716003], [26.9117602, 37.0721818], [26.9121769, 37.0727634], [26.9135098, 37.0724873], [26.9137233, 37.0725254], [26.9142494, 37.0718519], [26.914816, 37.0720985], [26.9160461, 37.0721467], [26.916939, 37.0719076], [26.9185339, 37.0712064], [26.9188639, 37.0708636], [26.9191994, 37.0702654], [26.919587, 37.0702042], [26.9201637, 37.0702938], [26.9208482, 37.0700198], [26.9212275, 37.0697418], [26.9214958, 37.0692932], [26.9216406, 37.0686362], [26.9220071, 37.0682247], [26.9223825, 37.0675388], [26.9226231, 37.0675887], [26.9232225, 37.068574], [26.9236298, 37.0688072], [26.9239982, 37.0688833], [26.9243834, 37.0687559], [26.9248498, 37.0683649], [26.9255168, 37.0675954], [26.9260492, 37.0675324], [26.92652, 37.0673536], [26.9267878, 37.066989], [26.9270909, 37.0672056], [26.9279959, 37.067282], [26.9285074, 37.0670954], [26.92922, 37.0666524], [26.9295026, 37.0663683], [26.9296419, 37.0658842], [26.9299584, 37.0660335], [26.9304332, 37.0659326], [26.9312854, 37.0655754], [26.9314952, 37.0654371], [26.9316095, 37.0651654], [26.9323471, 37.0650932], [26.9326666, 37.0648607], [26.933619, 37.0652052], [26.9343096, 37.0650571], [26.9348412, 37.0654027], [26.9356581, 37.0656842], [26.9364885, 37.065299], [26.9376179, 37.0654572], [26.938706, 37.0639048], [26.9390041, 37.0639129], [26.9390124, 37.0642234], [26.939567, 37.0640837], [26.940974, 37.0629524], [26.9414958, 37.0623824], [26.9407287, 37.0615667], [26.9407608, 37.0614398], [26.9401536, 37.0612686], [26.9404135, 37.0608067], [26.9407007, 37.0606237], [26.9422397, 37.0616257], [26.9427298, 37.0615447], [26.9430082, 37.0613119], [26.9431823, 37.0607521], [26.9434886, 37.0612845], [26.9444208, 37.0613535], [26.9453141, 37.0611894], [26.9456712, 37.0605244], [26.9466211, 37.0601392], [26.9469909, 37.0598535], [26.9470333, 37.0600605], [26.9474174, 37.060176], [26.9484889, 37.0599227], [26.9495909, 37.0590696], [26.9497645, 37.0583878], [26.9499583, 37.0582741], [26.9511875, 37.0582442], [26.9520771, 37.057748], [26.9526108, 37.0578696], [26.9531762, 37.0584087], [26.9532972, 37.0586882], [26.9533545, 37.0594231], [26.953168, 37.0595959], [26.952378, 37.0597327], [26.950315, 37.0615618], [26.9485516, 37.0623187], [26.9473456, 37.0633699], [26.9470504, 37.0639586], [26.9466605, 37.0641257], [26.9467378, 37.0645685], [26.9465443, 37.0649896], [26.9467496, 37.0654142], [26.9470061, 37.0656514], [26.9474571, 37.0655596], [26.9477843, 37.0652348], [26.9485731, 37.0654122], [26.9497277, 37.065274], [26.9504535, 37.0649334], [26.9512162, 37.0640393], [26.9515542, 37.0633581], [26.9518835, 37.0630489], [26.9525595, 37.0629241], [26.9537885, 37.0634174], [26.9552053, 37.0634373], [26.9560528, 37.0633461], [26.9566037, 37.0631286], [26.958777, 37.0611575], [26.9597806, 37.0609355], [26.9598284, 37.0606669], [26.9591338, 37.0589888], [26.9596404, 37.0586876], [26.9599177, 37.0583866], [26.9598786, 37.0580225], [26.9610294, 37.0579909], [26.9619422, 37.0573575], [26.9620612, 37.0566607], [26.9632121, 37.0566607], [26.9641042, 37.05628], [26.9641351, 37.0557015], [26.9650773, 37.0564074], [26.9649583, 37.0568824], [26.9652759, 37.0571351], [26.9657023, 37.0571747], [26.966225, 37.0568861], [26.9663472, 37.056344], [26.9669218, 37.0559869], [26.9666939, 37.0550377], [26.96726, 37.0547288], [26.9676078, 37.0543798], [26.9685695, 37.0544745], [26.9693729, 37.0546968], [26.970792, 37.0536836], [26.9713873, 37.0533986], [26.9723397, 37.0534619], [26.9728159, 37.053842], [26.9732343, 37.0531179], [26.9736886, 37.0534197], [26.9741929, 37.0532399], [26.9750887, 37.0526641], [26.9751611, 37.0523558], [26.9758853, 37.05172], [26.9758612, 37.0514546], [26.9756547, 37.0511892], [26.9756493, 37.0509944], [26.9755474, 37.0509515], [26.9755796, 37.0507589], [26.9755045, 37.0507717], [26.9756091, 37.0506219], [26.975534, 37.0503115], [26.975652, 37.0498898], [26.9755876, 37.0498705], [26.9757271, 37.0497249], [26.9756198, 37.0496821], [26.9757995, 37.0496564], [26.9760382, 37.0493953], [26.9762608, 37.0494209], [26.9763949, 37.0493182], [26.9768134, 37.0493182], [26.9770199, 37.0494766], [26.9774088, 37.0493396], [26.9784227, 37.0493717], [26.9786507, 37.0491148], [26.9786212, 37.0488986], [26.9788492, 37.0487488], [26.9788009, 37.0484726], [26.9786534, 37.0483955], [26.9786024, 37.0481237], [26.9786668, 37.0481023], [26.9784951, 37.0478454], [26.9786319, 37.0476206], [26.9789726, 37.0475992], [26.9793534, 37.0474386], [26.9794795, 37.047231], [26.9793078, 37.0470233], [26.9794929, 37.0468949], [26.9796672, 37.0468435], [26.9801286, 37.0470918], [26.9800562, 37.0468563], [26.9804156, 37.0467942], [26.9805148, 37.0466637], [26.9805604, 37.0467193], [26.9806918, 37.0465545], [26.9806248, 37.0464325], [26.9808716, 37.0463404], [26.9817191, 37.0463083], [26.9824728, 37.0455504], [26.9826794, 37.0458245], [26.9830871, 37.0459422], [26.9831514, 37.0462098], [26.9833285, 37.0463918], [26.9837576, 37.0465202], [26.9837415, 37.0466915], [26.9838971, 37.0467514], [26.9840232, 37.0470833], [26.9842645, 37.0472245], [26.9843772, 37.0472096], [26.9844362, 37.0470597], [26.9846132, 37.0470683], [26.9848466, 37.0466765], [26.9850934, 37.0465481], [26.9856968, 37.0463789], [26.9860107, 37.0464667], [26.9859248, 37.0462633], [26.9861662, 37.0460385], [26.9860589, 37.0458844], [26.9860938, 37.0456532], [26.986303, 37.0455012], [26.9862118, 37.0453556], [26.9863218, 37.0453492], [26.986354, 37.0451437], [26.9866919, 37.0450302], [26.987097, 37.0450709], [26.9873679, 37.044921], [26.9879687, 37.0451287], [26.9879284, 37.0447776], [26.9880116, 37.04454], [26.9883335, 37.0444244], [26.9883093, 37.0439705], [26.9894412, 37.0439213], [26.9899803, 37.0433282], [26.9900286, 37.0434353], [26.9901654, 37.0433646], [26.9901493, 37.0432619], [26.9899522, 37.0432405], [26.9899455, 37.0431537], [26.9903746, 37.0425853], [26.9906589, 37.0426132], [26.9906348, 37.0425447], [26.9911498, 37.0424505], [26.9911176, 37.0423777], [26.9913, 37.0422043], [26.9912624, 37.0419837], [26.991941, 37.041806], [26.9918928, 37.0416605], [26.9920188, 37.0415727], [26.9928262, 37.0410931], [26.9932848, 37.0409989], [26.9933358, 37.0404187], [26.9934833, 37.0402453], [26.9933894, 37.0401275], [26.993545, 37.040089], [26.9934913, 37.0398385], [26.9937006, 37.0397379], [26.9936684, 37.0396651], [26.9940251, 37.0391727], [26.99406, 37.038905], [26.9942129, 37.0387894], [26.9941834, 37.0386545], [26.9940895, 37.0386374], [26.9941914, 37.0384062], [26.9941276, 37.0382111], [26.9942316, 37.0381728], [26.994355, 37.0377232], [26.9942397, 37.0376461], [26.9943657, 37.0376418], [26.9943416, 37.0375712], [26.9945455, 37.0374812], [26.9945133, 37.0374173], [26.9943631, 37.0373271], [26.9942611, 37.037387], [26.9943228, 37.0373228], [26.9942424, 37.0372971], [26.9934994, 37.0372072], [26.9917157, 37.0371387], [26.9894385, 37.0374641], [26.9887814, 37.0376375], [26.9869119, 37.037826], [26.9859946, 37.0381707], [26.9856486, 37.0379416], [26.9850209, 37.0377253], [26.9841868, 37.0376846], [26.9828618, 37.0378088], [26.9812953, 37.0381171], [26.9794795, 37.0387295], [26.9786346, 37.0390785], [26.9784012, 37.0393825], [26.9777656, 37.0393332], [26.9772854, 37.0394595], [26.9764593, 37.0401211], [26.9763038, 37.0404209], [26.9757459, 37.0409518], [26.9747722, 37.0414335], [26.9743565, 37.0417718], [26.9725393, 37.042094], [26.9722734, 37.0422914], [26.9721209, 37.0422497], [26.9722809, 37.0423239], [26.9720465, 37.0424671], [26.9720585, 37.0423723], [26.9719915, 37.0424458], [26.971836, 37.0423823], [26.9713819, 37.0420259], [26.9714732, 37.0419489], [26.9713566, 37.0420049], [26.9711518, 37.0416555], [26.9713576, 37.0415845], [26.9717094, 37.0410845], [26.9716803, 37.0406371], [26.9725007, 37.0404485], [26.9732572, 37.039842], [26.9733947, 37.0389204], [26.9732071, 37.0387189], [26.9737877, 37.0386715], [26.9741624, 37.0384278], [26.9744739, 37.0380553], [26.9745963, 37.0377352], [26.9745531, 37.037497], [26.9755032, 37.0372916], [26.9766794, 37.0361034], [26.9765314, 37.0353943], [26.9760602, 37.0345919], [26.9757474, 37.0343211], [26.9757684, 37.0341639], [26.975992, 37.0339416], [26.9768621, 37.0339345], [26.9770802, 37.0337575], [26.9784995, 37.0334244], [26.9795281, 37.0314926], [26.9795258, 37.0312191], [26.9798904, 37.0311028], [26.9798624, 37.0311824], [26.9801628, 37.0312267], [26.9803528, 37.0309395], [26.9816329, 37.0299176], [26.9819694, 37.029433], [26.9821929, 37.0295812], [26.9825236, 37.0296279], [26.9834869, 37.0295542], [26.9836817, 37.0296918], [26.9838456, 37.0295763], [26.983863, 37.0294172], [26.9843843, 37.0290169], [26.9850111, 37.0283532], [26.9851562, 37.0276], [26.9854521, 37.0273742], [26.9852049, 37.0271347], [26.9855281, 37.0269833], [26.9858226, 37.026578], [26.9856577, 37.0261356], [26.9859338, 37.0261476], [26.9861328, 37.0258774], [26.9863166, 37.0261643], [26.9865748, 37.0261724], [26.9868052, 37.026335], [26.9869971, 37.0262883], [26.9870631, 37.0259617], [26.988099, 37.025061], [26.9892223, 37.0248201], [26.9893064, 37.0242076], [26.9897353, 37.0237177], [26.9910219, 37.023291], [26.9912199, 37.0229696], [26.9916675, 37.0228632], [26.9914995, 37.0226098], [26.9910738, 37.022437], [26.9901642, 37.0214577], [26.9902368, 37.021089], [26.9904413, 37.0210682], [26.990725, 37.0207044], [26.9908966, 37.0206517], [26.9909757, 37.0208361], [26.9914634, 37.0207486], [26.9916356, 37.0209362], [26.9918221, 37.0209595], [26.9923218, 37.0207308], [26.9932986, 37.0208614], [26.9935563, 37.0208144], [26.9936877, 37.0209673], [26.9944991, 37.0212207], [26.9951947, 37.0211314], [26.9954031, 37.0207308], [26.9958517, 37.0205569], [26.9959115, 37.0203321], [26.9968876, 37.0204884], [26.9975276, 37.0204252], [26.9977982, 37.0201302], [26.9982402, 37.0198773], [26.9999491, 37.0195402], [27.0000547, 37.0196297], [27.0002329, 37.0195349], [27.0002495, 37.019393], [27.0009607, 37.0192504], [27.0011417, 37.0191277], [27.0011, 37.0185711], [27.0009257, 37.0184497], [26.9999425, 37.0181863], [27.0002593, 37.0177385], [27.000885, 37.0173539], [27.0008777, 37.0170167], [27.0004704, 37.0163792], [27.0005034, 37.0158787], [27.0013215, 37.0162475], [27.0013941, 37.0164793], [27.0018758, 37.0162212], [27.0021727, 37.0163108], [27.0030029, 37.0161294], [27.0030436, 37.015942], [27.0034088, 37.0158464], [27.0037628, 37.0159314], [27.0039014, 37.0162844], [27.004238, 37.0162714], [27.0048251, 37.0164635], [27.0054922, 37.0168568], [27.0064483, 37.016964], [27.007254, 37.01664], [27.0073314, 37.0165156], [27.0072268, 37.0163424], [27.007405, 37.0162423], [27.007599, 37.0163856], [27.0077217, 37.0162844], [27.0073588, 37.0158103], [27.0070351, 37.0150526], [27.0072659, 37.0144069], [27.0068803, 37.0143185], [27.0071785, 37.0138475], [27.0067848, 37.0130707], [27.006699, 37.0125701], [27.006534, 37.0123699], [27.0066924, 37.0121697], [27.0065162, 37.0120699], [27.006026, 37.0105259], [27.0060884, 37.010344], [27.0058082, 37.0102572], [27.005655, 37.0098653], [27.0054058, 37.0097303], [27.005177, 37.0094021], [27.0047328, 37.0090348], [27.0041578, 37.0071792], [27.0039408, 37.006822], [27.0036903, 37.0067429], [27.0036441, 37.0064741], [27.0048448, 37.0044408], [27.0047966, 37.0039258], [27.0050633, 37.0037921], [27.005221, 37.0038765], [27.0053332, 37.0037447], [27.005971, 37.003665], [27.0060165, 37.0034223], [27.0064983, 37.0033807], [27.0066449, 37.003478], [27.0067306, 37.0033309], [27.0074174, 37.0030967], [27.0075957, 37.0028959], [27.0079054, 37.0028095], [27.0084122, 37.0030834], [27.0085153, 37.0031928], [27.0081657, 37.0035787], [27.0077687, 37.0046219], [27.0077339, 37.0047932], [27.0078477, 37.0049194], [27.0077366, 37.0049603], [27.0076918, 37.0052058], [27.0078117, 37.005379], [27.00764, 37.0056811], [27.0077138, 37.0057453], [27.0075756, 37.0063997], [27.0079109, 37.0067938], [27.0081201, 37.0068495], [27.0083253, 37.0067252], [27.0085566, 37.0067836], [27.0091407, 37.0075011], [27.0100325, 37.0078176], [27.0103866, 37.0077855], [27.0106481, 37.0078937], [27.0111161, 37.0085533], [27.0113777, 37.0087857], [27.0116834, 37.0088147], [27.0117263, 37.0090899], [27.0116177, 37.0093383], [27.0115788, 37.009952], [27.0116432, 37.0103686], [27.0119087, 37.0105056], [27.0119248, 37.0106395], [27.0122507, 37.0107391], [27.0134228, 37.0108055], [27.0141081, 37.0112446], [27.0140049, 37.0113752], [27.0140505, 37.0114898], [27.0139177, 37.0115508], [27.0140733, 37.0116269], [27.014088, 37.011841], [27.0142584, 37.0118335], [27.0144904, 37.0120799], [27.0149289, 37.0128059], [27.0152414, 37.012777], [27.0154104, 37.0126431], [27.0157993, 37.0122426], [27.0159548, 37.0119149], [27.0158985, 37.0121934], [27.0161614, 37.0128016], [27.0165248, 37.0129044], [27.017253, 37.0126089], [27.0172195, 37.0127438], [27.0173644, 37.0131432], [27.0176446, 37.0133777], [27.0177037, 37.013548], [27.0183769, 37.0138404], [27.0187645, 37.0138671], [27.0186022, 37.0139132], [27.0187739, 37.0139946], [27.0195463, 37.0142237], [27.0200318, 37.0141959], [27.020013, 37.014258], [27.0203322, 37.0143094], [27.0205843, 37.0142323], [27.0213085, 37.0142837], [27.0219201, 37.0141081], [27.0226255, 37.0142023], [27.0229527, 37.0143544], [27.023111, 37.014318], [27.0231298, 37.014455], [27.0232987, 37.0144358], [27.023229, 37.0145107], [27.0236877, 37.0147763], [27.0241034, 37.0148448], [27.0248571, 37.014727], [27.0248839, 37.0142751], [27.0250905, 37.0140995], [27.0251763, 37.0138832], [27.025592, 37.0137311], [27.0259219, 37.0137418], [27.0259769, 37.0135973], [27.0258522, 37.0133788], [27.025533, 37.01317], [27.0250931, 37.0130629], [27.0249912, 37.0129226], [27.0246841, 37.012943], [27.0247941, 37.0125007], [27.0252688, 37.0124204], [27.0253103, 37.0122231], [27.025514, 37.012141], [27.02593, 37.0121152], [27.0259166, 37.0118849], [27.0257717, 37.0116751], [27.0258281, 37.0116515], [27.0262572, 37.0120713], [27.0264825, 37.0118121], [27.0266971, 37.0118914], [27.0272174, 37.011855], [27.027204, 37.0119578], [27.0273945, 37.0120499], [27.0273757, 37.0122019], [27.0274991, 37.0123069], [27.0281374, 37.0124354], [27.0285398, 37.0126924], [27.0286712, 37.0126646], [27.0286632, 37.0127502], [27.0289555, 37.0129815], [27.0293632, 37.013125], [27.0297575, 37.0128616], [27.0298567, 37.0128852], [27.0299587, 37.0131614], [27.0304978, 37.0135726], [27.0307204, 37.0135598], [27.0305112, 37.0137526], [27.0303664, 37.0143372], [27.0303073, 37.0143865], [27.0302027, 37.0142816], [27.0302376, 37.0144743], [27.0298487, 37.014847], [27.0298943, 37.0150654], [27.0301759, 37.0153224], [27.0314473, 37.0155195], [27.0315438, 37.0156094], [27.0316216, 37.0155109], [27.0316538, 37.0155837], [27.0320159, 37.015528], [27.0320588, 37.0155966], [27.0323834, 37.0154316], [27.0325524, 37.015483], [27.0330244, 37.0153503], [27.0330512, 37.0152367], [27.0334348, 37.0153139], [27.0336977, 37.0151468], [27.0337433, 37.0152796], [27.0340893, 37.0151896], [27.034218, 37.0150483], [27.0349288, 37.0149155], [27.0364898, 37.0139432], [27.0367232, 37.0137311], [27.0366991, 37.0136219], [27.0368439, 37.0135769], [27.0375735, 37.0127588], [27.0376298, 37.0125896], [27.0379195, 37.012444], [27.0379811, 37.0122919], [27.0379007, 37.0121741], [27.0380107, 37.0122041], [27.0379141, 37.0121056], [27.0380133, 37.0119449], [27.0379463, 37.0119107], [27.038016, 37.0116686], [27.0379463, 37.0116386], [27.0380643, 37.011463], [27.038413, 37.0111974], [27.0388341, 37.0110582], [27.0390379, 37.0108697], [27.0390084, 37.0107584], [27.039223, 37.0107241], [27.0395878, 37.0104307], [27.0395422, 37.0103214], [27.0396978, 37.0101522], [27.0396388, 37.0099488], [27.0398614, 37.0097774], [27.0397997, 37.009484], [27.0398775, 37.0094476], [27.0395932, 37.0093298], [27.0394, 37.0090985], [27.038826, 37.009077], [27.0378953, 37.00876], [27.0377156, 37.0085138], [27.0378658, 37.0083102], [27.0384572, 37.0082803], [27.0391117, 37.008019], [27.0398667, 37.0079194], [27.040135, 37.0079825], [27.0407867, 37.0078347], [27.041008, 37.0078787], [27.0410603, 37.0076795], [27.0414452, 37.0073646], [27.0419897, 37.0071858], [27.0420916, 37.0072361], [27.0421131, 37.0070551], [27.0419508, 37.0067809], [27.0419817, 37.0063418], [27.0418623, 37.0062187], [27.0427944, 37.0055118], [27.042671, 37.0051659], [27.0424511, 37.0051445], [27.0425557, 37.005047], [27.0425087, 37.0049689], [27.0421171, 37.0047996], [27.0423196, 37.004669], [27.0422479, 37.004443], [27.0426026, 37.0045308], [27.0429862, 37.0043209], [27.0431404, 37.0043273], [27.0431162, 37.0042716], [27.0433429, 37.0042866], [27.0433375, 37.0040906], [27.0436782, 37.0041249], [27.043595, 37.0040414], [27.0442307, 37.0037822], [27.0451158, 37.0036944], [27.0449227, 37.0027712], [27.0451841, 37.0019195], [27.045691, 37.001987], [27.04569, 37.00096], [27.047932, 37.000316], [27.048573, 37.000316], [27.049214, 37.000572], [27.049854, 37.000701], [27.050014, 37.000444], [27.049854, 36.999673], [27.050814, 36.999416], [27.051294, 36.998388], [27.052254, 36.997617], [27.052574, 36.996589], [27.053497, 36.9957196], [27.053534, 36.995561], [27.0530898, 36.9951504], [27.0520057, 36.9946852], [27.0510855, 36.9950524], [27.0505834, 36.995107], [27.0499702, 36.9948057], [27.0497206, 36.994534], [27.0487412, 36.9943814], [27.0482488, 36.9938099], [27.0480888, 36.9937847], [27.0468029, 36.9946337], [27.0450521, 36.9946464], [27.0449568, 36.9945483], [27.0451917, 36.9942689], [27.0454083, 36.9930282], [27.0452495, 36.9924111], [27.0453008, 36.9917833], [27.0450582, 36.9916583], [27.0429208, 36.9918053], [27.0425434, 36.9917007], [27.0419728, 36.9917185], [27.0416614, 36.9913116], [27.0419021, 36.9913048], [27.0419613, 36.9910922], [27.0420993, 36.9911305], [27.0421833, 36.9912822], [27.0424236, 36.9913137], [27.0426925, 36.9904933], [27.0428348, 36.9905165], [27.0429259, 36.9902067], [27.0432438, 36.9899798], [27.043498, 36.9901092], [27.043762, 36.989913], [27.0438489, 36.9895247], [27.0436039, 36.9892218], [27.0435798, 36.9889989], [27.0438459, 36.9887901], [27.0445471, 36.9886958], [27.0444422, 36.9883579], [27.0441842, 36.9881801], [27.0443082, 36.9874914], [27.0445297, 36.9871427], [27.0447478, 36.9869194], [27.0459752, 36.9867519], [27.0456754, 36.9858447], [27.045361, 36.985416], [27.0448333, 36.9850497], [27.0444656, 36.9846001], [27.0441245, 36.9843554], [27.0438915, 36.984252], [27.0432135, 36.9842332], [27.043298, 36.9840767], [27.0435622, 36.9841854], [27.0433049, 36.9839667], [27.0435256, 36.9835597], [27.0435378, 36.9833301], [27.0431874, 36.9832269], [27.0429978, 36.9828298], [27.0423534, 36.9825802], [27.0421152, 36.9823478], [27.0420235, 36.9821584], [27.0421832, 36.9819294], [27.0424269, 36.9817378], [27.0428717, 36.9815875], [27.041516, 36.981179], [27.0414016, 36.9807821], [27.041674, 36.979894], [27.0415627, 36.9797692], [27.0412806, 36.9796531], [27.0410714, 36.9796783], [27.0409772, 36.9794182], [27.0397377, 36.979315], [27.0392958, 36.9795854], [27.0390211, 36.9793865], [27.03926, 36.9787968], [27.0405622, 36.9781526], [27.0408153, 36.9777726], [27.0406034, 36.9774841], [27.0401593, 36.9773552], [27.0398656, 36.9769919], [27.040071, 36.976555], [27.0406959, 36.975921], [27.040712, 36.975784], [27.0397988, 36.9755111], [27.0388208, 36.9753619], [27.0383117, 36.9753896], [27.0370584, 36.9758189], [27.0369701, 36.9760535], [27.0367717, 36.9761319], [27.0367181, 36.9760535], [27.0363618, 36.9761073], [27.0362137, 36.9757934], [27.0356928, 36.9754618], [27.0349423, 36.9753985], [27.0342261, 36.974999], [27.0336038, 36.9750967], [27.0327347, 36.9748897], [27.0326972, 36.9747611], [27.0321098, 36.9748254], [27.031619, 36.9746433], [27.0312649, 36.9746325], [27.0310718, 36.9744804], [27.0305037, 36.9744055], [27.0300874, 36.9741804], [27.0293686, 36.9740711], [27.0287682, 36.9742426], [27.028217, 36.9742606], [27.0281449, 36.9743957], [27.0276866, 36.9745752], [27.0275584, 36.9747296], [27.0269138, 36.9748759], [27.0267294, 36.9745776], [27.0270062, 36.9744487], [27.0271099, 36.9742705], [27.0281655, 36.9737192], [27.0284265, 36.9736601], [27.0286813, 36.9737454], [27.0285568, 36.9735993], [27.0288753, 36.973316], [27.0291007, 36.9734025], [27.0302979, 36.9732628], [27.0314024, 36.9733018], [27.0316758, 36.9730993], [27.0318269, 36.9731491], [27.0321228, 36.9735289], [27.0333572, 36.9735894], [27.034467, 36.973345], [27.0347423, 36.9731865], [27.034947, 36.97296], [27.0348055, 36.9728446], [27.0347859, 36.9726512], [27.0349486, 36.9726094], [27.0349513, 36.9724054], [27.0350948, 36.9722377], [27.0355707, 36.9722774], [27.0362861, 36.9727454], [27.0364934, 36.972702], [27.0366427, 36.9725184], [27.0365963, 36.9720378], [27.0370441, 36.9716044], [27.0375, 36.9715169], [27.0398471, 36.9715269], [27.0407997, 36.971186], [27.04119, 36.970646], [27.0427635, 36.9710523], [27.0433034, 36.9710621], [27.044071, 36.970773], [27.044391, 36.970516], [27.0458129, 36.970515], [27.0466539, 36.9710499], [27.0470282, 36.9710471], [27.047098, 36.9707955], [27.0472242, 36.9707733], [27.047113, 36.970643], [27.0462482, 36.9703565], [27.0460573, 36.9698377], [27.046151, 36.969102], [27.0457975, 36.9679739], [27.0455908, 36.9678936], [27.0451061, 36.9671055], [27.0449317, 36.9670507], [27.0442481, 36.967302], [27.0439162, 36.9672458], [27.0436402, 36.9670414], [27.043527, 36.9664806], [27.0436933, 36.9661453], [27.043588, 36.9659214], [27.0429962, 36.9654286], [27.0427854, 36.9657227], [27.0424725, 36.9656544], [27.0421066, 36.9657191], [27.0412744, 36.9660755], [27.0409099, 36.9663376], [27.0402466, 36.9664578], [27.0403291, 36.9651684], [27.0402681, 36.9649949], [27.0405708, 36.964288], [27.0408856, 36.9641279], [27.0409768, 36.9638704], [27.041345, 36.963709], [27.0408894, 36.9632999], [27.0400392, 36.9629988], [27.0398144, 36.9631749], [27.039498, 36.9631511], [27.0389446, 36.963352], [27.0387245, 36.9633126], [27.0383627, 36.9629814], [27.0355446, 36.9647777], [27.0354159, 36.9648324], [27.0350035, 36.9645748], [27.0350798, 36.9643681], [27.0352311, 36.9643036], [27.0351976, 36.9638374], [27.034903, 36.9632187], [27.034655, 36.9631261], [27.0345684, 36.9626676], [27.0351641, 36.9612798], [27.0349761, 36.9609298], [27.034941, 36.960628], [27.0345802, 36.9602003], [27.0340206, 36.959978], [27.031259, 36.959601], [27.0306312, 36.9589924], [27.0306419, 36.9588796], [27.0304689, 36.9588358], [27.0304969, 36.9582993], [27.0305694, 36.9580652], [27.0310413, 36.9580678], [27.0324116, 36.9571966], [27.0324823, 36.9572669], [27.0329763, 36.9572611], [27.0330518, 36.9571028], [27.0331503, 36.9571059], [27.033206, 36.9572494], [27.0333959, 36.9573585], [27.0334109, 36.9575264], [27.033515, 36.9574974], [27.0335654, 36.9573619], [27.0334809, 36.957125], [27.0337623, 36.9564471], [27.03373, 36.9562255], [27.0339498, 36.9559704], [27.035099, 36.9554394], [27.0357813, 36.9556219], [27.036149, 36.9552031], [27.0365665, 36.9544618], [27.0365866, 36.9542531], [27.0367176, 36.9542022], [27.0371289, 36.9545543], [27.0380665, 36.9559559], [27.0392482, 36.9549414], [27.0395694, 36.9547916], [27.039901, 36.955231], [27.0410122, 36.9560617], [27.0423526, 36.9557823], [27.0424486, 36.9558299], [27.0425467, 36.955972], [27.0425206, 36.9561486], [27.042168, 36.957176], [27.0423547, 36.9575494], [27.0427951, 36.9578239], [27.0435098, 36.9577685], [27.044064, 36.957413], [27.0446491, 36.9572388], [27.0451205, 36.9571642], [27.0452555, 36.9572668], [27.0456088, 36.9572532], [27.0457546, 36.9571075], [27.0458451, 36.9567663], [27.0457841, 36.9566413], [27.0455866, 36.9566592], [27.0452229, 36.9562142], [27.0453645, 36.9559876], [27.0451771, 36.9558839], [27.0451284, 36.9557434], [27.0453104, 36.9555873], [27.045957, 36.9555514], [27.0461093, 36.9557384], [27.0476025, 36.9559031], [27.0479969, 36.9544007], [27.0479542, 36.9543003], [27.0480722, 36.9543309], [27.0481642, 36.9538352], [27.0480299, 36.9534396], [27.0476894, 36.9529544], [27.0470091, 36.9527358], [27.0466208, 36.9522248], [27.0463268, 36.9520827], [27.0460547, 36.9518001], [27.0461484, 36.9515384], [27.0474515, 36.951729], [27.0483781, 36.9514516], [27.0488201, 36.9514473], [27.0491327, 36.9515045], [27.049502, 36.951759], [27.0503043, 36.9520286], [27.0518464, 36.9521722], [27.0518974, 36.9520934], [27.0521283, 36.9521568], [27.0521616, 36.9520721], [27.0522809, 36.9522287], [27.0525679, 36.9521583], [27.053503, 36.951629], [27.0541919, 36.9510451], [27.0546095, 36.9503046], [27.0548894, 36.9500156], [27.0560139, 36.9492849], [27.0562365, 36.9490385], [27.0563111, 36.9486229], [27.0562004, 36.9483954], [27.055467, 36.9478651], [27.0545193, 36.9475121], [27.0535814, 36.9474068], [27.0539522, 36.946763], [27.0542007, 36.9460765], [27.0542093, 36.9458104], [27.053991, 36.9456069], [27.0533588, 36.9454425], [27.0520233, 36.9454333], [27.0512474, 36.944888], [27.048858, 36.945336], [27.0485841, 36.9454821], [27.0482552, 36.9454228], [27.0475922, 36.9454938], [27.047258, 36.945594], [27.046298, 36.946365], [27.046161, 36.9466632], [27.0459001, 36.9466503], [27.0454655, 36.946956], [27.0452942, 36.9468774], [27.0449927, 36.946997], [27.0447477, 36.9467813], [27.0445437, 36.9467651], [27.044058, 36.94688], [27.0434243, 36.9473815], [27.042778, 36.947394], [27.042138, 36.947651], [27.041657, 36.948037], [27.0411571, 36.9489194], [27.040858, 36.949193], [27.0404358, 36.9493727], [27.0392253, 36.9494862], [27.0385983, 36.9488069], [27.038297, 36.94868], [27.0378208, 36.9488629], [27.0374818, 36.9487117], [27.036057, 36.949708], [27.035417, 36.949838], [27.035256, 36.950608], [27.034936, 36.950865], [27.0348003, 36.9512708], [27.03468, 36.9512119], [27.0344816, 36.9513675], [27.0339831, 36.951276], [27.03392, 36.9510955], [27.0339771, 36.9508896], [27.0335754, 36.9505733], [27.0321693, 36.9505882], [27.0318962, 36.9506692], [27.0317455, 36.9502976], [27.0316042, 36.9502005], [27.0310262, 36.9501051], [27.0305543, 36.9501088], [27.0304159, 36.9502016], [27.0294077, 36.9496428], [27.0290228, 36.9495633], [27.0285818, 36.9497118], [27.0285, 36.9495104], [27.0273159, 36.9492381], [27.0267151, 36.9491861], [27.0261524, 36.9493131], [27.025834, 36.9489962], [27.0250142, 36.9488333], [27.024533, 36.948941], [27.024241, 36.9491857], [27.0239608, 36.948821], [27.0231925, 36.9482249], [27.0227312, 36.9474203], [27.0220467, 36.9474], [27.021768, 36.9475765], [27.0214466, 36.9476386], [27.0209216, 36.9476248], [27.0203737, 36.9474709], [27.0201423, 36.9477089], [27.0198538, 36.9473168], [27.019731, 36.946886], [27.0193601, 36.9467777], [27.0183978, 36.946941], [27.0180973, 36.9467217], [27.0180133, 36.9467824], [27.0178917, 36.9465591], [27.0174539, 36.9463763], [27.0172459, 36.9464105], [27.0170252, 36.9466337], [27.0155233, 36.9473444], [27.0156029, 36.9477673], [27.0154464, 36.9483888], [27.01557, 36.949585], [27.0155081, 36.9496922], [27.0153837, 36.9497122], [27.0146965, 36.9493669], [27.0145833, 36.9492152], [27.0144281, 36.9492203], [27.0142838, 36.9490048], [27.0141885, 36.9490498], [27.0135871, 36.9481485], [27.0134673, 36.948143], [27.013169, 36.948301], [27.0131294, 36.9484964], [27.0129183, 36.9487005], [27.0127165, 36.9487962], [27.0126472, 36.9487223], [27.0123468, 36.9488823], [27.0126582, 36.9492664], [27.0125474, 36.9493321], [27.01272, 36.9495004], [27.0126029, 36.9496933], [27.0122706, 36.9497253], [27.0120503, 36.9499645], [27.011867, 36.9499672], [27.0116641, 36.9497007], [27.0108513, 36.9492271], [27.0105978, 36.949184], [27.0101617, 36.9488658], [27.009891, 36.9478067], [27.0097593, 36.947562], [27.0095904, 36.9475035], [27.0086508, 36.9479357], [27.007888, 36.948686], [27.0071733, 36.9492173], [27.0065028, 36.949469], [27.0063118, 36.9494324], [27.0060389, 36.9492097], [27.0060826, 36.9491131], [27.0057008, 36.9489094], [27.0055536, 36.9489768], [27.004659, 36.948755], [27.003407, 36.948815], [27.0032541, 36.9492618], [27.0030762, 36.950462], [27.0032378, 36.951053], [27.0027348, 36.9515163], [27.0025984, 36.9515324], [27.0025122, 36.9516945], [27.0021733, 36.9517038], [27.0020381, 36.9519042], [27.0015595, 36.9520249], [27.0013817, 36.9519581], [27.001079, 36.952051], [27.0007152, 36.9519611], [27.0001122, 36.9520036], [26.9994975, 36.9518129], [26.999236, 36.9513416], [26.9997331, 36.9503702], [26.9994281, 36.950213], [26.9988784, 36.9497167], [26.9979811, 36.9497529], [26.9977919, 36.9498919], [26.9966454, 36.9499006], [26.9958767, 36.9503516], [26.9957554, 36.9507165], [26.9956825, 36.9507085], [26.9956534, 36.9510461], [26.9945759, 36.9512225], [26.9943659, 36.9510966], [26.9942516, 36.9507895], [26.9924695, 36.9490955], [26.9922855, 36.9492409], [26.9937555, 36.9505882], [26.9934906, 36.9507685], [26.9935441, 36.9509329], [26.9912989, 36.9516419], [26.9911539, 36.9516384], [26.9911765, 36.9513523], [26.9911271, 36.9514583], [26.991019, 36.9514547], [26.9909839, 36.9513425], [26.990952, 36.9516903], [26.9904388, 36.9515585], [26.9901175, 36.9513063], [26.9900173, 36.9511086], [26.9900722, 36.9505882], [26.9892535, 36.950957], [26.9891884, 36.9506279], [26.9891194, 36.9507352], [26.9892235, 36.9509664], [26.9881579, 36.9513614], [26.9868477, 36.9513283], [26.9852099, 36.949629], [26.9849392, 36.9497727], [26.9848769, 36.9497044], [26.9854017, 36.9494109], [26.9853075, 36.9493192], [26.9847392, 36.9496799], [26.9845256, 36.9494596], [26.9842132, 36.9494132], [26.9841305, 36.949191], [26.9841404, 36.9493393], [26.9835251, 36.9494474], [26.9832137, 36.9489372], [26.9840109, 36.9486761], [26.9832445, 36.9488274], [26.9831235, 36.9487784], [26.9829761, 36.9479522], [26.9833765, 36.9478653], [26.9833862, 36.9471593], [26.9842678, 36.9467927], [26.9847609, 36.947186], [26.9848727, 36.9471026], [26.9859419, 36.9480311], [26.9860605, 36.9479444], [26.9871181, 36.948822], [26.9874059, 36.9486042], [26.9862026, 36.9476425], [26.9863023, 36.947559], [26.9856565, 36.9470327], [26.9856372, 36.9468845], [26.9857742, 36.9468491], [26.9856128, 36.9468578], [26.9856074, 36.9467915], [26.9857632, 36.9467526], [26.9856169, 36.9467606], [26.9855328, 36.9462521], [26.9868182, 36.9452478], [26.9877855, 36.9460641], [26.9889475, 36.946057], [26.9891561, 36.9462368], [26.9894148, 36.9460582], [26.9906029, 36.9470704], [26.9932891, 36.9474043], [26.9939846, 36.9477536], [26.9940718, 36.9477223], [26.9937667, 36.9474602], [26.9933114, 36.9472826], [26.990584, 36.9469437], [26.9894518, 36.9459828], [26.9879368, 36.94599], [26.9877544, 36.9458523], [26.9872435, 36.9448292], [26.9872038, 36.9445896], [26.9874373, 36.9440229], [26.9873575, 36.9439838], [26.9874632, 36.9433646], [26.9873209, 36.9431485], [26.9869836, 36.9416926], [26.9868735, 36.9415882], [26.9867369, 36.9416143], [26.9865122, 36.9410227], [26.9863234, 36.9409202], [26.986217, 36.940986], [26.9861394, 36.9407651], [26.9856083, 36.9406031], [26.9856699, 36.9401812], [26.986638, 36.9398135], [26.9872942, 36.9391779], [26.9873559, 36.9386665], [26.9872442, 36.9386279], [26.9872194, 36.93843], [26.9876479, 36.9377782], [26.9873739, 36.9371863], [26.9882759, 36.9357105], [26.9882703, 36.9353117], [26.9877993, 36.9351206], [26.9873516, 36.9350338], [26.9872042, 36.935174], [26.9871257, 36.9350125], [26.9864844, 36.9349256], [26.9860009, 36.9349808], [26.9857371, 36.9347121], [26.9859333, 36.934466], [26.9862266, 36.934302], [26.9870256, 36.9332386], [26.9869789, 36.9329511], [26.9868549, 36.9328099], [26.9864444, 36.9327427], [26.9863632, 36.9326531], [26.986794, 36.9307262], [26.9870602, 36.9304949], [26.986934, 36.9302859], [26.9871994, 36.9298937], [26.9870664, 36.929599], [26.9874796, 36.9291439], [26.9874335, 36.9287105], [26.9875129, 36.9286982], [26.9875707, 36.9284604], [26.9875105, 36.9283949], [26.9876081, 36.9279764], [26.9872568, 36.9276344], [26.9873122, 36.9273522], [26.9872127, 36.9270405], [26.9873493, 36.9268799], [26.9873421, 36.9266776], [26.9870315, 36.9264291], [26.9867422, 36.9265098], [26.9865453, 36.9261979], [26.9863637, 36.9262792], [26.9862477, 36.9262189], [26.9861139, 36.925727], [26.985793, 36.9256166], [26.985893, 36.9254085], [26.9858418, 36.9253524], [26.9851619, 36.9252016], [26.9850115, 36.9252948], [26.9850468, 36.9255336], [26.9848657, 36.9255492], [26.984521, 36.925479], [26.9843359, 36.9252809], [26.9842304, 36.92535], [26.9841633, 36.9252437], [26.9837028, 36.9252435], [26.9834827, 36.92542], [26.9831484, 36.9253734], [26.9831514, 36.9255055], [26.9827629, 36.9255205], [26.9818183, 36.9261043], [26.9818534, 36.9259659], [26.9817486, 36.925936], [26.9815277, 36.9261011], [26.981646, 36.9263121], [26.9814761, 36.9262982], [26.9815079, 36.9264113], [26.981343, 36.9264049], [26.9813396, 36.9262205], [26.9812107, 36.9261267], [26.9810423, 36.9261497], [26.9808268, 36.9263864], [26.9805542, 36.9264159], [26.9805668, 36.9266576], [26.9804385, 36.9267855], [26.9796118, 36.9268276], [26.9794687, 36.9266294], [26.9793521, 36.9267099], [26.979395, 36.926896], [26.9790622, 36.9269318], [26.9790773, 36.9268704], [26.9785798, 36.9266662], [26.977906, 36.9265336], [26.9778192, 36.9263903], [26.9773542, 36.9262445], [26.9772548, 36.926306], [26.9766715, 36.9260192], [26.9763685, 36.9259885], [26.9759249, 36.9261211], [26.9756108, 36.9263419], [26.9752542, 36.9263551], [26.9750766, 36.9264926], [26.9748661, 36.926385], [26.9749945, 36.926243], [26.9748878, 36.9261066], [26.9735273, 36.9259949], [26.9726492, 36.9256359], [26.9721519, 36.9256717], [26.9717514, 36.9259814], [26.9714186, 36.9258629], [26.9715338, 36.9257704], [26.9712405, 36.9257134], [26.9708552, 36.9257918], [26.9707796, 36.9258974], [26.9706186, 36.9258444], [26.9706243, 36.9259484], [26.9703181, 36.925951], [26.9701954, 36.926021], [26.9703011, 36.9261068], [26.9700159, 36.9261498], [26.9700024, 36.9263876], [26.9695397, 36.9262831], [26.9691796, 36.9266157], [26.9691069, 36.9263799], [26.9690295, 36.9264205], [26.967481, 36.9275502], [26.9672165, 36.9278657], [26.9673387, 36.9279054], [26.9673394, 36.9281287], [26.9670954, 36.9281517], [26.9669375, 36.9283494], [26.9670675, 36.9284627], [26.967094, 36.9287057], [26.9669103, 36.9292017], [26.9666964, 36.9292744], [26.9665694, 36.9291601], [26.9661418, 36.9298371], [26.9661214, 36.9301058], [26.9664985, 36.9305658], [26.9664792, 36.9307103], [26.9659916, 36.9312152], [26.9658419, 36.931321], [26.9655631, 36.9312489], [26.9653072, 36.9316592], [26.9650863, 36.9317112], [26.9643383, 36.931593], [26.9640256, 36.9299743], [26.9641803, 36.9292076], [26.9648903, 36.9285224], [26.964788, 36.9284324], [26.9648415, 36.9281896], [26.9647571, 36.9280179], [26.9646192, 36.927994], [26.9647051, 36.9278176], [26.9646031, 36.9276478], [26.9647927, 36.927523], [26.9644335, 36.9274432], [26.9646518, 36.9272805], [26.9645959, 36.9271851], [26.9647347, 36.9270822], [26.9647388, 36.9268159], [26.9646161, 36.9267629], [26.9646679, 36.9266286], [26.9645098, 36.9266656], [26.9645899, 36.9265698], [26.9645356, 36.9264882], [26.9644053, 36.9264987], [26.964403, 36.9266333], [26.9641318, 36.9264697], [26.9642021, 36.9263477], [26.9634627, 36.9260179], [26.9631327, 36.9260666], [26.9631613, 36.9258128], [26.9616943, 36.9259059], [26.9615273, 36.926048], [26.9613684, 36.9256957], [26.9609387, 36.9256046], [26.9600835, 36.9256174], [26.9582751, 36.9259243], [26.9578872, 36.926147], [26.9577407, 36.9260406], [26.9560633, 36.9263805], [26.9554708, 36.9264056], [26.954434, 36.9268841], [26.953767, 36.9270818], [26.9526441, 36.9271998], [26.9515952, 36.9274852], [26.9510871, 36.9277704], [26.9509866, 36.9280088], [26.9508067, 36.928094], [26.9507547, 36.9283295], [26.9505298, 36.9284741], [26.9505188, 36.9283975], [26.9502635, 36.9284684], [26.9499287, 36.928752], [26.9499808, 36.928793], [26.9495193, 36.9289236], [26.9476716, 36.9299494], [26.9472054, 36.9297649], [26.9471001, 36.92993], [26.9469293, 36.9299029], [26.9468469, 36.9297786], [26.9462765, 36.929938], [26.9455323, 36.9298833], [26.9453993, 36.9296613], [26.945635, 36.9294963], [26.9459031, 36.9288547], [26.9453731, 36.9289002], [26.9454486, 36.9286958], [26.9453916, 36.928601], [26.9454763, 36.9284815], [26.9457459, 36.9285394], [26.9458584, 36.9284581], [26.9458307, 36.9279471], [26.9456828, 36.9277722], [26.9456601, 36.9278546], [26.9455797, 36.9278064], [26.945481, 36.9274898], [26.9451425, 36.9271612], [26.9450888, 36.9271211], [26.9451502, 36.9273426], [26.9449183, 36.9273544], [26.9447124, 36.9268295], [26.9444755, 36.9267629], [26.9443454, 36.9265931], [26.9439621, 36.9265913], [26.944014, 36.9263747], [26.9436876, 36.9263954], [26.9437526, 36.926267], [26.9436306, 36.9261322], [26.9435168, 36.9262264], [26.9432749, 36.926176], [26.9426753, 36.9263467], [26.9414142, 36.9262092], [26.9409913, 36.9263167], [26.9408462, 36.926164], [26.9405861, 36.9262361], [26.940471, 36.9263889], [26.9404657, 36.9266407], [26.9402233, 36.9267411], [26.9403029, 36.9269844], [26.9401525, 36.9268939], [26.9401189, 36.9270339], [26.9402392, 36.927198], [26.9401171, 36.9274725], [26.9401631, 36.9276465], [26.9400109, 36.9277851], [26.9399295, 36.9282166], [26.9397579, 36.9283976], [26.9399685, 36.928781], [26.9405454, 36.9290823], [26.9406161, 36.9292619], [26.9408232, 36.9293694], [26.9408798, 36.9292874], [26.9410532, 36.92946], [26.9412054, 36.9294317], [26.9414107, 36.9296552], [26.9415629, 36.9296029], [26.9418779, 36.9299607], [26.9420301, 36.9299367], [26.9419398, 36.930006], [26.9420318, 36.9300781], [26.9422813, 36.9301163], [26.9415732, 36.9302814], [26.9413465, 36.930453], [26.9412889, 36.9303779], [26.9410126, 36.9304712], [26.9406652, 36.9306298], [26.9405057, 36.9308518], [26.9405499, 36.9310147], [26.9409107, 36.9311637], [26.9413465, 36.9316751], [26.9417556, 36.9318637], [26.9420519, 36.9318873], [26.9421029, 36.9319827], [26.9418226, 36.9319559], [26.9419084, 36.9320063], [26.9418468, 36.9320299], [26.9416322, 36.9319538], [26.9416617, 36.9322904], [26.9415705, 36.9321285], [26.9413331, 36.9320213], [26.940275, 36.9322582], [26.9401248, 36.932537], [26.9403782, 36.9327953], [26.940114, 36.9329175], [26.940098, 36.9332391], [26.9400215, 36.9331576], [26.9399196, 36.9332402], [26.9398928, 36.9330901], [26.9397667, 36.9330794], [26.9396943, 36.9331727], [26.9397573, 36.9332949], [26.9395065, 36.9332606], [26.9394985, 36.933446], [26.939292, 36.9334985], [26.9394355, 36.9336475], [26.9391163, 36.9338877], [26.9385691, 36.9339863], [26.9386134, 36.9340678], [26.9384538, 36.9340956], [26.9383304, 36.9339595], [26.9381896, 36.9340099], [26.9379723, 36.9339166], [26.937861, 36.9340399], [26.9377939, 36.9339863], [26.9374895, 36.9341589], [26.9375378, 36.9342414], [26.9373138, 36.9341803], [26.9372937, 36.9342682], [26.9366781, 36.9344601], [26.9365454, 36.9346702], [26.9363563, 36.9346531], [26.9363938, 36.9348707], [26.9359955, 36.9349843], [26.9361337, 36.9351215], [26.9360398, 36.9351794], [26.9361135, 36.9352073], [26.9361444, 36.9356693], [26.9359861, 36.936127], [26.9356522, 36.9361356], [26.9356723, 36.9362556], [26.9358051, 36.9362782], [26.9355945, 36.9362717], [26.935683, 36.936365], [26.9353344, 36.93644], [26.9351627, 36.9367616], [26.9348837, 36.9369085], [26.9349025, 36.9370693], [26.9347711, 36.9371078], [26.9347134, 36.9372601], [26.9344224, 36.9372954], [26.9341609, 36.9374702], [26.934016, 36.9374069], [26.9339597, 36.937557], [26.9337653, 36.937482], [26.9339342, 36.9372901], [26.9337143, 36.9373415], [26.9336553, 36.9374552], [26.9334568, 36.9374187], [26.9333616, 36.9375999], [26.9334608, 36.937647], [26.9332382, 36.9379225], [26.9330223, 36.937974], [26.9328882, 36.9378786], [26.9325985, 36.938004], [26.9324282, 36.9379332], [26.9323464, 36.9380136], [26.9324483, 36.9381058], [26.9322203, 36.9381315], [26.9322954, 36.9382076], [26.9320339, 36.9381294], [26.9317308, 36.9383331], [26.9315672, 36.9382848], [26.9315444, 36.9383931], [26.9316651, 36.9384981], [26.931531, 36.9385946], [26.9313647, 36.9384885], [26.9313928, 36.9386461], [26.931197, 36.9387608], [26.9310857, 36.9386696], [26.9311085, 36.938764], [26.9310227, 36.9387565], [26.9309369, 36.9386321], [26.9308953, 36.9387608], [26.9307424, 36.9387061], [26.9306231, 36.9388358], [26.9306338, 36.9387307], [26.9304849, 36.9387725], [26.9304018, 36.9389258], [26.930265, 36.9389644], [26.9303454, 36.9390094], [26.9303025, 36.9390866], [26.9300745, 36.9390395], [26.9301282, 36.9391252], [26.9299404, 36.9392238], [26.9300826, 36.9393128], [26.929746, 36.9395593], [26.9297862, 36.9396708], [26.929687, 36.9396772], [26.9296628, 36.9397844], [26.9293651, 36.9399302], [26.9293034, 36.9401575], [26.9291505, 36.940151], [26.9289654, 36.9403976], [26.9286892, 36.9404704], [26.9287348, 36.9405776], [26.9285256, 36.9405476], [26.9286141, 36.9406612], [26.928421, 36.9406934], [26.9284505, 36.9408113], [26.9282547, 36.9406398], [26.9280803, 36.9407105], [26.9280642, 36.9409185], [26.9279703, 36.9408778], [26.927914, 36.9409785], [26.9281876, 36.9418467], [26.9286101, 36.9423387], [26.9288716, 36.9424009], [26.9288662, 36.9423344], [26.9290137, 36.9423226], [26.9291961, 36.9424105], [26.9292766, 36.9425874], [26.9296816, 36.9428597], [26.9298613, 36.9431244], [26.9301832, 36.9432048], [26.930155, 36.9432905], [26.930379, 36.943327], [26.9303012, 36.9434288], [26.9304916, 36.9434438], [26.9309355, 36.9437053], [26.9312601, 36.9442037], [26.931134, 36.944267], [26.9312467, 36.9443163], [26.931134, 36.9446443], [26.9312105, 36.9450601], [26.9310978, 36.9451523], [26.9311716, 36.9451973], [26.9310817, 36.945416], [26.9308698, 36.945744], [26.9303656, 36.9459787], [26.9303106, 36.9463067], [26.9303991, 36.9463356], [26.9304179, 36.9465275], [26.9301523, 36.9468394], [26.9296709, 36.9471437], [26.9296722, 36.947237], [26.9288582, 36.9473056], [26.928492, 36.9474288], [26.9284505, 36.9473292], [26.9281849, 36.9475264], [26.9280361, 36.9474246], [26.9277397, 36.9475446], [26.9273481, 36.9474599], [26.9271845, 36.9476432], [26.9269618, 36.9476078], [26.9268733, 36.9477032], [26.9268318, 36.9475939], [26.9267768, 36.9478254], [26.9266762, 36.9479165], [26.9264884, 36.9478908], [26.9264683, 36.9480119], [26.9262967, 36.9477793], [26.9263946, 36.9476153], [26.9262028, 36.9475682], [26.9260284, 36.9480569], [26.9257414, 36.948267], [26.9255215, 36.9481598], [26.9255215, 36.9483806], [26.925272, 36.9485264], [26.9251943, 36.9485521], [26.9251808, 36.948432], [26.9250092, 36.9483763], [26.9248107, 36.9485628], [26.9247919, 36.9484942], [26.9245157, 36.9486378], [26.9245747, 36.9487053], [26.9244741, 36.9487772], [26.9242005, 36.9487761], [26.924234, 36.9488286], [26.9239685, 36.9488972], [26.923888, 36.9487997], [26.9235662, 36.9488865], [26.9233784, 36.9487986], [26.9232966, 36.9488114], [26.9233529, 36.9489079], [26.9231866, 36.9489293], [26.9230244, 36.9488307], [26.9230767, 36.9489229], [26.9225925, 36.9489251], [26.9225281, 36.9490494], [26.9219327, 36.9489508], [26.9217905, 36.9487407], [26.9212863, 36.9488307], [26.9212112, 36.9487643], [26.9208786, 36.9488136], [26.9207418, 36.948715], [26.9203851, 36.9489165], [26.9189474, 36.9490665], [26.9182527, 36.948655], [26.9173273, 36.9487471], [26.916225, 36.9486485], [26.9155249, 36.9483763], [26.9151923, 36.9480891], [26.91479, 36.9481619], [26.9145687, 36.9480269], [26.9141771, 36.9482284], [26.9142213, 36.9482841], [26.9140631, 36.9482659], [26.9141503, 36.9483999], [26.9140094, 36.9484127], [26.9140363, 36.9485221], [26.9138566, 36.9485264], [26.9139773, 36.9487064], [26.9134515, 36.9488479], [26.9132799, 36.9490601], [26.9130304, 36.9491544], [26.9130117, 36.9494266], [26.913186, 36.9497139], [26.913135, 36.9498275], [26.9133657, 36.9499154], [26.9131431, 36.9499582], [26.9126227, 36.9503012], [26.9126227, 36.9504105], [26.9115472, 36.950985], [26.910831, 36.9511093], [26.9107801, 36.9512829], [26.9106996, 36.9512894], [26.9107372, 36.951418], [26.9106004, 36.9515058], [26.9106755, 36.9516194], [26.9096696, 36.9515337], [26.9095811, 36.9517202], [26.9091935, 36.9519849], [26.9091466, 36.9521575], [26.9092995, 36.9522946], [26.909447, 36.9527126], [26.9096321, 36.9528691], [26.9099647, 36.9529162], [26.9098976, 36.9529955], [26.9097877, 36.952927], [26.909557, 36.9530105], [26.9098145, 36.9534242], [26.9100746, 36.9534714], [26.9105092, 36.9533106], [26.9106406, 36.9528648], [26.9107291, 36.9528412], [26.910831, 36.9529441], [26.9108015, 36.9533406], [26.9110939, 36.9535764], [26.9113111, 36.9541466], [26.9120085, 36.9544231], [26.9121292, 36.9545667], [26.9126523, 36.954631], [26.9130787, 36.954946], [26.9130787, 36.9551347], [26.913355, 36.9553147], [26.9140792, 36.9550832], [26.9141006, 36.9549075], [26.9139934, 36.9547467], [26.9140604, 36.9542194], [26.9141087, 36.954033], [26.9142482, 36.9539837], [26.9143635, 36.954198], [26.9145995, 36.9542066], [26.9145808, 36.9543352], [26.914798, 36.9545281], [26.9147873, 36.9546181], [26.9150662, 36.9547488], [26.9152057, 36.9545409], [26.9154417, 36.9544445], [26.9155383, 36.9545109], [26.9152433, 36.9549889], [26.9154364, 36.9552461], [26.9154632, 36.9556769], [26.9155812, 36.9557348], [26.9155169, 36.9558548], [26.9159567, 36.956172], [26.9161284, 36.9559791], [26.916292, 36.9560263], [26.9163725, 36.9563864], [26.9165388, 36.9563499], [26.9166487, 36.9566693], [26.9175607, 36.9567957], [26.9178209, 36.9570637], [26.9179362, 36.9568901], [26.9182084, 36.9567957], [26.9184539, 36.9569736], [26.9190292, 36.957099], [26.918993, 36.9572587], [26.9192988, 36.9574966], [26.9198553, 36.9576059], [26.9201919, 36.9575277], [26.9200525, 36.9576284], [26.9201034, 36.9577592], [26.9200216, 36.9578706], [26.9200981, 36.9579521], [26.9202992, 36.9579521], [26.920668, 36.9581482], [26.9207552, 36.9584718], [26.9213748, 36.9585704], [26.9213346, 36.9587419], [26.9206721, 36.959357], [26.9206855, 36.9596035], [26.9211709, 36.9598371], [26.9219434, 36.96], [26.9224584, 36.9596077], [26.9226408, 36.9597149], [26.922394, 36.9598285], [26.9224745, 36.9599335], [26.9223833, 36.9602743], [26.9221929, 36.9603171], [26.9217986, 36.9606729], [26.9216323, 36.9606922], [26.9217503, 36.9611551], [26.9222036, 36.9615538], [26.9225898, 36.9616717], [26.9239819, 36.9625525], [26.9247115, 36.9627732], [26.9248161, 36.9630133], [26.9252077, 36.9631097], [26.9253874, 36.9633712], [26.9255564, 36.9633626], [26.9256502, 36.9636284], [26.9259614, 36.9636734], [26.9266185, 36.9641706], [26.9270906, 36.9652314], [26.9275197, 36.9654457], [26.9276297, 36.9660608], [26.9274875, 36.9662751], [26.9276753, 36.9666908], [26.9284599, 36.9667401], [26.9293222, 36.9666394], [26.9294938, 36.9665215], [26.9295743, 36.9667165], [26.929805, 36.9668258], [26.9299203, 36.9670187], [26.9301349, 36.966993], [26.9303334, 36.9670959], [26.9302744, 36.9673487], [26.9303977, 36.9676166], [26.9319105, 36.9680217], [26.9323102, 36.9678952], [26.9324577, 36.9681481], [26.9334902, 36.9686667], [26.9342945, 36.9688356], [26.9343862, 36.9694248], [26.9340914, 36.9710455], [26.9338204, 36.9715349], [26.9335286, 36.971497], [26.9332621, 36.9716211], [26.9334464, 36.9718745], [26.9329504, 36.972706], [26.9328012, 36.9727935], [26.9321463, 36.9727745], [26.9310989, 36.9730221], [26.9310735, 36.9729115], [26.9313885, 36.972804], [26.9313276, 36.9727335], [26.9308937, 36.9729498], [26.9309177, 36.9731492], [26.9304269, 36.9733191], [26.929997, 36.9732252], [26.9299472, 36.973118], [26.9300201, 36.9730523], [26.9296844, 36.9730471], [26.9297309, 36.9731372], [26.9296239, 36.973093], [26.9296186, 36.9731951], [26.9294187, 36.9733286], [26.9294587, 36.9735303], [26.9290535, 36.9738816], [26.9288759, 36.9738561], [26.9287323, 36.973948], [26.9287047, 36.9742586], [26.9284416, 36.974653], [26.9272683, 36.9757628], [26.926717, 36.9764441], [26.9264956, 36.9765778], [26.9258088, 36.9777605], [26.9254451, 36.9786187], [26.9253954, 36.9791003], [26.9252786, 36.9793099], [26.9250812, 36.9793753], [26.9252421, 36.9795509], [26.9249308, 36.979709], [26.9252038, 36.9798253], [26.9251897, 36.9800267], [26.9251429, 36.9801652], [26.9248637, 36.9803737], [26.9246401, 36.9812554], [26.9248958, 36.9825056], [26.925303, 36.9829328], [26.9257691, 36.9829438], [26.9258753, 36.9832428], [26.9257029, 36.9831682], [26.9256695, 36.9832261], [26.9258628, 36.983317], [26.9259396, 36.9835525], [26.9260385, 36.984427], [26.9259873, 36.9847062], [26.9257765, 36.9848953], [26.9258019, 36.985076], [26.9256883, 36.985285], [26.9251971, 36.9855322], [26.9254039, 36.9864597], [26.9256975, 36.9866876], [26.9262993, 36.986836], [26.9265915, 36.9865003], [26.9269471, 36.9864439], [26.927429, 36.9866907], [26.9276109, 36.9866041], [26.9277893, 36.9867214], [26.9282225, 36.9866742], [26.9284329, 36.9867531], [26.9288022, 36.9871899], [26.9290591, 36.9878527], [26.9289869, 36.9880031], [26.9291485, 36.9879629], [26.9294337, 36.9883426], [26.9299361, 36.9881201], [26.9299162, 36.9882575], [26.9303057, 36.9886474], [26.9301772, 36.9887586], [26.9308823, 36.9892279], [26.9310993, 36.9896592], [26.9313434, 36.9905415], [26.9312723, 36.9909925], [26.9309351, 36.9921299], [26.9302095, 36.9933057], [26.9307287, 36.9933315], [26.9313116, 36.9931836], [26.9314511, 36.9933012], [26.9319336, 36.9934103], [26.9321942, 36.9936847], [26.9322493, 36.9938805], [26.9321884, 36.9940508], [26.932047, 36.9940773], [26.9322462, 36.99422], [26.932317, 36.9944677], [26.9322001, 36.9947124], [26.9331973, 36.9951946], [26.9337882, 36.9956329], [26.934407, 36.9965504], [26.9353447, 36.9975356], [26.9356395, 36.9980545], [26.9355904, 36.9982141], [26.9357729, 36.9988448], [26.9356444, 36.9989148], [26.9356562, 36.9990214], [26.9357992, 36.9989689], [26.9357796, 36.9991575], [26.93593, 36.9991255], [26.9359676, 36.9992643], [26.9362596, 36.9991562], [26.9367802, 36.9992615], [26.936919, 36.9995328], [26.9368524, 36.9997106], [26.9369934, 36.9998149], [26.9375296, 36.9998396], [26.9376492, 36.9999326], [26.9377762, 37.0002096], [26.9375087, 37.0004098], [26.9375133, 37.0005177], [26.9377298, 37.0007358], [26.9379957, 37.0007804], [26.9379856, 37.0008879], [26.938113, 37.0009838], [26.9383565, 37.0009705], [26.9383539, 37.001113], [26.9386095, 37.0012496], [26.9386647, 37.0014851], [26.9389661, 37.0019059], [26.9398782, 37.0028307], [26.9400278, 37.003127], [26.9400943, 37.0033734], [26.9399955, 37.003847], [26.940349, 37.0041958], [26.9401819, 37.0048544], [26.9403267, 37.00489], [26.940232, 37.0051881], [26.9399256, 37.0053349], [26.9400481, 37.0054208], [26.9399701, 37.0054996], [26.9400091, 37.006216], [26.9401039, 37.0066075], [26.9403045, 37.0065586], [26.9405608, 37.0067321], [26.940115, 37.0074796], [26.9401652, 37.0076888], [26.9403769, 37.0077644], [26.9406778, 37.007671], [26.940862, 37.0078396], [26.9411179, 37.0083878], [26.9411746, 37.0089046], [26.9410845, 37.0091704], [26.9405532, 37.0096034], [26.9404438, 37.009909], [26.9405218, 37.0105052], [26.940236, 37.0107814], [26.9403713, 37.0114752], [26.9402497, 37.0117301], [26.9402982, 37.0118928], [26.9405727, 37.0124832], [26.9409954, 37.0130636], [26.9410622, 37.0135307], [26.9409062, 37.0145407], [26.9410887, 37.0149388], [26.940271, 37.0153905], [26.9398026, 37.0159006], [26.9388558, 37.015822], [26.9384023, 37.0155862], [26.9381321, 37.015692], [26.9377418, 37.0156063], [26.9374947, 37.0165053], [26.9375743, 37.0168638], [26.9380146, 37.0174122], [26.938532, 37.0176812], [26.9389659, 37.0177149], [26.9390042, 37.0176108], [26.939151, 37.017683], [26.9399303, 37.0174857], [26.9402307, 37.017342], [26.9402656, 37.0171664], [26.940566, 37.017297], [26.940735, 37.0172692], [26.9407538, 37.0171814], [26.9411105, 37.0172413], [26.941219, 37.0173707], [26.9409509, 37.0179464], [26.9411093, 37.0181034], [26.9407156, 37.0187415], [26.940694, 37.0190018], [26.9401176, 37.0195466], [26.9405235, 37.0198807], [26.9410448, 37.020093], [26.9414344, 37.0200571], [26.9417639, 37.020246], [26.9420043, 37.0205696], [26.9423749, 37.0204857], [26.9428998, 37.0206709], [26.9431924, 37.0205068], [26.9435458, 37.0204778], [26.9440068, 37.020676], [26.9442186, 37.0206224], [26.9443765, 37.0207678], [26.9447517, 37.0206606], [26.9449553, 37.0204325], [26.9462362, 37.0200382], [26.9464103, 37.0199061], [26.947232, 37.0199873], [26.9486706, 37.0194988], [26.9493075, 37.0189291], [26.9494589, 37.0184739], [26.951624, 37.0181398], [26.9522148, 37.0177734], [26.9527811, 37.0179912], [26.9548921, 37.0172682], [26.9571006, 37.0167139], [26.9576438, 37.0161404], [26.9585774, 37.0161591], [26.9605693, 37.0155579], [26.9610195, 37.0152408], [26.9614891, 37.015158], [26.9616547, 37.0149982], [26.9623906, 37.0148326], [26.9627778, 37.0148415], [26.9631803, 37.0146249], [26.963469, 37.0146387], [26.9638044, 37.0144366], [26.9644355, 37.0143067], [26.9651408, 37.0143549], [26.96584, 37.0141556], [26.9659864, 37.0142477], [26.9661284, 37.0142583], [26.9659624, 37.0142126], [26.9660602, 37.0140794], [26.9667042, 37.0140951], [26.967348, 37.014676], [26.9677287, 37.0151918], [26.9680023, 37.0159071], [26.9678977, 37.0160913], [26.9679916, 37.0161673], [26.9669563, 37.0167959], [26.9667806, 37.0170261], [26.9666746, 37.0169886], [26.9666438, 37.0171118], [26.9664922, 37.017176], [26.9663997, 37.0171096], [26.9662549, 37.0172103], [26.9659263, 37.0171546], [26.965811, 37.0173034], [26.9656353, 37.017297], [26.9657399, 37.0173409], [26.9657157, 37.0174298], [26.9656514, 37.0173645], [26.9657131, 37.017599], [26.9651994, 37.0178463], [26.9651122, 37.0179759], [26.9652182, 37.0179689], [26.9652631, 37.0180104], [26.9644725, 37.0185049], [26.9642244, 37.019036], [26.9639763, 37.0192223], [26.9637859, 37.0191913], [26.9637054, 37.0195393], [26.9625936, 37.019883], [26.96173, 37.0203659], [26.9611345, 37.0208563], [26.9606222, 37.0215405], [26.9606262, 37.0216701], [26.9609548, 37.0218992], [26.9607416, 37.0221883], [26.9604063, 37.0221305], [26.9604385, 37.0222076], [26.9601542, 37.0225588], [26.9600844, 37.0224903], [26.9600147, 37.0226059], [26.9595131, 37.0226916], [26.9589418, 37.0231627], [26.9587862, 37.0234882], [26.9591749, 37.023455], [26.9591778, 37.023621], [26.958982, 37.0236359], [26.9589767, 37.0237623], [26.958577, 37.0239101], [26.95851, 37.0241627], [26.9585288, 37.0244304], [26.9587862, 37.0246895], [26.9586977, 37.0247602], [26.9588882, 37.0247966], [26.9588158, 37.025257], [26.9584188, 37.0255397], [26.9579896, 37.026257], [26.9572091, 37.0266403], [26.9569463, 37.0266125], [26.9569194, 37.0264198], [26.956796, 37.0264412], [26.9562837, 37.0268288], [26.9564661, 37.0270986], [26.9564286, 37.0272056], [26.9561738, 37.0272806], [26.9560209, 37.0272078], [26.9558605, 37.0273638], [26.9560182, 37.0275247], [26.9559243, 37.0276767], [26.9560692, 37.0278138], [26.9558251, 37.0279037], [26.9558465, 37.0279722], [26.9559994, 37.0279979], [26.9561148, 37.0282078], [26.9562341, 37.0281799], [26.9561121, 37.0283877], [26.9562837, 37.0284134], [26.9563535, 37.0285675], [26.9562703, 37.0293727], [26.9561926, 37.0296917], [26.9560477, 37.0298416], [26.9559699, 37.0303962], [26.9554898, 37.0306456], [26.955644, 37.0306553], [26.9556615, 37.0307966], [26.9557902, 37.0307409], [26.9558868, 37.0308758], [26.95571, 37.0313052], [26.9555228, 37.0314354], [26.9556564, 37.0318976], [26.955643, 37.032095], [26.9554932, 37.0321741], [26.9556454, 37.0323425], [26.9555495, 37.0326754], [26.9554764, 37.0326883], [26.9555515, 37.032774], [26.9552688, 37.0328465], [26.9552313, 37.0331176], [26.9553142, 37.0332969], [26.955119, 37.0334357], [26.9552046, 37.0336065], [26.9550442, 37.0336791], [26.9549372, 37.0338776], [26.9546002, 37.0339929], [26.9545066, 37.0343686], [26.9543596, 37.034311], [26.953869, 37.0348742], [26.9529609, 37.0355085], [26.9528032, 37.0355448], [26.9525999, 37.0354125], [26.9524448, 37.0354744], [26.9522336, 37.0352438], [26.9520089, 37.0352353], [26.95191, 37.0355705], [26.9516987, 37.0357391], [26.9510061, 37.0358821], [26.9505171, 37.036391], [26.9506332, 37.0365198], [26.9505944, 37.036804], [26.9502312, 37.0370342], [26.9496563, 37.0379155], [26.9489643, 37.0384537], [26.9486026, 37.0388993], [26.9475341, 37.0394592], [26.947456, 37.0397996], [26.9472671, 37.039984], [26.946963, 37.0401487], [26.9466025, 37.0401734], [26.946371, 37.040397], [26.9457244, 37.0406369], [26.9450877, 37.0404833], [26.9445799, 37.0405071], [26.94362, 37.0406968], [26.9427147, 37.0410773], [26.9426386, 37.0415562], [26.9421603, 37.0423518], [26.941638, 37.0425088], [26.9408495, 37.0434213], [26.9397863, 37.0436528], [26.938927, 37.043649], [26.9380786, 37.0434065], [26.9381746, 37.043724], [26.9372419, 37.0441893], [26.9358993, 37.0441955], [26.935493, 37.0436638], [26.9341214, 37.0431], [26.9339301, 37.0428422], [26.9336057, 37.0427393], [26.9334551, 37.0428416], [26.9333501, 37.0431446], [26.9331899, 37.0432029], [26.9333311, 37.0434649], [26.9332345, 37.0436958], [26.9328645, 37.0439785], [26.9323115, 37.044164], [26.9317416, 37.0438554], [26.9312125, 37.0438649], [26.9311418, 37.043948], [26.9311769, 37.0447026], [26.9310376, 37.0447305], [26.931046, 37.0448969], [26.9311065, 37.0448177], [26.9312153, 37.0448802], [26.9311865, 37.0450343], [26.9310545, 37.0450151], [26.9311215, 37.0451634], [26.9310056, 37.0452906], [26.9303194, 37.0457365], [26.9298489, 37.0459035], [26.9296234, 37.0456911], [26.9296607, 37.0459467], [26.9288973, 37.0460751], [26.9278486, 37.0460049], [26.9270573, 37.0457921], [26.9267529, 37.0458251], [26.9258285, 37.045418], [26.9247759, 37.0446542], [26.9248311, 37.0444787], [26.9247333, 37.0444314], [26.9246976, 37.0442449], [26.9242737, 37.0438526], [26.9235302, 37.0435425], [26.923091, 37.043569], [26.9227498, 37.0434794], [26.9222404, 37.0436247], [26.9216253, 37.042999], [26.9215385, 37.0428086], [26.9217696, 37.042379], [26.9228743, 37.0416361], [26.9246976, 37.0409189], [26.925531, 37.0398419], [26.9255144, 37.0394718], [26.9245153, 37.0391977], [26.9241415, 37.0389776], [26.9234657, 37.0381003], [26.9229703, 37.0377898], [26.9226242, 37.0376993], [26.9219124, 37.0378281], [26.9218321, 37.0377576], [26.9214172, 37.037801], [26.9212407, 37.0378855], [26.9205465, 37.0377676], [26.9203858, 37.0378574], [26.9200667, 37.0375934], [26.9199408, 37.0376505], [26.9192494, 37.037419], [26.9190275, 37.0374872], [26.9181654, 37.0371887], [26.9177759, 37.0371527], [26.9175433, 37.0372539], [26.9174749, 37.0370929], [26.9172938, 37.0370894], [26.91709, 37.0373275], [26.9169342, 37.0373604], [26.9169076, 37.0372405], [26.9167639, 37.037258], [26.9165644, 37.0375328], [26.9164034, 37.0375928], [26.9160161, 37.0375213], [26.9156097, 37.0369909], [26.9150745, 37.0369179], [26.9150106, 37.0369922], [26.9147887, 37.0368946], [26.9147613, 37.0369791], [26.9144686, 37.0370474], [26.9142738, 37.0368806], [26.9139669, 37.0369389], [26.9137895, 37.0371639], [26.9139451, 37.0372243], [26.913345, 37.0375407], [26.9134006, 37.037721], [26.9130787, 37.0378124], [26.9127906, 37.0380229], [26.9127263, 37.0381407], [26.9128507, 37.0382113], [26.9118404, 37.0385632], [26.9119328, 37.0387095], [26.9117298, 37.0391554], [26.9112466, 37.0393706], [26.9112226, 37.0396437], [26.9113085, 37.03977], [26.9110054, 37.0401233], [26.9103211, 37.0403606], [26.9100668, 37.0407498], [26.9112628, 37.0427765], [26.9115141, 37.0429013], [26.9120132, 37.0429058], [26.9119323, 37.0438696], [26.9124932, 37.044893], [26.9132286, 37.0455119], [26.9148635, 37.0463369], [26.9160669, 37.0456816], [26.9183877, 37.0448467], [26.9186231, 37.044835], [26.9189784, 37.0451917], [26.91895, 37.0458401], [26.9185958, 37.0459714], [26.9180414, 37.0464315], [26.9184075, 37.0467426], [26.9182456, 37.0469139], [26.9182972, 37.0470792], [26.9185861, 37.047254], [26.9184355, 37.0474575], [26.9179607, 37.0475895], [26.9179338, 37.0478582], [26.9181344, 37.0480656], [26.9185176, 37.0479579], [26.9186694, 37.0480168], [26.9188348, 37.0483513], [26.9188242, 37.0491861], [26.9181233, 37.0495779], [26.9171458, 37.0492532], [26.9171909, 37.049432], [26.9166232, 37.0499297], [26.9172846, 37.0504203], [26.917185, 37.0506074], [26.9173943, 37.051145], [26.9172865, 37.0514813], [26.9174958, 37.0519085], [26.918053, 37.0521652], [26.9183994, 37.0521549], [26.9186807, 37.0520277], [26.9192115, 37.0522203], [26.9192326, 37.0525703], [26.9197088, 37.0527642], [26.9198034, 37.05294], [26.9197481, 37.0535067], [26.9192628, 37.0536723], [26.917923, 37.0536564], [26.9174924, 37.0538914], [26.9174492, 37.0540456], [26.9171007, 37.0541823], [26.9170059, 37.0540867], [26.9167197, 37.0541009], [26.9166456, 37.0542088], [26.9167209, 37.0544061], [26.9163859, 37.0543236], [26.9159026, 37.0544419], [26.9156833, 37.0545816], [26.9156882, 37.0548141], [26.9155717, 37.0548901], [26.9150658, 37.0547759], [26.9132088, 37.0547921], [26.9130999, 37.0548448], [26.9128252, 37.0556242], [26.9128784, 37.0564649], [26.9130337, 37.0567088], [26.912885, 37.056887], [26.9125943, 37.0569601], [26.9115492, 37.0567482], [26.9113868, 37.0568018], [26.9112842, 37.0569907], [26.9098802, 37.0572637], [26.9087955, 37.0577262], [26.9086049, 37.0577198], [26.9086746, 37.0582249], [26.9088867, 37.0586796], [26.9086527, 37.058915], [26.9085006, 37.0588415], [26.9083262, 37.0591054], [26.907624, 37.0593521], [26.9071437, 37.0593207], [26.9066541, 37.059437], [26.9064782, 37.0596421], [26.9056969, 37.0596644], [26.9050822, 37.0599185], [26.905119, 37.0600961], [26.9044894, 37.0603368], [26.9040592, 37.0604083], [26.9035744, 37.0603123], [26.9031941, 37.0605584], [26.9030877, 37.0609481], [26.9032197, 37.0610471], [26.9031729, 37.0611265], [26.9028139, 37.0610697], [26.9026224, 37.0612058], [26.9021739, 37.0611349], [26.9017387, 37.0612591], [26.9010778, 37.0616501], [26.9012434, 37.0617906], [26.9012238, 37.0618861], [26.9007361, 37.0619088], [26.9005133, 37.0620102], [26.9003387, 37.0622341], [26.9007097, 37.0622288], [26.9007515, 37.0625533], [26.9005605, 37.0626128], [26.9006824, 37.0627871], [26.900608, 37.062885], [26.9002281, 37.0630303], [26.8998683, 37.0630434], [26.8994585, 37.0633152], [26.8978639, 37.0637436], [26.897503, 37.0639973], [26.8963438, 37.0641449], [26.8954522, 37.0645783], [26.8953623, 37.06477], [26.895388, 37.0650801], [26.894446, 37.0649039], [26.8938507, 37.0650785], [26.8904066, 37.065459], [26.8897626, 37.0657868], [26.8894319, 37.0661738], [26.8890682, 37.0664], [26.8887478, 37.0669156], [26.8882274, 37.0672863], [26.8880728, 37.0675321], [26.8877944, 37.0677251], [26.8871108, 37.0678779], [26.8868572, 37.0682083], [26.8865928, 37.0682674], [26.8865277, 37.0685279], [26.8860329, 37.0687094], [26.8856846, 37.0689598], [26.8851694, 37.0695902], [26.8849159, 37.0696563], [26.8845429, 37.0700509], [26.8843097, 37.0701133], [26.8843138, 37.0702416], [26.8840723, 37.0702038], [26.8835807, 37.070419], [26.8834508, 37.0706062], [26.8825555, 37.0709072], [26.8819955, 37.0712826], [26.8818744, 37.0715181], [26.8819318, 37.0716037], [26.8815494, 37.0721517], [26.8811958, 37.0723474], [26.8812173, 37.0727402], [26.8810183, 37.0727813], [26.8809369, 37.0730345], [26.8811021, 37.0733115], [26.8807408, 37.0736705], [26.8809884, 37.0738458], [26.88154, 37.075898], [26.8820616, 37.0759334], [26.883533, 37.0755798], [26.8832662, 37.0760377], [26.8834448, 37.0766579], [26.8841393, 37.0771021], [26.8851055, 37.077544], [26.8861559, 37.0777822], [26.8867047, 37.0783136]]]}}, {"type": "Feature", "properties": {}, "geometry": {"type": "Polygon", "coordinates": [[[26.9252347, 37.0309982], [26.9249359, 37.0312497], [26.9250193, 37.031266], [26.9249054, 37.0314055], [26.9252424, 37.0312396], [26.9253034, 37.0315999], [26.9255421, 37.0317134], [26.9256843, 37.0319468], [26.9258211, 37.0319297], [26.9258425, 37.0321695], [26.9273338, 37.0328011], [26.927358, 37.0331073], [26.927712, 37.0334071], [26.9278488, 37.0337047], [26.9280071, 37.0338096], [26.9281251, 37.0337368], [26.9282512, 37.0339574], [26.9289271, 37.0343492], [26.9301528, 37.0347046], [26.9301904, 37.0346147], [26.930346, 37.0347474], [26.9308154, 37.0347924], [26.9317273, 37.0351096], [26.9318105, 37.0350309], [26.9325992, 37.0355769], [26.9328873, 37.0359063], [26.9332553, 37.0360572], [26.933239, 37.0359761], [26.9333386, 37.0360897], [26.9335866, 37.0360669], [26.9337472, 37.0359225], [26.9338915, 37.0355412], [26.9338295, 37.0349455], [26.9339288, 37.0340098], [26.933749, 37.033436], [26.9337786, 37.0328921], [26.9335908, 37.0323525], [26.9325769, 37.0317016], [26.9313029, 37.0317466], [26.9306565, 37.0313419], [26.9300342, 37.0303462], [26.929369, 37.0301407], [26.928905, 37.0297959], [26.9284919, 37.0297574], [26.9274539, 37.0297445], [26.9268236, 37.0298794], [26.9264561, 37.0304104], [26.9253725, 37.0308644], [26.9252739, 37.0312145], [26.9251778, 37.031201], [26.9252347, 37.0309982]]]}}, {"type": "Feature", "properties": {}, "geometry": {"type": "Polygon", "coordinates": [[[27.0946308, 36.932976], [27.0949896, 36.9331594], [27.0951151, 36.9331641], [27.0949558, 36.9329535], [27.094685, 36.9328128], [27.0941704, 36.9329219], [27.0946308, 36.932976]]]}}, {"type": "Feature", "properties": {}, "geometry": {"type": "Polygon", "coordinates": [[[27.0946351, 36.9334637], [27.0950093, 36.9335742], [27.0947873, 36.9337378], [27.0950029, 36.933657], [27.0951045, 36.9334709], [27.0946351, 36.9334637]]]}}, {"type": "Feature", "properties": {}, "geometry": {"type": "Polygon", "coordinates": [[[27.0920146, 36.9382197], [27.0919215, 36.9384497], [27.0919646, 36.9385766], [27.0917878, 36.9388896], [27.0920062, 36.9395584], [27.0919096, 36.9395824], [27.0918179, 36.939803], [27.0918222, 36.9403601], [27.0913749, 36.9405069], [27.0913625, 36.9407072], [27.0915129, 36.9407367], [27.0914585, 36.9408965], [27.0912669, 36.9409998], [27.0914365, 36.9410496], [27.0913652, 36.9416004], [27.0915031, 36.9415868], [27.0913537, 36.9417516], [27.0913627, 36.9419943], [27.0916719, 36.9420112], [27.0919322, 36.9425395], [27.0919234, 36.9430257], [27.0917743, 36.9433524], [27.0915238, 36.943295], [27.0915178, 36.9434032], [27.091293, 36.9434583], [27.0911102, 36.9437206], [27.0908151, 36.9436928], [27.0904949, 36.9438388], [27.0904173, 36.9439733], [27.0900082, 36.9440268], [27.0902591, 36.9440812], [27.0906694, 36.9439809], [27.0901059, 36.9445135], [27.0902211, 36.9445362], [27.0902796, 36.9447384], [27.0905048, 36.9447262], [27.0906769, 36.9449742], [27.0908327, 36.9448864], [27.0912014, 36.9449457], [27.0912099, 36.9451131], [27.091366, 36.9450819], [27.091731, 36.9446416], [27.0920144, 36.9446626], [27.0925518, 36.9444165], [27.0924351, 36.9442202], [27.0926343, 36.9440989], [27.0925698, 36.9440422], [27.0928327, 36.9438013], [27.0931802, 36.943826], [27.0932699, 36.9440947], [27.0935618, 36.9441671], [27.0934401, 36.9443368], [27.0940092, 36.9442891], [27.0939796, 36.944395], [27.0937198, 36.9445151], [27.0945324, 36.9447241], [27.0946855, 36.9451435], [27.0945956, 36.9452031], [27.0947825, 36.9454335], [27.0946817, 36.945858], [27.0945088, 36.9458729], [27.0945717, 36.9460358], [27.0942492, 36.9462444], [27.0945198, 36.9463646], [27.094509, 36.9465431], [27.094775, 36.9465141], [27.0949467, 36.9466007], [27.0949644, 36.9469342], [27.0951846, 36.9471658], [27.095212, 36.9473948], [27.0951611, 36.9476579], [27.094683, 36.9475864], [27.0950674, 36.9477035], [27.094793, 36.9479154], [27.0945135, 36.9479259], [27.0946162, 36.9480152], [27.0943952, 36.9480504], [27.0945662, 36.9481639], [27.0945373, 36.9483717], [27.0940899, 36.9489584], [27.0935591, 36.949193], [27.0934954, 36.9493025], [27.0927071, 36.9495095], [27.0925574, 36.9497549], [27.092234, 36.9497299], [27.0920934, 36.9497711], [27.0922791, 36.9497686], [27.092294, 36.9498479], [27.0922103, 36.9498504], [27.0922777, 36.9499443], [27.0920178, 36.950289], [27.0921345, 36.9503729], [27.0922903, 36.9501747], [27.0924951, 36.9502443], [27.0925482, 36.9501732], [27.0926657, 36.9502248], [27.092698, 36.9503718], [27.0929071, 36.9502419], [27.0929874, 36.9504653], [27.0928796, 36.9506767], [27.0932695, 36.9505886], [27.0934008, 36.95074], [27.0938549, 36.9505555], [27.093895, 36.9507143], [27.0941878, 36.9506863], [27.0941176, 36.9508747], [27.0950843, 36.9505203], [27.0953478, 36.9505754], [27.0959287, 36.9504656], [27.0963161, 36.950464], [27.0966116, 36.9506034], [27.0966748, 36.9506628], [27.0966089, 36.950716], [27.0967906, 36.9507567], [27.0967343, 36.9509401], [27.0970701, 36.9508489], [27.0973132, 36.9506799], [27.0970299, 36.950661], [27.0968193, 36.9503461], [27.0972816, 36.9497618], [27.097235, 36.9493244], [27.0980685, 36.9486864], [27.0975895, 36.9484246], [27.0970696, 36.9479391], [27.0968658, 36.9474024], [27.0968697, 36.9470218], [27.0961499, 36.9462765], [27.0961724, 36.9459297], [27.096353, 36.945916], [27.0961745, 36.9458954], [27.0962559, 36.9456385], [27.096607, 36.9454773], [27.0963872, 36.9453972], [27.0960504, 36.9449847], [27.0961326, 36.9447636], [27.0962647, 36.9447406], [27.0961799, 36.944439], [27.0965241, 36.9438807], [27.0966734, 36.9437893], [27.0965438, 36.9435432], [27.0966229, 36.9433967], [27.096497, 36.9432054], [27.0967734, 36.9428838], [27.0965446, 36.9426732], [27.0965182, 36.942408], [27.0966183, 36.9421344], [27.0968087, 36.9419732], [27.0965545, 36.9418908], [27.0965551, 36.9417661], [27.0967645, 36.9414569], [27.0969898, 36.9414079], [27.0968647, 36.9413609], [27.0968474, 36.9412458], [27.09703, 36.9410678], [27.0972403, 36.9410908], [27.0971475, 36.9409453], [27.0974333, 36.9409304], [27.0972642, 36.9408357], [27.0973291, 36.9407696], [27.0970105, 36.9407468], [27.0964624, 36.9403063], [27.0963991, 36.93991], [27.0965669, 36.9394659], [27.0967818, 36.9392156], [27.0969341, 36.9391729], [27.0971435, 36.9393949], [27.0972133, 36.9393381], [27.0970504, 36.93921], [27.0972098, 36.9389215], [27.0970337, 36.9388113], [27.097116, 36.938578], [27.0976697, 36.9379419], [27.0981619, 36.9376062], [27.0982776, 36.9373572], [27.0984313, 36.9372895], [27.0983494, 36.9369799], [27.0984702, 36.9367559], [27.0986524, 36.9366665], [27.0979399, 36.9360923], [27.0979857, 36.9360245], [27.0961038, 36.9352066], [27.0961216, 36.935118], [27.0958319, 36.9351305], [27.0957714, 36.9349542], [27.0958799, 36.9349132], [27.0958068, 36.9348277], [27.0955558, 36.934805], [27.0953164, 36.9344611], [27.0950166, 36.9342823], [27.0948463, 36.9340531], [27.0951929, 36.9339045], [27.0945945, 36.9340956], [27.0944051, 36.9340394], [27.0947598, 36.933793], [27.094639, 36.9337732], [27.0935597, 36.9344933], [27.0936205, 36.9345682], [27.094129, 36.934246], [27.0939741, 36.9343801], [27.0938682, 36.9348457], [27.0936508, 36.9349832], [27.0935284, 36.9352145], [27.093123, 36.9353015], [27.093004, 36.9357553], [27.092913, 36.9357348], [27.0926637, 36.9359708], [27.0925992, 36.9361747], [27.0922042, 36.9362525], [27.0921803, 36.9363576], [27.0918477, 36.9365286], [27.091553, 36.9364952], [27.0917501, 36.9365855], [27.0909772, 36.9369586], [27.0910025, 36.9373118], [27.0911144, 36.937324], [27.0909392, 36.9374596], [27.0911881, 36.9374947], [27.090999, 36.9375575], [27.0910327, 36.937752], [27.0913573, 36.9377215], [27.0913406, 36.9378399], [27.0915192, 36.9380346], [27.091941, 36.9379784], [27.0920146, 36.9382197]]]}}, {"type": "Feature", "properties": {}, "geometry": {"type": "Polygon", "coordinates": [[[27.0967154, 36.9538974], [27.0968228, 36.9538303], [27.0969644, 36.9539032], [27.096968, 36.9535787], [27.0973506, 36.9534035], [27.0969419, 36.9531115], [27.0971377, 36.9529075], [27.0964294, 36.9527871], [27.09599, 36.9528253], [27.095788, 36.9529192], [27.0959744, 36.9530072], [27.0956264, 36.9533336], [27.0949627, 36.9533572], [27.0950536, 36.9535021], [27.0967154, 36.9538974]]]}}, {"type": "Feature", "properties": {}, "geometry": {"type": "Polygon", "coordinates": [[[27.0582895, 36.954195], [27.0572087, 36.9540386], [27.0571337, 36.9541302], [27.0568887, 36.9540612], [27.0567396, 36.9542482], [27.0564641, 36.9543668], [27.0564059, 36.9542886], [27.0559165, 36.9548218], [27.0560126, 36.9552709], [27.0564173, 36.9556607], [27.0569913, 36.9558551], [27.0580482, 36.955608], [27.0583764, 36.9554214], [27.0585474, 36.9552936], [27.0586699, 36.9550155], [27.0585959, 36.9544503], [27.0582895, 36.954195]]]}}, {"type": "Feature", "properties": {}, "geometry": {"type": "Polygon", "coordinates": [[[27.0804665, 37.0533178], [27.0808907, 37.0534467], [27.0812663, 37.0532882], [27.081684, 37.0527685], [27.0818998, 37.0526611], [27.0820485, 37.0523307], [27.0818043, 37.0522233], [27.0812805, 37.0522064], [27.0809584, 37.0523047], [27.080555, 37.0525933], [27.0803054, 37.0530269], [27.0804665, 37.0533178]]]}}, {"type": "Feature", "properties": {}, "geometry": {"type": "Polygon", "coordinates": [[[27.0706612, 37.0629619], [27.0705948, 37.0632995], [27.0708704, 37.0637581], [27.0712067, 37.0639363], [27.0717106, 37.0639141], [27.0720942, 37.0638304], [27.0729679, 37.0631481], [27.0740024, 37.0625007], [27.074628, 37.0622841], [27.0751125, 37.0623127], [27.0753926, 37.0627414], [27.0754892, 37.0631267], [27.0755889, 37.0640535], [27.0755267, 37.0643681], [27.0756184, 37.0645767], [27.0768906, 37.0654155], [27.077776, 37.0657208], [27.0787071, 37.0657992], [27.0791704, 37.0660674], [27.0801822, 37.0659839], [27.0811626, 37.0665249], [27.0829127, 37.066751], [27.0853189, 37.0662732], [27.0853578, 37.0661122], [27.0857365, 37.0660416], [27.085595, 37.0654372], [27.0858427, 37.065361], [27.0859489, 37.0652141], [27.0863205, 37.0653045], [27.0866744, 37.0659258], [27.0871133, 37.0660952], [27.0873893, 37.0660133], [27.0875486, 37.065714], [27.0881043, 37.0653384], [27.0887103, 37.0656081], [27.0891395, 37.0652828], [27.0892333, 37.0653256], [27.0893782, 37.0650495], [27.0896764, 37.0648512], [27.0908195, 37.0643177], [27.0908102, 37.0641825], [27.090918, 37.0641161], [27.0916267, 37.0641014], [27.0927235, 37.0637375], [27.0935059, 37.0638276], [27.0936292, 37.0637563], [27.0936512, 37.0635659], [27.0939731, 37.0634246], [27.0938497, 37.0633176], [27.0941233, 37.0632748], [27.0942735, 37.0629452], [27.0945524, 37.0627911], [27.0946865, 37.0628852], [27.0955556, 37.0629195], [27.0955341, 37.0630137], [27.0960115, 37.0631635], [27.0959633, 37.0632791], [27.0964729, 37.0634203], [27.0967357, 37.0633818], [27.0970522, 37.0631806], [27.0979159, 37.0633261], [27.0983612, 37.063065], [27.0986991, 37.0626455], [27.0990532, 37.0624572], [27.1000402, 37.0621832], [27.1004721, 37.0619028], [27.1010888, 37.0608703], [27.1010888, 37.0605722], [27.1009627, 37.060479], [27.1013036, 37.0602666], [27.1013223, 37.0601772], [27.1012009, 37.0601325], [27.1012335, 37.0596629], [27.1011661, 37.0596036], [27.1012896, 37.0595511], [27.1014997, 37.0592045], [27.101934, 37.0589548], [27.1026906, 37.0588244], [27.104241, 37.058925], [27.1048948, 37.0588505], [27.106067, 37.0591002], [27.1064045, 37.0589619], [27.1074264, 37.0589265], [27.1075715, 37.0585537], [27.1074264, 37.0584379], [27.107437, 37.0583249], [27.1070193, 37.0576244], [27.1067283, 37.0574573], [27.1057134, 37.057825], [27.1057643, 37.0579021], [27.1048958, 37.0579944], [27.1045085, 37.0579394], [27.1038849, 37.0576314], [27.103638, 37.0576774], [27.1034908, 37.0574832], [27.1027263, 37.0573589], [27.1018486, 37.058017], [27.1012575, 37.0581469], [27.1003919, 37.0576733], [27.0989535, 37.0564467], [27.0981077, 37.0563224], [27.0975131, 37.0564354], [27.0963312, 37.0572928], [27.0957031, 37.0573599], [27.0948134, 37.0576934], [27.0941246, 37.0581928], [27.0932491, 37.0575031], [27.0931112, 37.0568416], [27.0926705, 37.0564773], [27.0925272, 37.0557528], [27.0921131, 37.0557048], [27.0907169, 37.0561638], [27.0904745, 37.0561623], [27.0902373, 37.056336], [27.0903471, 37.0567498], [27.090828, 37.0575039], [27.090942, 37.0578702], [27.0908475, 37.0580137], [27.0907342, 37.0579993], [27.0907152, 37.0580941], [27.0908367, 37.0581802], [27.0907267, 37.0586543], [27.0904794, 37.058855], [27.0902145, 37.0587683], [27.0898551, 37.0582102], [27.0889537, 37.0578323], [27.0885783, 37.0574556], [27.0878701, 37.0569868], [27.087382, 37.0570832], [27.0869662, 37.0570361], [27.0861964, 37.0572437], [27.0852979, 37.0583075], [27.0852387, 37.0585351], [27.0850574, 37.0584971], [27.0846247, 37.0577895], [27.0840507, 37.0576932], [27.0836269, 37.0577339], [27.0831655, 37.0580978], [27.0827552, 37.058239], [27.0821141, 37.0583054], [27.0813765, 37.0585216], [27.0806496, 37.0591701], [27.0803976, 37.0595799], [27.0803789, 37.0597849], [27.0792576, 37.0598778], [27.0784173, 37.0603967], [27.0775268, 37.0606321], [27.0770064, 37.0606706], [27.0765665, 37.0604866], [27.0765451, 37.0602854], [27.0769635, 37.0594249], [27.0767382, 37.0590825], [27.076529, 37.0590611], [27.0756385, 37.0593864], [27.0745817, 37.0601227], [27.0733157, 37.0607434], [27.072334, 37.0614112], [27.0722589, 37.0614797], [27.0723179, 37.0615311], [27.0721552, 37.0615193], [27.0718977, 37.0616734], [27.07119, 37.0622243], [27.0706612, 37.0629619]]]}}, {"type": "Feature", "properties": {}, "geometry": {"type": "Polygon", "coordinates": [[[27.0653318, 37.0846034], [27.0654873, 37.0850721], [27.0655607, 37.0850777], [27.0654954, 37.0851062], [27.0656295, 37.0851062], [27.0654427, 37.0843249], [27.0660574, 37.0831748], [27.0669351, 37.082596], [27.067742, 37.0822967], [27.0684959, 37.0822035], [27.0687047, 37.081955], [27.068641, 37.0817772], [27.0676571, 37.081828], [27.066567, 37.0821131], [27.0658769, 37.0824209], [27.0655973, 37.0827315], [27.0656397, 37.0827992], [27.0654203, 37.0829517], [27.0653389, 37.0831974], [27.0652681, 37.0836689], [27.0653784, 37.084192], [27.0653318, 37.0846034]]]}}, {"type": "Feature", "properties": {}, "geometry": {"type": "Polygon", "coordinates": [[[27.1159929, 36.647648], [27.1152985, 36.6471342], [27.115159, 36.6467813], [27.115277, 36.6464714], [27.1151912, 36.6458946], [27.1149874, 36.6456708], [27.1142042, 36.6455331], [27.1134746, 36.6451285], [27.1130991, 36.644569], [27.1127343, 36.6438028], [27.1126085, 36.6431949], [27.1124661, 36.6430539], [27.1125412, 36.6427526], [27.1128631, 36.6427009], [27.113227, 36.642256], [27.1130133, 36.6420123], [27.1129918, 36.6417023], [27.113226, 36.641485], [27.1134531, 36.6410309], [27.1135604, 36.6405402], [27.1135175, 36.64017], [27.1136999, 36.6399634], [27.113657, 36.6397309], [27.1134639, 36.639576], [27.112746, 36.639815], [27.1121857, 36.6401342], [27.1120227, 36.6399505], [27.11179, 36.639945], [27.111957, 36.6402149], [27.1118708, 36.6403721], [27.1114147, 36.6406865], [27.1120733, 36.6412694], [27.1122707, 36.6413209], [27.1120006, 36.6417697], [27.1117922, 36.6417864], [27.1111357, 36.6414785], [27.1108179, 36.6414706], [27.110357, 36.641745], [27.1102559, 36.641909], [27.1099877, 36.6418745], [27.1099126, 36.6420467], [27.110213, 36.6421758], [27.1103632, 36.6420467], [27.1111143, 36.6426579], [27.1112281, 36.6427951], [27.1108353, 36.6430367], [27.111157, 36.643542], [27.111954, 36.643799], [27.1120584, 36.6441127], [27.1118867, 36.6445087], [27.112753, 36.644825], [27.1129564, 36.6450466], [27.1128955, 36.645268], [27.112506, 36.6452806], [27.111638, 36.645597], [27.1114376, 36.6459149], [27.11148, 36.646111], [27.112052, 36.646144], [27.1123848, 36.6464436], [27.112118, 36.646624], [27.1112215, 36.6466091], [27.110684, 36.647654], [27.110685, 36.648167], [27.110366, 36.648425], [27.1100562, 36.6491786], [27.1091723, 36.6489505], [27.1080695, 36.6497304], [27.1076948, 36.6497888], [27.1075461, 36.6500186], [27.1072923, 36.6501755], [27.1072234, 36.6505305], [27.107341, 36.650997], [27.1071017, 36.6512057], [27.1064743, 36.6510431], [27.1065116, 36.6515801], [27.1062434, 36.6516791], [27.106061, 36.6519804], [27.105457, 36.6524173], [27.1053824, 36.6525698], [27.1046087, 36.6524281], [27.1048316, 36.652669], [27.1045589, 36.6527163], [27.1048215, 36.6532343], [27.1044745, 36.6538007], [27.1045478, 36.6543728], [27.1041176, 36.6550406], [27.1044087, 36.6551823], [27.1041092, 36.6562817], [27.1037109, 36.6562741], [27.1035867, 36.6563892], [27.1036342, 36.6574267], [27.1038155, 36.6578106], [27.103684, 36.658194], [27.103365, 36.658451], [27.103365, 36.658708], [27.1036041, 36.6587972], [27.1036684, 36.6590124], [27.1034324, 36.6593739], [27.1035835, 36.6595118], [27.1037757, 36.6593997], [27.104004, 36.659478], [27.1042371, 36.6597181], [27.1042168, 36.6601977], [27.1047654, 36.6606899], [27.1049031, 36.6609401], [27.1046783, 36.6613298], [27.1042585, 36.6615083], [27.1039581, 36.6619128], [27.1038703, 36.6622516], [27.104149, 36.6631154], [27.10395, 36.663444], [27.1038007, 36.664103], [27.1038748, 36.6647286], [27.1040704, 36.6650998], [27.1041563, 36.6655816], [27.104651, 36.665901], [27.1048722, 36.6661086], [27.1049751, 36.6663934], [27.1055253, 36.6668361], [27.1060521, 36.6669666], [27.1066996, 36.6669817], [27.1070266, 36.6667752], [27.1075949, 36.6670762], [27.1083462, 36.6668699], [27.1085735, 36.6665414], [27.1090436, 36.6662158], [27.1091737, 36.6658983], [27.1096269, 36.6657245], [27.1106817, 36.6657471], [27.1114361, 36.6654671], [27.1115336, 36.6656873], [27.111994, 36.6656823], [27.112788, 36.6654499], [27.1132396, 36.6654928], [27.1135712, 36.6653208], [27.1137321, 36.6654499], [27.1137857, 36.665863], [27.1139145, 36.6660093], [27.1140003, 36.6659146], [27.1139145, 36.665252], [27.114377, 36.664992], [27.1148801, 36.6649422], [27.1153439, 36.6651073], [27.1156938, 36.6652969], [27.115605, 36.6655072], [27.1162532, 36.6657681], [27.1168335, 36.6656407], [27.1171685, 36.6657461], [27.1174641, 36.6654619], [27.117886, 36.665503], [27.1206844, 36.6669301], [27.1227014, 36.6682898], [27.1230125, 36.6686771], [27.1224546, 36.6705703], [27.1224868, 36.6709834], [27.1227014, 36.6716116], [27.1231949, 36.6724291], [27.1233259, 36.6730723], [27.1239297, 36.6738131], [27.1245508, 36.6742439], [27.1249223, 36.6743222], [27.125418, 36.6748866], [27.1259603, 36.6747358], [27.1262182, 36.6744278], [27.1263463, 36.6745862], [27.1270328, 36.6748014], [27.1276169, 36.6755564], [27.1274756, 36.67566], [27.1277939, 36.6757354], [27.127988, 36.6759076], [27.1279501, 36.6764354], [27.1287286, 36.6769379], [27.1290297, 36.677001], [27.1295142, 36.6768219], [27.1294391, 36.6770026], [27.1295625, 36.6771187], [27.1294445, 36.677364], [27.1295142, 36.6775364], [27.129865, 36.677437], [27.1296483, 36.6777426], [27.1298154, 36.6780556], [27.1301104, 36.6779569], [27.1300989, 36.6782115], [27.1304315, 36.6789988], [27.1302867, 36.6792527], [27.1303634, 36.6796778], [27.1306466, 36.679878], [27.1309654, 36.6798173], [27.1315002, 36.6800003], [27.131577, 36.6801026], [27.1315862, 36.6804281], [27.1314828, 36.6804758], [27.1313307, 36.680352], [27.131115, 36.6804336], [27.1318616, 36.6814258], [27.1316048, 36.6815189], [27.1315621, 36.6816961], [27.1320951, 36.6817351], [27.1322122, 36.681933], [27.1325716, 36.6817589], [27.1328811, 36.6817688], [27.1331416, 36.6818037], [27.133398, 36.6820057], [27.133719, 36.6819373], [27.1340742, 36.6820522], [27.1355024, 36.6819446], [27.1362283, 36.6817757], [27.137211, 36.6813098], [27.1376184, 36.6808505], [27.1377057, 36.6805046], [27.1379042, 36.6803885], [27.1380866, 36.6800443], [27.1379954, 36.679343], [27.1382488, 36.6790959], [27.1389489, 36.6773481], [27.139079, 36.6771747], [27.139594, 36.67717], [27.1397656, 36.6769854], [27.1399695, 36.6769523], [27.1400016, 36.6765982], [27.1403986, 36.6763701], [27.1406186, 36.6763615], [27.1405005, 36.6754365], [27.1407151, 36.6753419], [27.1409905, 36.6754513], [27.1410209, 36.6751353], [27.1407497, 36.6752015], [27.1406678, 36.6750862], [27.1408851, 36.6748412], [27.1405059, 36.6735305], [27.1401362, 36.6731862], [27.1402886, 36.6728704], [27.1409022, 36.6725076], [27.1411036, 36.6725117], [27.1411665, 36.6726492], [27.1420412, 36.6728443], [27.1424421, 36.6727908], [27.1429726, 36.6722958], [27.1430676, 36.6725207], [27.1436278, 36.6722739], [27.143412, 36.672027], [27.1442799, 36.670967], [27.144842, 36.66997], [27.144842, 36.669456], [27.1446432, 36.6694103], [27.1444166, 36.6689525], [27.1438758, 36.6684376], [27.1433415, 36.6683294], [27.1428984, 36.668079], [27.1420348, 36.66798], [27.1409243, 36.6675627], [27.1410853, 36.6673776], [27.1410102, 36.6672313], [27.1406293, 36.6671066], [27.140345, 36.6671367], [27.1403718, 36.6672701], [27.1400768, 36.667511], [27.1397763, 36.6673819], [27.1392506, 36.6677176], [27.138619, 36.667536], [27.1381509, 36.6679026], [27.1377861, 36.6683587], [27.1370888, 36.6684835], [27.136069, 36.668309], [27.1351361, 36.6678165], [27.1347874, 36.6679112], [27.134474, 36.667797], [27.1339345, 36.6678122], [27.1336663, 36.6676917], [27.132808, 36.667653], [27.1322018, 36.6677606], [27.1299648, 36.6672658], [27.1279693, 36.6675368], [27.1267515, 36.6680876], [27.1262956, 36.6680403], [27.1250242, 36.6672916], [27.122669, 36.665113], [27.1219987, 36.6638879], [27.1222776, 36.663066], [27.122519, 36.6628853], [27.12327, 36.6632855], [27.1233022, 36.6632123], [27.1228623, 36.6625841], [27.123302, 36.662286], [27.1233344, 36.6621538], [27.1231896, 36.6620333], [27.1228784, 36.6621365], [27.1229374, 36.6622312], [27.1224225, 36.6624679], [27.1221328, 36.6624507], [27.1220255, 36.6626357], [27.1210813, 36.6629886], [27.1207327, 36.6627863], [27.1203625, 36.6622656], [27.1202338, 36.6616546], [27.121546, 36.66126], [27.1216983, 36.6610995], [27.1216285, 36.6609962], [27.1213817, 36.6609833], [27.1201318, 36.6614265], [27.1190214, 36.660355], [27.1183348, 36.6593566], [27.1182597, 36.6589779], [27.117455, 36.6575234], [27.1172833, 36.6569726], [27.1164358, 36.6554577], [27.1159208, 36.654795], [27.1156633, 36.6539343], [27.1158135, 36.653151], [27.1149659, 36.6521525], [27.1147191, 36.6516361], [27.1147084, 36.651111], [27.114833, 36.650476], [27.1152878, 36.6494756], [27.1151268, 36.6492604], [27.1150947, 36.6488902], [27.115468, 36.64842], [27.1154594, 36.6480811], [27.1159929, 36.647648]]]}}, {"type": "Feature", "properties": {}, "geometry": {"type": "Polygon", "coordinates": [[[27.1345678, 36.6646705], [27.1347404, 36.6647731], [27.1349358, 36.6644951], [27.1356176, 36.6643662], [27.1358724, 36.6644013], [27.1363307, 36.6647364], [27.1363932, 36.6649296], [27.1368365, 36.6649883], [27.1367235, 36.6645803], [27.137069, 36.6645919], [27.137161, 36.664514], [27.1372388, 36.6643624], [27.1370732, 36.6642384], [27.137272, 36.6640375], [27.1374583, 36.6635669], [27.1376241, 36.6634615], [27.1374928, 36.6633562], [27.1377213, 36.6621338], [27.1383947, 36.6617801], [27.1378206, 36.6615281], [27.1372838, 36.661706], [27.1370689, 36.661875], [27.1365481, 36.6617903], [27.135102, 36.662273], [27.1346492, 36.6630251], [27.134467, 36.664072], [27.1346611, 36.6644724], [27.1346502, 36.6646667], [27.1345678, 36.6646705]]]}}, {"type": "Feature", "properties": {}, "geometry": {"type": "Polygon", "coordinates": [[[26.923767, 36.7411563], [26.9239476, 36.7414586], [26.9240064, 36.741907], [26.9238634, 36.7422767], [26.9233693, 36.7423866], [26.9235701, 36.7424315], [26.9236704, 36.742808], [26.9234554, 36.7434301], [26.9232411, 36.7436552], [26.9226715, 36.7436348], [26.9223377, 36.7437361], [26.9219154, 36.7436267], [26.9222087, 36.7437969], [26.9220091, 36.7439019], [26.9221396, 36.7440348], [26.9220612, 36.7442294], [26.9221245, 36.7443753], [26.9217957, 36.7443793], [26.9219841, 36.7445881], [26.9218576, 36.7446793], [26.922108, 36.7449954], [26.9220776, 36.7452162], [26.9218675, 36.7453641], [26.9216275, 36.7453885], [26.9215567, 36.7452953], [26.9206109, 36.7450035], [26.9206286, 36.7453176], [26.9209599, 36.7455607], [26.9208486, 36.745733], [26.9205575, 36.7457111], [26.9204083, 36.7460901], [26.9205146, 36.74624], [26.9207674, 36.7462947], [26.9208054, 36.7464021], [26.9207767, 36.7465087], [26.9206147, 36.7465643], [26.9206208, 36.7467702], [26.9201466, 36.746845], [26.9202368, 36.7469361], [26.9200064, 36.7474784], [26.9196043, 36.7476506], [26.9193919, 36.7479383], [26.9190219, 36.7479638], [26.9188727, 36.7482516], [26.9185339, 36.7483914], [26.9185237, 36.7485211], [26.9182152, 36.7485555], [26.918061, 36.7487318], [26.9181231, 36.748913], [26.917757, 36.7491429], [26.9179011, 36.7492584], [26.9178495, 36.7495768], [26.9179788, 36.7496221], [26.9179826, 36.7497315], [26.9178336, 36.749845], [26.91786, 36.7500327], [26.9177796, 36.7500843], [26.9179119, 36.7501975], [26.917953, 36.7505413], [26.9181346, 36.7506672], [26.9181131, 36.7508425], [26.91837, 36.7509867], [26.9182967, 36.7510124], [26.9184972, 36.7512165], [26.9186061, 36.7512044], [26.9185734, 36.7513366], [26.9187024, 36.7516264], [26.9191051, 36.7519562], [26.9191463, 36.7521439], [26.9193823, 36.7522385], [26.9194202, 36.7524854], [26.9197224, 36.7527118], [26.9196656, 36.7529549], [26.9200161, 36.7529363], [26.9201269, 36.7529879], [26.9200518, 36.7530065], [26.9200948, 36.7530681], [26.9202879, 36.7530695], [26.9203469, 36.7532959], [26.9202646, 36.7533489], [26.9208729, 36.7537959], [26.9208501, 36.7542598], [26.9211738, 36.7545516], [26.9211561, 36.754657], [26.9213685, 36.7546853], [26.9213961, 36.7548559], [26.9214825, 36.7548603], [26.9212663, 36.7550877], [26.9213737, 36.7552417], [26.9212663, 36.7556702], [26.9215081, 36.7562238], [26.9213876, 36.7562872], [26.9215163, 36.7564376], [26.9213814, 36.7564776], [26.9216161, 36.7567116], [26.9214513, 36.7569139], [26.9219335, 36.7571923], [26.9218835, 36.7574103], [26.9220655, 36.7574579], [26.9219077, 36.7575636], [26.9220615, 36.7576968], [26.9219336, 36.7577462], [26.9221362, 36.7579507], [26.9219976, 36.7580195], [26.9221022, 36.7581327], [26.9219645, 36.7582551], [26.9220378, 36.7583939], [26.9218899, 36.7584648], [26.9219923, 36.7585002], [26.9216947, 36.7589595], [26.9219664, 36.7590125], [26.921979, 36.7591744], [26.9222924, 36.7591708], [26.9221261, 36.7593571], [26.9221994, 36.7593742], [26.9221449, 36.7595882], [26.9222291, 36.7596467], [26.9222191, 36.75983], [26.9224078, 36.7598286], [26.922296, 36.7599167], [26.9224355, 36.7599254], [26.9224498, 36.7601827], [26.9223658, 36.7602391], [26.9224838, 36.7602499], [26.9223582, 36.7602964], [26.9225111, 36.760421], [26.9223079, 36.7605116], [26.9223913, 36.7605846], [26.9221336, 36.760821], [26.9224886, 36.7609412], [26.9223902, 36.761025], [26.9224724, 36.7611011], [26.9223624, 36.7611213], [26.9224572, 36.7611603], [26.9223396, 36.7611806], [26.922403, 36.7612362], [26.922285, 36.7612857], [26.9222903, 36.7613831], [26.9220766, 36.761411], [26.9220203, 36.7615972], [26.9221553, 36.7615793], [26.9218925, 36.7616853], [26.9218719, 36.7618028], [26.9219806, 36.7618416], [26.9218307, 36.7619442], [26.9219584, 36.7620571], [26.92172, 36.7621791], [26.9218497, 36.7622092], [26.921818, 36.7622998], [26.9220264, 36.7623029], [26.9219586, 36.7624682], [26.9221021, 36.762446], [26.9222014, 36.7625405], [26.9221036, 36.7627369], [26.9218935, 36.7627634], [26.9221045, 36.7629389], [26.9218005, 36.7630936], [26.9217826, 36.7631831], [26.921931, 36.763292], [26.9217298, 36.7633543], [26.9217191, 36.76362], [26.9218961, 36.7638012], [26.921854, 36.7639636], [26.9219293, 36.7640378], [26.9222565, 36.7640482], [26.9224133, 36.7639145], [26.9225701, 36.763951], [26.9227555, 36.7638039], [26.9230666, 36.7637766], [26.9232101, 36.7635507], [26.9231989, 36.7631922], [26.9237362, 36.7630913], [26.9241522, 36.762756], [26.9242879, 36.7625003], [26.9247832, 36.762539], [26.9250906, 36.7623292], [26.9256533, 36.762393], [26.9258303, 36.7621256], [26.9260149, 36.7620243], [26.9259554, 36.7616849], [26.9262045, 36.7616019], [26.9264195, 36.7616961], [26.9261928, 36.7617743], [26.926562, 36.7618999], [26.9267795, 36.7622605], [26.9267416, 36.7623841], [26.9268453, 36.7623578], [26.9269765, 36.7625755], [26.9274246, 36.7628842], [26.9275776, 36.7628751], [26.927546, 36.762947], [26.9278664, 36.7630485], [26.9279581, 36.7635874], [26.9280698, 36.7635946], [26.9281109, 36.7637908], [26.9283363, 36.763914], [26.9283032, 36.7640472], [26.9285276, 36.7641991], [26.928448, 36.7642356], [26.9285396, 36.7643369], [26.9284391, 36.7646216], [26.9287103, 36.7646515], [26.9289208, 36.7648715], [26.9293841, 36.7650724], [26.9293766, 36.7652345], [26.9292185, 36.7653003], [26.9291237, 36.7655019], [26.9291266, 36.7659324], [26.9293258, 36.7660446], [26.9291443, 36.7660875], [26.9291801, 36.7664163], [26.9293008, 36.7664564], [26.9293446, 36.7663855], [26.9294751, 36.7664958], [26.9296048, 36.766374], [26.9297915, 36.7664291], [26.9305271, 36.766301], [26.9304305, 36.7667014], [26.9306426, 36.7671636], [26.9310079, 36.767401], [26.9313428, 36.7674807], [26.9314126, 36.7674213], [26.9314242, 36.7675122], [26.9317639, 36.7677271], [26.9317121, 36.7677958], [26.9323937, 36.7679426], [26.9325456, 36.7680749], [26.9328995, 36.7680987], [26.9335924, 36.7680014], [26.9337239, 36.7678779], [26.9339919, 36.7679467], [26.9339606, 36.7680941], [26.9341446, 36.7679564], [26.9344532, 36.7679888], [26.9346858, 36.7678592], [26.9349171, 36.7679284], [26.9350977, 36.7678537], [26.935044, 36.7677591], [26.9361612, 36.7673963], [26.9362744, 36.7672603], [26.9371797, 36.7670902], [26.938291, 36.7666502], [26.9384696, 36.7661751], [26.9388682, 36.7657473], [26.9388726, 36.7654873], [26.9391407, 36.7654299], [26.9393916, 36.7656192], [26.9394586, 36.7658544], [26.9403089, 36.7658889], [26.9403934, 36.7659592], [26.9403526, 36.7660883], [26.9405389, 36.7662085], [26.9404639, 36.7663466], [26.9410379, 36.7664089], [26.9410893, 36.7666089], [26.9412694, 36.7666441], [26.9412175, 36.7667376], [26.941679, 36.7668532], [26.9417615, 36.7670969], [26.9418782, 36.767143], [26.9417824, 36.7672757], [26.9423551, 36.7671721], [26.9432021, 36.7676131], [26.9432632, 36.7673344], [26.9433782, 36.7673052], [26.9436609, 36.7669362], [26.9440125, 36.7670091], [26.9440238, 36.7671301], [26.9438068, 36.7674053], [26.9440345, 36.7676391], [26.9442302, 36.7681122], [26.9443619, 36.768172], [26.9443631, 36.7683516], [26.9450932, 36.7687108], [26.9452768, 36.7689788], [26.9451686, 36.7691199], [26.9455614, 36.7693198], [26.9468291, 36.7691562], [26.9471788, 36.7691622], [26.9472266, 36.7693275], [26.9477886, 36.7692186], [26.947916, 36.7689748], [26.9478177, 36.7686381], [26.947945, 36.7686304], [26.9479522, 36.7685285], [26.9480602, 36.7685669], [26.947933, 36.76829], [26.948173, 36.7681285], [26.9485259, 36.7681285], [26.948718, 36.7685054], [26.9487084, 36.7690554], [26.9490589, 36.7693054], [26.9490973, 36.7690823], [26.9489438, 36.7688489], [26.9490481, 36.7687813], [26.9492727, 36.7689104], [26.9494932, 36.7692645], [26.9496695, 36.7692791], [26.9501148, 36.7696378], [26.950062, 36.7697709], [26.9503689, 36.7696983], [26.9505525, 36.7698106], [26.9506784, 36.7701921], [26.9506281, 36.7703351], [26.9507664, 36.7703835], [26.9508114, 36.7707126], [26.9509954, 36.7708027], [26.9512243, 36.7707745], [26.9514885, 36.7711372], [26.9519288, 36.771375], [26.9521024, 36.7713247], [26.9530458, 36.7715181], [26.9537855, 36.7713831], [26.9540471, 36.771498], [26.9548044, 36.7715746], [26.9550266, 36.7717441], [26.9551468, 36.7720112], [26.9548835, 36.7720882], [26.9549557, 36.7722093], [26.9554902, 36.7723131], [26.9557303, 36.772235], [26.9559438, 36.7723732], [26.9561519, 36.7721651], [26.9564276, 36.7723034], [26.956513, 36.7725869], [26.9567842, 36.7726165], [26.9570965, 36.7728092], [26.9572833, 36.7730871], [26.9578259, 36.7733365], [26.9580341, 36.7737512], [26.9586938, 36.7740776], [26.9590113, 36.7745098], [26.9597582, 36.77445], [26.9600493, 36.774659], [26.9603322, 36.7745394], [26.9604215, 36.7745919], [26.9606493, 36.7744226], [26.9603426, 36.7742007], [26.9604404, 36.7740076], [26.9609674, 36.7738776], [26.9613783, 36.7740554], [26.9614729, 36.7742556], [26.9614204, 36.7744724], [26.9610167, 36.7744776], [26.9611663, 36.7745748], [26.9611289, 36.7746693], [26.9614531, 36.7747344], [26.9618007, 36.7746563], [26.9619722, 36.7748033], [26.9625845, 36.7748993], [26.9629159, 36.7751368], [26.9632865, 36.775009], [26.9632956, 36.7748473], [26.9643966, 36.7748118], [26.9644536, 36.7749346], [26.9650477, 36.7749287], [26.9653159, 36.7748847], [26.9656226, 36.7746888], [26.9653931, 36.7744978], [26.9650796, 36.774474], [26.9650347, 36.7739206], [26.9649441, 36.7739516], [26.9649555, 36.7745634], [26.9646414, 36.774591], [26.9644282, 36.7747438], [26.9632802, 36.77481], [26.9632356, 36.774689], [26.9627964, 36.7746019], [26.9627042, 36.7741411], [26.962831, 36.7735944], [26.9631977, 36.7732463], [26.963627, 36.7731097], [26.966432, 36.7729446], [26.9669893, 36.7726927], [26.9675646, 36.7727713], [26.9685889, 36.7731461], [26.9690203, 36.7729449], [26.9694919, 36.7731441], [26.971527, 36.7729418], [26.9719006, 36.7730437], [26.9727723, 36.7728962], [26.9737018, 36.7730497], [26.9739894, 36.7727894], [26.9744055, 36.772634], [26.9759532, 36.7724145], [26.9769347, 36.7726855], [26.9772232, 36.7726439], [26.9774902, 36.772898], [26.9781044, 36.7726149], [26.9783335, 36.7723689], [26.9795745, 36.7721313], [26.980078, 36.7721462], [26.9800877, 36.7720746], [26.9798918, 36.7720239], [26.9801561, 36.7716704], [26.9805165, 36.771658], [26.9808929, 36.7718401], [26.9811114, 36.7718237], [26.9817056, 36.7713531], [26.9821858, 36.7712921], [26.9826866, 36.7713698], [26.9828269, 36.7712009], [26.9832957, 36.7711114], [26.9834153, 36.7712252], [26.9838349, 36.7711963], [26.9840538, 36.7712897], [26.98425, 36.771433], [26.9842016, 36.7716289], [26.9843375, 36.7716836], [26.9843661, 36.771497], [26.9850193, 36.7712812], [26.9851533, 36.7711509], [26.9855525, 36.7712004], [26.9864837, 36.7706116], [26.9867358, 36.7703203], [26.9870676, 36.770121], [26.9874919, 36.7700698], [26.9882384, 36.7697172], [26.9888032, 36.7696405], [26.9893838, 36.7693108], [26.989985, 36.7692745], [26.9904796, 36.7694168], [26.9907484, 36.7693572], [26.9918827, 36.7699818], [26.9924278, 36.7701499], [26.9936899, 36.770994], [26.9941271, 36.7710874], [26.9949958, 36.7716186], [26.9971863, 36.7732962], [26.9993826, 36.7752177], [26.9999763, 36.7760182], [27.0013455, 36.7772604], [27.002919, 36.778993], [27.0078861, 36.7847663], [27.0089871, 36.786157], [27.0096312, 36.7871329], [27.0101621, 36.7876103], [27.0117636, 36.7896736], [27.0147665, 36.7926464], [27.015315, 36.7934356], [27.0156202, 36.7940766], [27.0159797, 36.7943917], [27.0160933, 36.7946809], [27.0165705, 36.7949191], [27.0182261, 36.7967475], [27.0193216, 36.7985069], [27.0195739, 36.7992313], [27.0199801, 36.7996601], [27.0202509, 36.7997636], [27.021568, 36.8011599], [27.0219778, 36.8014127], [27.0226856, 36.8023391], [27.0236119, 36.8032286], [27.0253133, 36.8056856], [27.0261503, 36.8076922], [27.0272203, 36.809208], [27.0277969, 36.810492], [27.0289714, 36.811991], [27.0290258, 36.8122157], [27.0296829, 36.8123795], [27.0300494, 36.8120378], [27.0306969, 36.8121495], [27.0311038, 36.8120641], [27.0319633, 36.8123673], [27.0326566, 36.8128575], [27.0332486, 36.8134862], [27.0334185, 36.8138354], [27.0337361, 36.8139637], [27.0346316, 36.8148506], [27.0348412, 36.8152756], [27.0353332, 36.8157203], [27.0358256, 36.8164125], [27.0364656, 36.8168313], [27.0370053, 36.8168697], [27.0375713, 36.8164952], [27.0381821, 36.8164948], [27.0386189, 36.8166087], [27.0396016, 36.8170775], [27.040517, 36.8176795], [27.0412721, 36.817744], [27.0416778, 36.8180518], [27.0429231, 36.8192999], [27.0440994, 36.8206509], [27.0448452, 36.8218687], [27.045585, 36.823431], [27.046835, 36.8239743], [27.047662, 36.824972], [27.0486896, 36.8267857], [27.0491937, 36.8272623], [27.0494722, 36.8277427], [27.0499715, 36.8283192], [27.0507013, 36.8285344], [27.0522204, 36.8297623], [27.0529941, 36.8302054], [27.0537022, 36.8310197], [27.0549379, 36.8328681], [27.056778, 36.834731], [27.057737, 36.835244], [27.058536, 36.836015], [27.05909, 36.8366342], [27.0598535, 36.8378473], [27.0609563, 36.8383271], [27.0617503, 36.838968], [27.0624103, 36.8397003], [27.0630214, 36.8405929], [27.0651392, 36.8411613], [27.0660293, 36.8411695], [27.0670553, 36.8408935], [27.0674702, 36.840928], [27.068725, 36.8415614], [27.0697438, 36.8424083], [27.071493, 36.8443782], [27.0722709, 36.8455148], [27.0737541, 36.848461], [27.0743639, 36.8491869], [27.0748761, 36.8500265], [27.0750016, 36.8506785], [27.0756105, 36.8510899], [27.0756192, 36.8515031], [27.0757674, 36.8515904], [27.0757736, 36.8517421], [27.0756034, 36.8518326], [27.0756624, 36.8520418], [27.0764997, 36.8523208], [27.0768417, 36.852555], [27.0770075, 36.8525484], [27.0770419, 36.8523772], [27.0761282, 36.8520697], [27.0761788, 36.8519544], [27.0758899, 36.8518103], [27.0759778, 36.850601], [27.0774643, 36.8506663], [27.0786957, 36.8501578], [27.0790094, 36.8502433], [27.0797719, 36.8501802], [27.0809983, 36.8503521], [27.0812055, 36.8502972], [27.0816854, 36.8506442], [27.0823967, 36.8508991], [27.0828737, 36.8512282], [27.0843909, 36.8519685], [27.0853206, 36.8522727], [27.0862867, 36.8527321], [27.0879882, 36.8529521], [27.0880754, 36.8528626], [27.0885464, 36.8528346], [27.0899199, 36.8529346], [27.0902787, 36.8528013], [27.0912, 36.8527039], [27.0942466, 36.8534661], [27.0953305, 36.8536017], [27.0972825, 36.8541985], [27.0993507, 36.8550958], [27.1034566, 36.8565906], [27.1045499, 36.8571112], [27.1047241, 36.8570991], [27.1084551, 36.8589284], [27.1096069, 36.8597422], [27.1096367, 36.8599091], [27.1124122, 36.8609133], [27.1130471, 36.8609844], [27.1136789, 36.8612401], [27.1148503, 36.8619066], [27.1148468, 36.8619828], [27.1150402, 36.8619511], [27.1188024, 36.8640281], [27.1229298, 36.8670082], [27.1244463, 36.8676533], [27.1263477, 36.8686988], [27.1278001, 36.8696929], [27.1326144, 36.8725621], [27.1353918, 36.8738989], [27.1366465, 36.8746838], [27.1410581, 36.878221], [27.1419008, 36.8788206], [27.1427626, 36.8791194], [27.1442099, 36.8802817], [27.1455425, 36.8804958], [27.1464442, 36.8808298], [27.1469137, 36.8807], [27.1476455, 36.8809099], [27.1541971, 36.8836894], [27.1549543, 36.8841045], [27.1558917, 36.8844054], [27.1566156, 36.8847965], [27.1571561, 36.8847471], [27.158242, 36.8851732], [27.1629474, 36.8872855], [27.1658276, 36.8887436], [27.17109, 36.8906898], [27.1720513, 36.8909082], [27.1761914, 36.8914108], [27.178939, 36.8914269], [27.1822747, 36.89067], [27.1838701, 36.8901426], [27.1854044, 36.889812], [27.1871972, 36.8896292], [27.188944, 36.8895723], [27.1939773, 36.8896662], [27.1970972, 36.8895265], [27.2000586, 36.889768], [27.2010817, 36.8897343], [27.2054795, 36.8902527], [27.2056299, 36.8901488], [27.2063613, 36.8901944], [27.2104494, 36.8907635], [27.2108378, 36.8905765], [27.2117997, 36.890481], [27.2134157, 36.8906832], [27.2173185, 36.8915676], [27.2231587, 36.8930989], [27.2237979, 36.8933629], [27.2240339, 36.893361], [27.2242056, 36.8929903], [27.2244792, 36.892918], [27.2264334, 36.8934103], [27.227853, 36.8931498], [27.2298093, 36.8932735], [27.2313117, 36.893526], [27.2345634, 36.8944502], [27.2353224, 36.8944286], [27.2419471, 36.8969648], [27.2464902, 36.8988905], [27.2481105, 36.8996467], [27.2486389, 36.8999949], [27.250597, 36.9008425], [27.2511673, 36.900873], [27.2518618, 36.901196], [27.253862, 36.902349], [27.2549348, 36.9027677], [27.260618, 36.90601], [27.2642579, 36.9081323], [27.268267, 36.9107228], [27.2692345, 36.9111258], [27.2708933, 36.9114249], [27.2714543, 36.911854], [27.2722617, 36.9121832], [27.2730561, 36.9127706], [27.2743977, 36.9133167], [27.2754039, 36.9140508], [27.2763182, 36.9149755], [27.277375, 36.9153144], [27.2773965, 36.9154741], [27.2775333, 36.9153647], [27.2785096, 36.9155856], [27.2798587, 36.915546], [27.2809156, 36.9154527], [27.2816526, 36.9149889], [27.2817595, 36.9148006], [27.2817816, 36.9145602], [27.2815076, 36.9141823], [27.282233, 36.911741], [27.2826788, 36.9108977], [27.2832593, 36.9105331], [27.2837101, 36.909579], [27.2845867, 36.906633], [27.2851118, 36.9053751], [27.285887, 36.9007401], [27.2864181, 36.8992279], [27.2868898, 36.8986848], [27.2872704, 36.898424], [27.2877044, 36.8984242], [27.288375, 36.8982073], [27.2884715, 36.8983408], [27.2882254, 36.8973101], [27.2871714, 36.8968459], [27.2863269, 36.8961232], [27.286274, 36.8957474], [27.2864171, 36.8953966], [27.287733, 36.8945762], [27.2888592, 36.8945903], [27.2898506, 36.8949634], [27.289948, 36.8952923], [27.2888942, 36.8964511], [27.2888307, 36.8968258], [27.2890599, 36.8971755], [27.2891137, 36.8975547], [27.2901844, 36.8987258], [27.29205, 36.8976476], [27.291815, 36.8973827], [27.2913995, 36.8976579], [27.2911679, 36.8973971], [27.2910896, 36.8974419], [27.2913373, 36.8976885], [27.2907595, 36.8980504], [27.2902046, 36.897654], [27.2916419, 36.8952913], [27.2921772, 36.8947527], [27.2925528, 36.8945085], [27.2927019, 36.8946162], [27.2930974, 36.8942903], [27.294338, 36.8930265], [27.2961732, 36.89247], [27.2973749, 36.8922351], [27.298626, 36.8921285], [27.299594, 36.892301], [27.3005265, 36.8922209], [27.3008101, 36.8924433], [27.3006468, 36.892577], [27.3010942, 36.8929441], [27.3013377, 36.892765], [27.3006817, 36.8922007], [27.3028687, 36.8904744], [27.3026242, 36.8901558], [27.3027741, 36.8900511], [27.3028691, 36.8901271], [27.303196, 36.8900094], [27.3035805, 36.8903293], [27.3038191, 36.8901205], [27.3046419, 36.8890083], [27.3042968, 36.8884388], [27.3043896, 36.8882851], [27.3054258, 36.8878403], [27.3060903, 36.8879071], [27.3060683, 36.887612], [27.3062787, 36.8874334], [27.3076695, 36.8867916], [27.3090135, 36.8864423], [27.3098601, 36.8863709], [27.3105938, 36.8861295], [27.310737, 36.8862005], [27.3124953, 36.8859614], [27.3131378, 36.8860346], [27.3134456, 36.8859445], [27.31652, 36.885835], [27.3184747, 36.8853458], [27.3192692, 36.8853631], [27.319711, 36.8851373], [27.3225536, 36.884875], [27.323829, 36.8845771], [27.325917, 36.8846602], [27.3278596, 36.8850625], [27.3289485, 36.8855023], [27.3295996, 36.8859243], [27.3304472, 36.8861694], [27.3320612, 36.8870463], [27.3341507, 36.8883415], [27.337368, 36.8905935], [27.3378803, 36.8907061], [27.3389891, 36.8905253], [27.3393432, 36.8902603], [27.3407315, 36.8887849], [27.341797, 36.888206], [27.3427082, 36.8865756], [27.3432629, 36.8861165], [27.3448164, 36.8838021], [27.3455476, 36.8831392], [27.3458941, 36.8826457], [27.3466012, 36.8822742], [27.3471628, 36.8810148], [27.3477948, 36.8800755], [27.3483359, 36.8795652], [27.3486664, 36.8789578], [27.3494967, 36.8767976], [27.3496589, 36.8766225], [27.3499985, 36.8758446], [27.3511306, 36.8746486], [27.3518169, 36.8748261], [27.3517346, 36.8741535], [27.3518726, 36.8727869], [27.3521136, 36.8715171], [27.3526079, 36.870003], [27.3527896, 36.8689041], [27.3531699, 36.8676589], [27.3539259, 36.8643971], [27.3542804, 36.8612751], [27.3544355, 36.8609057], [27.3551445, 36.8606126], [27.3559607, 36.8590045], [27.3556955, 36.8588722], [27.353698, 36.858722], [27.3526395, 36.8585186], [27.3500621, 36.8576659], [27.3496941, 36.8574347], [27.3494754, 36.857158], [27.3492617, 36.8565427], [27.3460906, 36.8556769], [27.3437989, 36.8545531], [27.3431616, 36.8539022], [27.3421432, 36.8532398], [27.3412832, 36.8525298], [27.3396076, 36.8519522], [27.3391564, 36.8516795], [27.3381715, 36.8514182], [27.3358579, 36.8502927], [27.3339941, 36.8495438], [27.3336013, 36.849096], [27.332029, 36.848283], [27.3298496, 36.8476185], [27.327227, 36.846497], [27.3258047, 36.8461486], [27.3243326, 36.8454281], [27.3197597, 36.8449251], [27.3193636, 36.8445725], [27.3190498, 36.844464], [27.3182291, 36.8445887], [27.316844, 36.844623], [27.3165151, 36.8444833], [27.3164089, 36.8445979], [27.31546, 36.8444332], [27.3154061, 36.8443244], [27.3132336, 36.8441406], [27.3119158, 36.8436664], [27.310588, 36.842688], [27.309948, 36.842433], [27.309309, 36.842435], [27.307708, 36.841925], [27.306426, 36.840901], [27.305467, 36.840903], [27.304827, 36.840648], [27.304506, 36.840392], [27.302266, 36.839884], [27.29907, 36.839892], [27.297791, 36.839638], [27.291716, 36.839396], [27.291076, 36.839141], [27.290117, 36.839143], [27.289477, 36.838888], [27.288198, 36.838634], [27.287236, 36.837865], [27.286276, 36.837611], [27.285522, 36.8369552], [27.285312, 36.836201], [27.283393, 36.835819], [27.281473, 36.83531], [27.281152, 36.835054], [27.280194, 36.835056], [27.2783889, 36.8342158], [27.2749811, 36.8329758], [27.2743098, 36.8330249], [27.2733286, 36.8327156], [27.2698457, 36.8325057], [27.269081, 36.8321308], [27.2682191, 36.8318748], [27.26778, 36.831572], [27.2661873, 36.8314126], [27.2658258, 36.8312322], [27.2654767, 36.8305979], [27.263558, 36.83047], [27.2610252, 36.8308477], [27.2585027, 36.8308859], [27.2554174, 36.8305939], [27.2539422, 36.8303054], [27.2531836, 36.8300584], [27.2499933, 36.8295339], [27.2482715, 36.8291476], [27.2461813, 36.8288656], [27.2444624, 36.8287727], [27.2362396, 36.827285], [27.2361279, 36.8272434], [27.2361649, 36.8271715], [27.2356186, 36.8270715], [27.2331838, 36.8267727], [27.2313767, 36.8263904], [27.2308326, 36.8262287], [27.2300476, 36.8256127], [27.229503, 36.825017], [27.2286748, 36.8246329], [27.2282113, 36.8243004], [27.2278055, 36.8243261], [27.2276282, 36.8246711], [27.2265653, 36.8249218], [27.2254911, 36.8248737], [27.2251129, 36.8247345], [27.222081, 36.8242245], [27.2202618, 36.8236434], [27.218992, 36.8228021], [27.2173794, 36.8222824], [27.2166486, 36.8221038], [27.2153003, 36.8221149], [27.2150017, 36.8223008], [27.2133424, 36.8217326], [27.212716, 36.821322], [27.211684, 36.8212373], [27.2106942, 36.8206093], [27.210467, 36.8200018], [27.2096174, 36.8194191], [27.2094904, 36.8189899], [27.2091719, 36.8191077], [27.2090786, 36.8189492], [27.2088137, 36.8192227], [27.2081407, 36.819363], [27.2069881, 36.8191943], [27.2066279, 36.818899], [27.2055788, 36.8190891], [27.2043939, 36.819148], [27.2034268, 36.8188469], [27.2027143, 36.8188447], [27.2009045, 36.8182946], [27.2002654, 36.8177762], [27.1989731, 36.8173927], [27.1982662, 36.8170486], [27.1980287, 36.8166502], [27.1974715, 36.8163855], [27.1971295, 36.8160701], [27.19529, 36.8156972], [27.194961, 36.815223], [27.1945342, 36.8148792], [27.1935404, 36.8147511], [27.1919427, 36.8139469], [27.1916118, 36.813913], [27.1896361, 36.8131966], [27.1890018, 36.8128399], [27.1889368, 36.812532], [27.1886879, 36.812335], [27.1876247, 36.8120611], [27.1871751, 36.8123486], [27.1868697, 36.8123622], [27.1847404, 36.8117555], [27.1832021, 36.8121403], [27.1822887, 36.811957], [27.1799603, 36.8111804], [27.1783677, 36.8104788], [27.1774798, 36.8101913], [27.1768091, 36.80983], [27.1767711, 36.8097147], [27.1734219, 36.8086437], [27.1679392, 36.80634], [27.1649959, 36.8047038], [27.1631384, 36.8030788], [27.1626565, 36.8025393], [27.1615019, 36.8005507], [27.159115, 36.7977797], [27.1580778, 36.7967692], [27.1569098, 36.7959004], [27.156799, 36.7956639], [27.156245, 36.7952091], [27.1559056, 36.7950845], [27.1535212, 36.7930391], [27.152778, 36.7919189], [27.1513007, 36.7904253], [27.1511622, 36.7896489], [27.1504966, 36.7888177], [27.1504374, 36.7885397], [27.1502666, 36.7883364], [27.1503135, 36.7882117], [27.1500911, 36.7879852], [27.1494363, 36.7876072], [27.149414, 36.7873239], [27.1485787, 36.7865044], [27.1482647, 36.7863281], [27.1482432, 36.7861368], [27.1477733, 36.7859519], [27.1473976, 36.7856359], [27.1472614, 36.7853489], [27.1475397, 36.7850816], [27.1473556, 36.7851227], [27.1468317, 36.7847305], [27.1465053, 36.7843292], [27.1465059, 36.7841284], [27.1454609, 36.7831421], [27.1460523, 36.7826743], [27.1459985, 36.7826251], [27.1453984, 36.7830834], [27.143724, 36.7815769], [27.1447995, 36.780804], [27.1472239, 36.7827892], [27.1448027, 36.7805083], [27.1433777, 36.7808376], [27.1432369, 36.7807904], [27.1413528, 36.7789352], [27.1405449, 36.7783954], [27.1405195, 36.778229], [27.1408047, 36.7779345], [27.1404548, 36.778193], [27.1403325, 36.7781698], [27.139304, 36.7776], [27.1389739, 36.7773338], [27.1387223, 36.7769714], [27.138993, 36.7766343], [27.1386853, 36.776866], [27.1379813, 36.7765314], [27.1365202, 36.7753666], [27.1360402, 36.7748491], [27.1353889, 36.7744963], [27.133859, 36.7732414], [27.1324483, 36.7723265], [27.1324738, 36.7721909], [27.1313043, 36.7713204], [27.1304197, 36.7704497], [27.1282098, 36.7691688], [27.1272014, 36.7684802], [27.1260475, 36.7672577], [27.1253833, 36.7669028], [27.1249246, 36.766534], [27.1242799, 36.7662281], [27.1239787, 36.7658818], [27.1233364, 36.76561], [27.1228394, 36.7652382], [27.1218181, 36.7647889], [27.1192359, 36.763195], [27.1190622, 36.7630145], [27.1191449, 36.7628034], [27.1189899, 36.7628661], [27.1188071, 36.7627537], [27.1191046, 36.7624243], [27.118745, 36.7627092], [27.1184719, 36.7624208], [27.118735, 36.762161], [27.1191886, 36.7622525], [27.1189347, 36.7620898], [27.1187007, 36.7621114], [27.118435, 36.7622895], [27.1177148, 36.7620491], [27.1175878, 36.7619502], [27.1176562, 36.7617862], [27.1175324, 36.7619012], [27.1171977, 36.7617717], [27.1172362, 36.7615528], [27.1171077, 36.7616441], [27.1166799, 36.7615154], [27.1166002, 36.7614063], [27.1167025, 36.7612426], [27.1165754, 36.7613874], [27.1163526, 36.7613254], [27.1155355, 36.7609639], [27.1155521, 36.7607444], [27.1153563, 36.7608448], [27.1149956, 36.7606813], [27.1144684, 36.7602224], [27.114586, 36.7599548], [27.1144244, 36.760106], [27.1141164, 36.7600101], [27.1136755, 36.7595988], [27.1138544, 36.7594303], [27.1136848, 36.7594971], [27.1134738, 36.7593579], [27.112789, 36.758153], [27.112405, 36.7579025], [27.1124192, 36.7573979], [27.1123543, 36.7573915], [27.1123239, 36.7576811], [27.1113667, 36.7578636], [27.1088371, 36.7578824], [27.1049836, 36.7571445], [27.1042406, 36.7571762], [27.1031032, 36.7570502], [27.1027118, 36.7568924], [27.1027014, 36.7567327], [27.102097, 36.7567058], [27.1019097, 36.7566423], [27.1017554, 36.7564275], [27.1015086, 36.7564191], [27.1001176, 36.7570825], [27.0992114, 36.7573789], [27.0979893, 36.757654], [27.0972625, 36.7575452], [27.0965323, 36.7576976], [27.0949394, 36.7583098], [27.0936761, 36.7585124], [27.09317, 36.7588431], [27.0911792, 36.7592229], [27.0902451, 36.7598331], [27.0889479, 36.7603275], [27.0881362, 36.7604092], [27.0873729, 36.760213], [27.0869794, 36.7605572], [27.0862119, 36.7610116], [27.0844153, 36.7616401], [27.0833696, 36.761617], [27.0822145, 36.7621707], [27.0780745, 36.7627366], [27.0776979, 36.7628726], [27.0771556, 36.7632948], [27.0762573, 36.7634016], [27.0749939, 36.7640406], [27.0738934, 36.7640422], [27.072499, 36.7646131], [27.0716248, 36.7648073], [27.0703218, 36.7649135], [27.0693779, 36.7652841], [27.0673524, 36.7655854], [27.0659002, 36.7654616], [27.0656443, 36.7656046], [27.0651757, 36.7656627], [27.0644167, 36.7661428], [27.0636117, 36.766392], [27.0635909, 36.7665755], [27.0634868, 36.766638], [27.0627293, 36.7668528], [27.061899, 36.7668549], [27.0616027, 36.7670679], [27.0609465, 36.7673181], [27.0600814, 36.767324], [27.0599142, 36.7674281], [27.0562199, 36.7677906], [27.0560671, 36.7676314], [27.05583, 36.7677982], [27.0540085, 36.7679365], [27.047988, 36.7680777], [27.0428616, 36.7679273], [27.0378998, 36.7675844], [27.0304421, 36.7667868], [27.0276944, 36.7663115], [27.0267297, 36.7662666], [27.0228416, 36.7655062], [27.0211953, 36.7653164], [27.0201514, 36.7649481], [27.0155806, 36.7638857], [27.0114878, 36.762386], [27.0105533, 36.7619856], [27.0104127, 36.7617896], [27.0101238, 36.7616645], [27.0095225, 36.7615289], [27.0090176, 36.7612182], [27.0077561, 36.7606846], [27.0072137, 36.7602486], [27.0063834, 36.7597877], [27.0056181, 36.7587534], [27.0052206, 36.7574183], [27.0054144, 36.7570748], [27.0059654, 36.7569741], [27.0059169, 36.7568151], [27.0059905, 36.7567325], [27.0070359, 36.7563638], [27.007312, 36.7563491], [27.0076028, 36.7562105], [27.0074674, 36.7561726], [27.0075899, 36.7560379], [27.0071316, 36.7561515], [27.0070985, 36.7562518], [27.0066347, 36.7561898], [27.0063365, 36.7563078], [27.0061616, 36.7562037], [27.0060845, 36.7563582], [27.0057659, 36.7564671], [27.0056555, 36.7564228], [27.0052285, 36.7567561], [27.0047757, 36.7566086], [27.0038199, 36.7570439], [27.0033941, 36.7569129], [27.0026616, 36.7571377], [27.0022816, 36.7569167], [27.0020291, 36.7565601], [27.0012894, 36.7566413], [27.0008552, 36.7564892], [27.0007927, 36.7562827], [27.0004986, 36.7563786], [27.0004967, 36.7565261], [26.999357, 36.7561566], [26.9989817, 36.7559003], [26.9987702, 36.7556404], [26.9988483, 36.7554277], [26.9986609, 36.7553484], [26.9983696, 36.7550158], [26.9981377, 36.7550252], [26.9976692, 36.7553338], [26.9974349, 36.7557071], [26.9969065, 36.7558156], [26.9960007, 36.7552025], [26.9956429, 36.7551339], [26.9956455, 36.7550234], [26.9953409, 36.7550109], [26.9948516, 36.7551986], [26.9942503, 36.7550526], [26.9941878, 36.7548023], [26.9940186, 36.7547794], [26.993505, 36.7543231], [26.9927966, 36.7544183], [26.9928597, 36.7546282], [26.9925371, 36.754776], [26.9918772, 36.7546788], [26.9906012, 36.754049], [26.9895242, 36.7533303], [26.9893009, 36.7529256], [26.9894635, 36.752807], [26.9895168, 36.752463], [26.9892272, 36.7523626], [26.9890122, 36.7524086], [26.9888085, 36.7526224], [26.9884373, 36.752636], [26.9877524, 36.7523478], [26.9871637, 36.7519669], [26.9854753, 36.7519202], [26.9841944, 36.7517492], [26.9818073, 36.7510222], [26.9789125, 36.749653], [26.9774844, 36.7487402], [26.9766402, 36.7483165], [26.9744423, 36.746637], [26.9732838, 36.7455427], [26.9717033, 36.7434416], [26.9710911, 36.7424059], [26.9705542, 36.7408019], [26.9702078, 36.7388645], [26.9702372, 36.7374127], [26.9707879, 36.7366562], [26.970923, 36.7363288], [26.9715014, 36.735818], [26.972145, 36.7362585], [26.9732453, 36.7367366], [26.9734438, 36.7364198], [26.9725034, 36.7361351], [26.9720324, 36.7357678], [26.972114, 36.7345026], [26.9724666, 36.7338604], [26.9739145, 36.7330948], [26.9746835, 36.7327978], [26.97568, 36.7321734], [26.9767724, 36.7317481], [26.9782954, 36.7306425], [26.9791165, 36.7297122], [26.979505, 36.7294472], [26.9799328, 36.7287715], [26.9804069, 36.7284359], [26.9806345, 36.728068], [26.9806903, 36.7275835], [26.9809881, 36.7267828], [26.9812425, 36.7264836], [26.9815656, 36.7262725], [26.9817133, 36.7262725], [26.9815886, 36.7258158], [26.9819263, 36.7253329], [26.9823414, 36.7252136], [26.9824707, 36.7250154], [26.9824084, 36.7248441], [26.9829684, 36.7239772], [26.9828774, 36.7235169], [26.9830976, 36.7231717], [26.9832459, 36.7224863], [26.9831773, 36.7214251], [26.9832986, 36.7214161], [26.9837771, 36.7210185], [26.9843585, 36.7210553], [26.9842883, 36.7208981], [26.9836286, 36.7204025], [26.9836094, 36.7201506], [26.9837794, 36.7200363], [26.9837283, 36.7198344], [26.9839955, 36.7192823], [26.9836908, 36.7192222], [26.9835807, 36.719079], [26.9836637, 36.7189154], [26.9838774, 36.7187939], [26.9836663, 36.7186338], [26.9835345, 36.7187223], [26.9831646, 36.7186845], [26.9829275, 36.7184764], [26.9828914, 36.7182585], [26.9835205, 36.7178435], [26.983692, 36.7178688], [26.9835499, 36.7176346], [26.9836954, 36.7175578], [26.9839401, 36.7176048], [26.9836117, 36.7172517], [26.9839501, 36.7168484], [26.9841261, 36.7167689], [26.984205, 36.7165736], [26.9845141, 36.7166061], [26.9842002, 36.7164262], [26.9842949, 36.7162815], [26.9835427, 36.7157832], [26.9834918, 36.7155437], [26.9835798, 36.7150373], [26.9834941, 36.7147642], [26.9835999, 36.7146123], [26.9831173, 36.7142778], [26.9828827, 36.7142398], [26.9826481, 36.7143953], [26.9822894, 36.714417], [26.9818416, 36.714592], [26.9815608, 36.7148861], [26.9812482, 36.7148222], [26.9804378, 36.715216], [26.9802449, 36.7154079], [26.9798368, 36.715438], [26.9792907, 36.7150415], [26.9792446, 36.7148488], [26.9786584, 36.7145764], [26.9785036, 36.7141928], [26.9776279, 36.7137938], [26.9774157, 36.7135803], [26.9767361, 36.7133872], [26.97639, 36.7130918], [26.9762895, 36.7131915], [26.9762193, 36.7131097], [26.9760023, 36.7131634], [26.9760279, 36.713281], [26.9759481, 36.7133181], [26.9753292, 36.7131467], [26.9753499, 36.712671], [26.9753355, 36.7125739], [26.9751888, 36.7125163], [26.9752909, 36.7122478], [26.9752127, 36.7121685], [26.9751058, 36.7122107], [26.9749383, 36.7120738], [26.9749144, 36.712249], [26.9741886, 36.7123705], [26.9739988, 36.7120777], [26.9735569, 36.7121276], [26.973434, 36.7118269], [26.9733163, 36.7118635], [26.9733627, 36.7119327], [26.9732187, 36.71207], [26.9727768, 36.7120828], [26.9719856, 36.7117874], [26.971497, 36.7113907], [26.9715086, 36.7111608], [26.9713236, 36.7107209], [26.971003, 36.7104664], [26.9709886, 36.7102285], [26.9710885, 36.7100718], [26.9713571, 36.7099625], [26.9713044, 36.7099063], [26.9711035, 36.7100111], [26.9709312, 36.7098768], [26.9706256, 36.708816], [26.9707, 36.7087497], [26.9706594, 36.708605], [26.9703119, 36.7082433], [26.9695765, 36.7082795], [26.9692752, 36.7081488], [26.9689384, 36.7078065], [26.9688424, 36.7074831], [26.9686238, 36.7073329], [26.9683213, 36.7068824], [26.9683112, 36.7066121], [26.9679274, 36.7063414], [26.9672921, 36.7061737], [26.9668467, 36.7054057], [26.9667387, 36.7049898], [26.9668203, 36.704778], [26.9673967, 36.7046856], [26.9674209, 36.704413], [26.9675172, 36.7044438], [26.9675145, 36.7043534], [26.9676339, 36.7043082], [26.9672485, 36.7043458], [26.9671733, 36.7040887], [26.9672934, 36.7035708], [26.9670759, 36.702876], [26.9670993, 36.7022289], [26.9671825, 36.7022003], [26.9670806, 36.7020261], [26.9673031, 36.7017524], [26.9671621, 36.7013548], [26.9673218, 36.7012922], [26.9670658, 36.7009099], [26.9670252, 36.7005088], [26.9673662, 36.6997559], [26.9673974, 36.6992746], [26.9677192, 36.6986276], [26.9677264, 36.6982502], [26.9678753, 36.6981154], [26.9677648, 36.6979999], [26.9679786, 36.6975878], [26.9678297, 36.6968851], [26.9675895, 36.6967599], [26.9674622, 36.6964826], [26.9674862, 36.6959127], [26.9669483, 36.6948536], [26.9669891, 36.6944897], [26.966845, 36.6942104], [26.9668546, 36.6936385], [26.9665905, 36.6921635], [26.9667119, 36.6919016], [26.9670804, 36.6916147], [26.9673167, 36.6912342], [26.9682421, 36.6905316], [26.9684865, 36.6896535], [26.9686191, 36.6894858], [26.9686361, 36.6891726], [26.9685121, 36.6886851], [26.968563, 36.6881954], [26.9682897, 36.6874024], [26.9682931, 36.6870196], [26.96814, 36.6869006], [26.9681687, 36.686774], [26.9682851, 36.6867369], [26.9681735, 36.6866601], [26.9681432, 36.6863813], [26.9679438, 36.6862265], [26.9678353, 36.6859271], [26.9670792, 36.6851302], [26.9667904, 36.684456], [26.9668513, 36.6836559], [26.9673415, 36.6833088], [26.9671146, 36.6829593], [26.9669229, 36.682877], [26.9668851, 36.6826782], [26.967074, 36.6822284], [26.9673289, 36.6821759], [26.967509, 36.6822584], [26.967805, 36.6821361], [26.9676786, 36.682004], [26.9675827, 36.6816141], [26.9678497, 36.6813417], [26.9679048, 36.6811411], [26.9681905, 36.680894], [26.9689403, 36.6805717], [26.9691393, 36.6803752], [26.9692769, 36.6801124], [26.9692131, 36.6798847], [26.9689817, 36.6797107], [26.9690344, 36.6795021], [26.9691685, 36.6793086], [26.9694737, 36.6792058], [26.9694173, 36.6790448], [26.9702904, 36.6779393], [26.9703288, 36.6777186], [26.9708296, 36.6775268], [26.9708634, 36.6771089], [26.9718811, 36.6762324], [26.9720816, 36.6756668], [26.9722528, 36.6754683], [26.9725557, 36.675385], [26.9724926, 36.6752475], [26.9725783, 36.6750376], [26.9728558, 36.6749544], [26.9729911, 36.6746269], [26.973404, 36.6741221], [26.9736815, 36.6738814], [26.9740086, 36.6739665], [26.9742252, 36.6737874], [26.9742658, 36.6737059], [26.974074, 36.673686], [26.9740695, 36.673601], [26.974259, 36.6735069], [26.9741485, 36.6733676], [26.9743425, 36.6732789], [26.9744417, 36.6730509], [26.9743019, 36.6727976], [26.974083, 36.6726945], [26.9736654, 36.6727064], [26.9730972, 36.6723471], [26.971897, 36.6724448], [26.9715864, 36.6726051], [26.9713269, 36.6726222], [26.9705106, 36.6722464], [26.9703848, 36.6720542], [26.9701829, 36.6719782], [26.9702271, 36.6718135], [26.9701586, 36.6717318], [26.9700241, 36.6717719], [26.9699119, 36.671645], [26.9693225, 36.6718027], [26.9685535, 36.6726867], [26.9679289, 36.672775], [26.9676742, 36.6730337], [26.9658604, 36.673468], [26.9648249, 36.6733737], [26.9645384, 36.6734608], [26.9633473, 36.6742026], [26.9630946, 36.6741773], [26.962869, 36.6743655], [26.9621742, 36.6743365], [26.9618674, 36.6746984], [26.9615056, 36.6746969], [26.9614928, 36.6752459], [26.9612492, 36.6754583], [26.9606344, 36.6757004], [26.9605724, 36.6759722], [26.9599789, 36.6761296], [26.9599678, 36.6763197], [26.9601066, 36.6763168], [26.960175, 36.6764715], [26.9600391, 36.6765059], [26.9599921, 36.6770316], [26.9594629, 36.6774735], [26.9587122, 36.6775938], [26.9585457, 36.6776963], [26.9583788, 36.6776861], [26.9583708, 36.677544], [26.9580789, 36.6775223], [26.9578892, 36.6769353], [26.9576921, 36.6767751], [26.9571708, 36.6765675], [26.9565405, 36.6764777], [26.9559897, 36.6761168], [26.955708, 36.6760803], [26.9556188, 36.6761756], [26.9550604, 36.6759761], [26.9548116, 36.6759965], [26.9544638, 36.6761245], [26.9543139, 36.6763548], [26.9541863, 36.6763317], [26.9539173, 36.6764844], [26.95373, 36.6772299], [26.9533722, 36.6773488], [26.9533848, 36.6774569], [26.9537234, 36.6779825], [26.9539241, 36.6780641], [26.9541445, 36.6785708], [26.9544974, 36.6790139], [26.9545443, 36.6797765], [26.9538376, 36.6806509], [26.9529091, 36.6815147], [26.9525342, 36.6815982], [26.9518378, 36.6820405], [26.9516937, 36.681922], [26.95033, 36.6831702], [26.9488909, 36.6840158], [26.9481582, 36.6846088], [26.9476044, 36.6848827], [26.9461927, 36.6853856], [26.9456091, 36.6854156], [26.9449838, 36.685689], [26.9436884, 36.6856336], [26.9435281, 36.6855356], [26.9431339, 36.6856183], [26.9430879, 36.6859033], [26.9429593, 36.6860281], [26.9425261, 36.6861986], [26.9422793, 36.6861459], [26.942296, 36.6864815], [26.9418346, 36.6867745], [26.9414478, 36.6872728], [26.9412501, 36.6873691], [26.9410328, 36.6873333], [26.9408782, 36.6887215], [26.9403875, 36.6893858], [26.9401529, 36.6894708], [26.9396276, 36.6900306], [26.9397355, 36.690359], [26.9394529, 36.6910669], [26.9387906, 36.691852], [26.9383933, 36.6921061], [26.9380729, 36.6921698], [26.9378947, 36.6924176], [26.9378744, 36.692651], [26.9375323, 36.6933683], [26.9370878, 36.6950516], [26.9365649, 36.6957941], [26.9357641, 36.6965539], [26.9355201, 36.6969785], [26.9344081, 36.6982038], [26.934271, 36.698243], [26.9340319, 36.6986512], [26.9335806, 36.6990633], [26.933127, 36.6992255], [26.9323761, 36.6999225], [26.9312064, 36.7005367], [26.9309592, 36.7008431], [26.930785, 36.7009278], [26.9303127, 36.7008808], [26.9302194, 36.700979], [26.9303098, 36.7011403], [26.9302353, 36.7014164], [26.9300003, 36.7016162], [26.9298227, 36.7016386], [26.9293949, 36.7022895], [26.9286722, 36.7023307], [26.9287836, 36.702461], [26.9286409, 36.7025904], [26.9277002, 36.7026969], [26.927625, 36.7029833], [26.9274064, 36.7032194], [26.9270985, 36.7032729], [26.9268392, 36.7030819], [26.9262686, 36.7033364], [26.9263179, 36.7035597], [26.9259833, 36.7038388], [26.9254875, 36.7039232], [26.9252752, 36.703832], [26.9249084, 36.704043], [26.9247709, 36.7041805], [26.9248796, 36.7044161], [26.9246214, 36.7046448], [26.9247658, 36.7048068], [26.92461, 36.7050433], [26.9245884, 36.7054977], [26.924293, 36.7058423], [26.9243507, 36.7060387], [26.9237359, 36.7062736], [26.9237143, 36.7065547], [26.9235221, 36.706674], [26.9235894, 36.7070244], [26.9229391, 36.7070612], [26.9228669, 36.7071022], [26.9228548, 36.7072381], [26.9229528, 36.7072776], [26.9229009, 36.7074654], [26.9227152, 36.7075834], [26.9224238, 36.7075507], [26.922199, 36.7076343], [26.9225903, 36.7079981], [26.9224143, 36.708306], [26.9221311, 36.7084565], [26.922272, 36.7102102], [26.9219797, 36.7109629], [26.9220739, 36.7110468], [26.922181, 36.7115733], [26.9220482, 36.7127672], [26.9217105, 36.7138746], [26.9215736, 36.7140652], [26.9213183, 36.7141653], [26.9211149, 36.7146061], [26.9206757, 36.7146325], [26.9207922, 36.7146903], [26.9207499, 36.7149969], [26.9205025, 36.7152376], [26.9201591, 36.715998], [26.9192654, 36.7164941], [26.918901, 36.7165382], [26.9189511, 36.7166314], [26.9187383, 36.7166859], [26.9186736, 36.7169165], [26.9183664, 36.7170528], [26.9184775, 36.7171672], [26.9184167, 36.7174882], [26.9180555, 36.7179068], [26.9177889, 36.7180667], [26.9174762, 36.7179713], [26.917333, 36.7180297], [26.9174959, 36.7180745], [26.9175245, 36.7182669], [26.9172825, 36.7184799], [26.9171931, 36.7187637], [26.917216, 36.7190163], [26.9175347, 36.7191287], [26.9177474, 36.7195147], [26.9178235, 36.7200983], [26.9174458, 36.7208812], [26.9173319, 36.7216512], [26.9177582, 36.722251], [26.917894, 36.7222093], [26.918182, 36.7224511], [26.9193385, 36.724472], [26.9198725, 36.7262829], [26.9198545, 36.7265744], [26.9196753, 36.7268159], [26.9196731, 36.7270895], [26.9204198, 36.7283794], [26.9206373, 36.7293158], [26.9207328, 36.730577], [26.921614, 36.7327824], [26.9216502, 36.7331578], [26.9217489, 36.7332554], [26.9216208, 36.7334803], [26.9219847, 36.7339793], [26.9220039, 36.7347185], [26.9216159, 36.7349068], [26.9216445, 36.7350061], [26.9217627, 36.7350149], [26.9217111, 36.7352418], [26.9218072, 36.7352661], [26.9219539, 36.735639], [26.9217326, 36.7366592], [26.9220197, 36.7371751], [26.92171, 36.7373545], [26.9223741, 36.7374847], [26.9225415, 36.7376832], [26.9224079, 36.7379079], [26.9228473, 36.7381059], [26.923153, 36.7384914], [26.9235428, 36.7404545], [26.9235453, 36.7410632], [26.923767, 36.7411563]]]}}, {"type": "Feature", "properties": {}, "geometry": {"type": "Polygon", "coordinates": [[[27.1484012, 36.9216682], [27.1482362, 36.9214355], [27.1480222, 36.9215274], [27.1481194, 36.9217466], [27.1482224, 36.9217718], [27.1484012, 36.9216682]]]}}, {"type": "Feature", "properties": {}, "geometry": {"type": "Polygon", "coordinates": [[[27.1200932, 36.9423718], [27.1198929, 36.9426816], [27.1196007, 36.9427627], [27.1186284, 36.9435384], [27.1181645, 36.9436295], [27.1179798, 36.9439887], [27.1174222, 36.9444054], [27.1158628, 36.9446706], [27.1154273, 36.9448372], [27.1147459, 36.9454724], [27.114303, 36.9457106], [27.1135857, 36.9457942], [27.1135478, 36.946005], [27.1134425, 36.9460772], [27.1126736, 36.9463419], [27.1122262, 36.9463568], [27.1117436, 36.9466325], [27.1114734, 36.9466426], [27.1113126, 36.9468675], [27.111423, 36.9469098], [27.1110193, 36.9475331], [27.1107796, 36.9476232], [27.1103929, 36.9475801], [27.109632, 36.9480095], [27.109301, 36.9483347], [27.1088343, 36.9488703], [27.108744, 36.9492149], [27.1089305, 36.9494871], [27.1089255, 36.9502503], [27.1090569, 36.9504237], [27.1088449, 36.9503646], [27.1085933, 36.9504842], [27.1083656, 36.9508401], [27.1084726, 36.9510834], [27.10875, 36.9512071], [27.1091763, 36.9516195], [27.1093574, 36.9521869], [27.108291, 36.9531612], [27.1082779, 36.9534371], [27.1080566, 36.9535662], [27.1078557, 36.9535156], [27.1077757, 36.9535826], [27.107876, 36.9537723], [27.1080189, 36.9537761], [27.10791, 36.9538774], [27.108038, 36.9539095], [27.1078829, 36.9541605], [27.107942, 36.9544778], [27.1082116, 36.9547177], [27.1076238, 36.95553], [27.1077848, 36.9555894], [27.1075396, 36.9556041], [27.1075853, 36.9555188], [27.1073984, 36.9556213], [27.1075139, 36.955955], [27.1076922, 36.9560088], [27.1076107, 36.9560783], [27.1079865, 36.9559857], [27.1089464, 36.9554395], [27.1091321, 36.9554242], [27.1091599, 36.9553677], [27.1089761, 36.955344], [27.1091139, 36.9551264], [27.1093547, 36.9551789], [27.1094115, 36.955362], [27.1095749, 36.955279], [27.1099173, 36.9554901], [27.1101971, 36.9554922], [27.1102354, 36.9556247], [27.1103439, 36.9556548], [27.1113787, 36.9552976], [27.1120418, 36.9557255], [27.1123002, 36.9557034], [27.1123087, 36.955854], [27.1125274, 36.9558952], [27.1126808, 36.9558182], [27.1127613, 36.9559596], [27.1142, 36.9550609], [27.1141463, 36.9549546], [27.1142545, 36.9548704], [27.1146803, 36.9550289], [27.1151221, 36.9554264], [27.1152087, 36.9553229], [27.1155602, 36.9554904], [27.1158702, 36.9553964], [27.1164044, 36.954817], [27.1166334, 36.9547182], [27.1166218, 36.9550863], [27.1170853, 36.9560206], [27.1173436, 36.9571453], [27.1175144, 36.9573104], [27.1179124, 36.9568982], [27.1184517, 36.9566545], [27.1183226, 36.9570996], [27.1186296, 36.9576023], [27.1190613, 36.9577456], [27.1198476, 36.9576652], [27.120367, 36.9578674], [27.1203936, 36.9579678], [27.1207687, 36.9581663], [27.1210953, 36.9580711], [27.1215691, 36.9581913], [27.1218501, 36.9579903], [27.1218293, 36.9579128], [27.1221541, 36.9579008], [27.1230531, 36.9575717], [27.1231016, 36.9576484], [27.1230305, 36.9576984], [27.1231121, 36.9577211], [27.1230209, 36.9577469], [27.1230135, 36.9578712], [27.1232882, 36.9578665], [27.1237461, 36.958118], [27.123907, 36.9581043], [27.1239166, 36.9579884], [27.1241589, 36.9578683], [27.1243475, 36.9579861], [27.1249716, 36.959163], [27.1251268, 36.9592644], [27.1264513, 36.95936], [27.1265353, 36.9592852], [27.1265141, 36.9591474], [27.12634, 36.959025], [27.1264062, 36.9584036], [27.1263192, 36.9577232], [27.1293985, 36.9589545], [27.1299918, 36.9594714], [27.1304735, 36.959636], [27.1311312, 36.9596845], [27.1321665, 36.9594341], [27.1325512, 36.9592258], [27.1327379, 36.9590123], [27.1318947, 36.9557294], [27.1318871, 36.9554973], [27.1319765, 36.9554186], [27.1323252, 36.955379], [27.1324459, 36.9555783], [27.1326001, 36.9555901], [27.1329122, 36.9558681], [27.1332753, 36.9558922], [27.133538, 36.956448], [27.1341766, 36.9568086], [27.134271, 36.9571858], [27.134982, 36.957987], [27.135943, 36.958371], [27.1366296, 36.9584879], [27.137224, 36.958242], [27.1374312, 36.9570645], [27.1391172, 36.9575669], [27.1406734, 36.9570414], [27.1409454, 36.9567842], [27.1409792, 36.9564638], [27.139779, 36.955156], [27.1396229, 36.9547982], [27.140174, 36.9547943], [27.1401787, 36.9546227], [27.1405184, 36.9543133], [27.1410697, 36.9534689], [27.1410833, 36.9532437], [27.1409089, 36.9529735], [27.1405822, 36.9527439], [27.141015, 36.9520282], [27.1409833, 36.951657], [27.1413602, 36.9513676], [27.1414836, 36.950926], [27.1413535, 36.9505005], [27.1409223, 36.9498815], [27.1409109, 36.9497141], [27.141333, 36.9492971], [27.1417794, 36.9491282], [27.1419612, 36.9492437], [27.1420828, 36.9491387], [27.1427317, 36.9495993], [27.1427806, 36.9497019], [27.1427008, 36.9497698], [27.1427892, 36.9498751], [27.143721, 36.9507282], [27.1443524, 36.951234], [27.1444372, 36.9512019], [27.1444585, 36.9513171], [27.1449877, 36.9513648], [27.145654, 36.9520197], [27.1454149, 36.9525131], [27.1446023, 36.9532956], [27.144419, 36.95438], [27.1450865, 36.9551465], [27.1456941, 36.9563436], [27.1461104, 36.9564263], [27.1467745, 36.9559454], [27.1476998, 36.9559386], [27.1481282, 36.9557802], [27.148745, 36.956429], [27.1489405, 36.9562203], [27.1502615, 36.9562096], [27.1503968, 36.9566456], [27.1502591, 36.9570786], [27.1503834, 36.9572966], [27.1508479, 36.9575841], [27.15131, 36.958225], [27.15227, 36.958351], [27.152591, 36.958608], [27.1530132, 36.9587499], [27.1547105, 36.958544], [27.1555336, 36.9585874], [27.157072, 36.958345], [27.157713, 36.958601], [27.158673, 36.9586], [27.158993, 36.958343], [27.1595649, 36.9581119], [27.160137, 36.9576731], [27.160431, 36.957185], [27.16043, 36.956671], [27.1604055, 36.9563345], [27.1601972, 36.9562484], [27.1600836, 36.9559851], [27.1606651, 36.9558345], [27.1605211, 36.9557652], [27.1605899, 36.9556248], [27.1609321, 36.9555872], [27.1610806, 36.9556688], [27.1612669, 36.9560014], [27.1616127, 36.9561282], [27.1617469, 36.9558192], [27.161672, 36.9557651], [27.1615806, 36.9558033], [27.1616831, 36.9558947], [27.1614996, 36.9559096], [27.1612916, 36.9556886], [27.1612765, 36.9554918], [27.1616392, 36.955353], [27.1620365, 36.9549547], [27.163404, 36.9545882], [27.1637429, 36.9540635], [27.1647419, 36.9544616], [27.1649566, 36.9544905], [27.1652972, 36.9542503], [27.1654824, 36.9543006], [27.1656736, 36.9540078], [27.1655052, 36.9538352], [27.1661585, 36.9535854], [27.1662461, 36.952933], [27.1667901, 36.9533183], [27.1670222, 36.9536171], [27.1675612, 36.9537484], [27.1677215, 36.9536653], [27.1679889, 36.9532904], [27.168586, 36.9530491], [27.1691243, 36.9530561], [27.1705632, 36.9527515], [27.1715669, 36.9527874], [27.1720202, 36.9523812], [27.1719547, 36.9523259], [27.1721308, 36.9521038], [27.1726609, 36.9520054], [27.1729351, 36.9517826], [27.1729753, 36.9515144], [27.1728562, 36.9512966], [27.1725306, 36.9510433], [27.1701498, 36.9500652], [27.169911, 36.9495885], [27.1701391, 36.9490829], [27.1700978, 36.9488606], [27.1695703, 36.948776], [27.1684549, 36.9490906], [27.1683747, 36.9489928], [27.168422, 36.9487669], [27.1682087, 36.9487084], [27.1682673, 36.9486336], [27.1680815, 36.9484969], [27.1682997, 36.9483781], [27.1685374, 36.9479018], [27.1679913, 36.9477072], [27.1668545, 36.9476485], [27.1663193, 36.9474044], [27.1660223, 36.9471298], [27.1659273, 36.9468772], [27.1659542, 36.9465239], [27.1666091, 36.9453821], [27.1666264, 36.945168], [27.1664145, 36.9446726], [27.1663189, 36.9438311], [27.1657684, 36.9435883], [27.1651392, 36.9435353], [27.1647174, 36.9436338], [27.1644459, 36.9438269], [27.1641898, 36.9437748], [27.1640514, 36.9436659], [27.1642739, 36.9427496], [27.1641355, 36.9425275], [27.1633416, 36.9421458], [27.1630112, 36.9418108], [27.1624437, 36.9416489], [27.1624939, 36.9416028], [27.162355, 36.9413991], [27.1608049, 36.9405519], [27.1606439, 36.9403332], [27.1597134, 36.9399388], [27.1588475, 36.9398337], [27.1588904, 36.9397474], [27.1587016, 36.9397974], [27.1586007, 36.9395988], [27.1579042, 36.9397881], [27.1574991, 36.9395968], [27.1574343, 36.9396483], [27.1572233, 36.9394675], [27.1572809, 36.9393512], [27.1571436, 36.9392897], [27.1570113, 36.9393991], [27.1570434, 36.9393249], [27.1549296, 36.9385497], [27.154495, 36.93829], [27.1536881, 36.9373681], [27.1530756, 36.9369062], [27.1526487, 36.9367465], [27.1522328, 36.9366338], [27.150824, 36.936667], [27.1505908, 36.9361446], [27.1505745, 36.9357074], [27.151245, 36.9350704], [27.1512885, 36.9347898], [27.1513919, 36.9347086], [27.1516825, 36.9346504], [27.1522481, 36.9348018], [27.1524403, 36.9347403], [27.1525535, 36.9342438], [27.1530508, 36.9338507], [27.1531415, 36.9336333], [27.1535477, 36.9334105], [27.1540128, 36.9334332], [27.1542323, 36.9336261], [27.1547273, 36.9337067], [27.154742, 36.9335836], [27.1546393, 36.9334996], [27.153943, 36.9332977], [27.1540105, 36.9330034], [27.1554163, 36.9320402], [27.1557474, 36.9319337], [27.1558384, 36.9320186], [27.1558012, 36.9319211], [27.1570706, 36.9313535], [27.1577989, 36.9312725], [27.1585825, 36.931348], [27.1590127, 36.9312645], [27.1593352, 36.9310899], [27.1597378, 36.9306882], [27.1599375, 36.9302759], [27.1606308, 36.9304039], [27.1608758, 36.9303086], [27.1616859, 36.9291746], [27.1632506, 36.9295386], [27.1643469, 36.9289943], [27.164559, 36.9283871], [27.1648711, 36.9280483], [27.165345, 36.9279008], [27.1661016, 36.9279244], [27.1672191, 36.9275504], [27.16757, 36.9275495], [27.1677263, 36.9276717], [27.1678135, 36.9280012], [27.167961, 36.9280483], [27.1678255, 36.9280548], [27.1676901, 36.929129], [27.1691968, 36.9286613], [27.1693596, 36.9284825], [27.1695774, 36.9279309], [27.1699773, 36.92775], [27.1714472, 36.9277987], [27.1726736, 36.9274586], [27.172848, 36.927109], [27.172803, 36.9269065], [27.17236, 36.9264652], [27.1720635, 36.9257618], [27.1733332, 36.9250919], [27.1723912, 36.9243049], [27.1724743, 36.9240846], [27.1734729, 36.923124], [27.1741864, 36.9227364], [27.1762133, 36.9219719], [27.1777881, 36.9220483], [27.178719, 36.9215394], [27.1787433, 36.9213548], [27.1786933, 36.9212621], [27.1778473, 36.9209567], [27.1769399, 36.9204457], [27.1759296, 36.9195235], [27.1755328, 36.9195228], [27.1754091, 36.9196689], [27.1753731, 36.9199646], [27.175511, 36.9202042], [27.175361, 36.9201878], [27.175243, 36.920421], [27.1751614, 36.9203826], [27.1746089, 36.9206934], [27.1743742, 36.9207118], [27.1741557, 36.9208975], [27.1736569, 36.9207612], [27.1735267, 36.920977], [27.1729688, 36.9208876], [27.1713292, 36.920916], [27.1708023, 36.9212063], [27.1703361, 36.9217372], [27.1694429, 36.9220068], [27.168803, 36.9223156], [27.1679028, 36.922523], [27.1670517, 36.9232268], [27.1667161, 36.9240115], [27.1662752, 36.9244033], [27.1655345, 36.9253301], [27.1652533, 36.9254251], [27.1647419, 36.9253918], [27.1642619, 36.9251948], [27.1632481, 36.9253101], [27.1630026, 36.925189], [27.1619078, 36.9252236], [27.1615127, 36.9255119], [27.1612579, 36.9255802], [27.1606563, 36.9253308], [27.1603628, 36.9253127], [27.159885, 36.925457], [27.1593704, 36.9259376], [27.1588759, 36.9258931], [27.1582696, 36.9261589], [27.1571974, 36.9259892], [27.1553157, 36.9247128], [27.1549217, 36.9242422], [27.1549872, 36.9236992], [27.1548829, 36.9232663], [27.1545265, 36.9228783], [27.1542838, 36.9229122], [27.1531005, 36.9226369], [27.1520565, 36.9227605], [27.1516733, 36.9226821], [27.1513276, 36.9224543], [27.1512653, 36.9222994], [27.1513392, 36.9222336], [27.150807, 36.9217938], [27.1495479, 36.9221141], [27.1490695, 36.9224292], [27.148548, 36.9223589], [27.1478245, 36.9220894], [27.1475945, 36.9222493], [27.147568, 36.9223728], [27.1466544, 36.9225132], [27.146384, 36.9222739], [27.14546, 36.9220443], [27.1452855, 36.9217367], [27.1453981, 36.9212698], [27.1452185, 36.9209718], [27.145154, 36.9204988], [27.1445817, 36.9201466], [27.1433456, 36.9202113], [27.1430424, 36.9210003], [27.1426885, 36.9209935], [27.1424846, 36.9212383], [27.142494, 36.9215793], [27.1422883, 36.9219487], [27.1419344, 36.9222525], [27.1420526, 36.9225762], [27.1412245, 36.9232398], [27.1405102, 36.9230367], [27.1398706, 36.9229802], [27.1387586, 36.9231632], [27.1379813, 36.9234778], [27.1378406, 36.9233472], [27.1378234, 36.9230926], [27.1377079, 36.9230308], [27.1377636, 36.9229977], [27.1373821, 36.9227527], [27.137366, 36.9226106], [27.1374399, 36.9225935], [27.1373088, 36.9224427], [27.1370364, 36.9223231], [27.1370615, 36.9223806], [27.1368558, 36.922417], [27.1367066, 36.922569], [27.1364551, 36.9225181], [27.1364095, 36.9223173], [27.1361819, 36.9222077], [27.136058, 36.9222628], [27.1359438, 36.9221522], [27.1356721, 36.9221222], [27.1357149, 36.9221948], [27.1351937, 36.9219761], [27.135269, 36.9216342], [27.1350986, 36.921543], [27.1347063, 36.9216252], [27.1342152, 36.9220695], [27.1330945, 36.9220448], [27.1327862, 36.9223729], [27.1327568, 36.9231508], [27.1322136, 36.9237361], [27.132518, 36.9241029], [27.1324654, 36.9243141], [27.1321018, 36.9244842], [27.1321159, 36.9246109], [27.1318393, 36.9246059], [27.1315827, 36.9249782], [27.1320538, 36.9255639], [27.1322428, 36.9255181], [27.1321658, 36.9256665], [27.1326794, 36.9260233], [27.132672, 36.9261624], [27.1322784, 36.9265705], [27.131365, 36.9271168], [27.1306603, 36.9278786], [27.1310083, 36.9283125], [27.13141, 36.928574], [27.1316787, 36.9288935], [27.132245, 36.9297683], [27.1325021, 36.9299992], [27.1327677, 36.9305902], [27.1334244, 36.9307903], [27.1336093, 36.9307753], [27.1336975, 36.9306714], [27.1338897, 36.9307289], [27.1334463, 36.9315606], [27.133541, 36.9316743], [27.1332706, 36.9318331], [27.1333281, 36.9319466], [27.1337838, 36.9317912], [27.1338615, 36.9321822], [27.1337336, 36.9324643], [27.1333662, 36.9327447], [27.1327339, 36.9329919], [27.1320163, 36.9330721], [27.1313976, 36.9325214], [27.1308207, 36.9322918], [27.1303842, 36.9316933], [27.1312604, 36.9315548], [27.1311977, 36.9313551], [27.1302252, 36.9315681], [27.129456, 36.9309145], [27.1285667, 36.9307251], [27.1282277, 36.9312131], [27.1277656, 36.9314035], [27.1275404, 36.9317223], [27.1267243, 36.9322963], [27.1264272, 36.9329163], [27.1258053, 36.9329123], [27.1244849, 36.9336353], [27.1241947, 36.9336884], [27.1238485, 36.9340295], [27.1237665, 36.9341598], [27.1238439, 36.9342276], [27.1236472, 36.9343607], [27.1235006, 36.934621], [27.1234924, 36.9348515], [27.1236502, 36.9349857], [27.123572, 36.935137], [27.1233163, 36.935255], [27.1232699, 36.9353858], [27.1231402, 36.9352835], [27.1228129, 36.935307], [27.1226604, 36.93541], [27.1224942, 36.9360205], [27.1222815, 36.9360662], [27.1217493, 36.9369974], [27.1214886, 36.9371559], [27.1211245, 36.9376552], [27.1211884, 36.9378741], [27.121403, 36.9380071], [27.1214176, 36.9379206], [27.1216004, 36.9379543], [27.1217156, 36.9381247], [27.1224715, 36.9383352], [27.1226273, 36.9385048], [27.1227402, 36.9386829], [27.1227793, 36.9392452], [27.1225262, 36.9393368], [27.1227387, 36.9394317], [27.1227311, 36.9396396], [27.1224532, 36.9401496], [27.121582, 36.9411121], [27.1205844, 36.9420595], [27.1200932, 36.9423718]]]}}, {"type": "Feature", "properties": {}, "geometry": {"type": "Polygon", "coordinates": [[[27.146514, 37.0472632], [27.1459837, 37.0467501], [27.1454626, 37.0469634], [27.1444085, 37.0476464], [27.1442993, 37.0478526], [27.1444112, 37.0483057], [27.144733, 37.0485369], [27.1451032, 37.0485519], [27.1464585, 37.0477862], [27.1465891, 37.0475415], [27.146514, 37.0472632]]]}}, {"type": "Feature", "properties": {}, "geometry": {"type": "Polygon", "coordinates": [[[27.1503906, 37.0494111], [27.1494376, 37.0491063], [27.1490468, 37.0492655], [27.148987, 37.0495195], [27.1491514, 37.0496209], [27.1493276, 37.0500311], [27.1494939, 37.0501574], [27.1494671, 37.0502579], [27.1506615, 37.0503979], [27.1511086, 37.050121], [27.1511604, 37.0499762], [27.1508109, 37.0496758], [27.1506527, 37.0496651], [27.1503906, 37.0494111]]]}}, {"type": "Feature", "properties": {}, "geometry": {"type": "Polygon", "coordinates": [[[27.127753, 36.6072818], [27.1275924, 36.6077241], [27.1278834, 36.6080244], [27.1280618, 36.6079491], [27.1281708, 36.6080302], [27.1282724, 36.6079663], [27.1286197, 36.6080212], [27.1294939, 36.6084767], [27.12974, 36.6087148], [27.1300876, 36.6094026], [27.1303212, 36.6104879], [27.1301474, 36.6106365], [27.129913, 36.610637], [27.1297148, 36.6108006], [27.1297787, 36.6108864], [27.1302876, 36.6111818], [27.1305034, 36.611196], [27.1306664, 36.6110046], [27.131116, 36.6112874], [27.1317, 36.6113919], [27.1322582, 36.6119255], [27.1324691, 36.6124173], [27.1334196, 36.6131493], [27.133855, 36.6133267], [27.1348741, 36.6134083], [27.1350516, 36.6134845], [27.1352959, 36.6138621], [27.1354785, 36.6139389], [27.1352958, 36.613749], [27.1351324, 36.6132241], [27.1355808, 36.6130407], [27.1362613, 36.6132909], [27.1364873, 36.6134704], [27.1381118, 36.6139486], [27.1383114, 36.6140634], [27.1384616, 36.6143015], [27.139292, 36.6147707], [27.1395245, 36.6150145], [27.1398312, 36.6149896], [27.1400206, 36.6147542], [27.1388475, 36.6140935], [27.1391441, 36.6134793], [27.1402691, 36.6131991], [27.1408582, 36.6131415], [27.1432376, 36.6133602], [27.1434193, 36.6134631], [27.1434002, 36.6137234], [27.1432944, 36.6137742], [27.1437, 36.6137729], [27.1438959, 36.6137472], [27.1440134, 36.6135469], [27.1456109, 36.6128588], [27.14617, 36.6126804], [27.147126, 36.612543], [27.1479119, 36.6126926], [27.1493404, 36.6125649], [27.1494662, 36.6127024], [27.1494915, 36.6125343], [27.152819, 36.6126697], [27.1531639, 36.6132474], [27.1532535, 36.6132592], [27.15446, 36.6132581], [27.1543794, 36.6131784], [27.1532169, 36.6131548], [27.1530078, 36.6126729], [27.1535188, 36.6127734], [27.1548151, 36.6126208], [27.155731, 36.612789], [27.1572653, 36.6133497], [27.1581511, 36.6141514], [27.1590133, 36.6144414], [27.1591336, 36.6147142], [27.1602559, 36.6151169], [27.1615254, 36.6160974], [27.1624049, 36.6162355], [27.1629748, 36.6165258], [27.1632317, 36.616966], [27.1642767, 36.6173706], [27.1646951, 36.6176906], [27.1651058, 36.6177883], [27.1658968, 36.6176884], [27.1664663, 36.6178932], [27.1666318, 36.6180413], [27.1666725, 36.6184427], [27.1672424, 36.619072], [27.1673083, 36.619619], [27.1676738, 36.6200509], [27.1676617, 36.6202024], [27.1679227, 36.6205311], [27.167981, 36.6207519], [27.1684488, 36.6210774], [27.1688363, 36.6210146], [27.1693102, 36.6202947], [27.1695712, 36.6201814], [27.1718242, 36.6198144], [27.172993, 36.6198009], [27.1718618, 36.6196834], [27.1699767, 36.6199205], [27.1697094, 36.619454], [27.1696902, 36.6192516], [27.1703407, 36.6187874], [27.1719796, 36.6184871], [27.1717769, 36.619356], [27.1718789, 36.6193634], [27.1720125, 36.6188807], [27.1727416, 36.6183376], [27.1742712, 36.618153], [27.1776367, 36.6182068], [27.1778207, 36.6182545], [27.1779378, 36.6184679], [27.178691, 36.618666], [27.17931, 36.6190576], [27.1803591, 36.6193527], [27.1807054, 36.6193658], [27.1813071, 36.6195984], [27.1817946, 36.6199149], [27.1823766, 36.6199903], [27.1867296, 36.6200043], [27.1876391, 36.6201308], [27.1880851, 36.620019], [27.1883649, 36.619785], [27.1886303, 36.6193802], [27.1901407, 36.6181604], [27.1903278, 36.6182663], [27.1903063, 36.6179214], [27.1903922, 36.6177375], [27.1906787, 36.6176283], [27.1903669, 36.6173442], [27.1911737, 36.615834], [27.1913966, 36.6152412], [27.1918339, 36.6147002], [27.1924437, 36.6141892], [27.192861, 36.613378], [27.1942931, 36.6122257], [27.195403, 36.610547], [27.1959379, 36.610018], [27.1985845, 36.6082411], [27.198663, 36.607219], [27.1989742, 36.606685], [27.199535, 36.606173], [27.199716, 36.6055738], [27.2000831, 36.6049272], [27.2008072, 36.602665], [27.20242388794702, 36.6], [27.126703404435165, 36.6], [27.1271819, 36.6020735], [27.1272182, 36.6045945], [27.1270405, 36.6046596], [27.1272303, 36.6047183], [27.1273015, 36.6050724], [27.1271376, 36.605519], [27.1271776, 36.6062035], [27.1273416, 36.6062718], [27.1275991, 36.6067153], [27.127753, 36.6072818]]]}}, {"type": "Feature", "properties": {}, "geometry": {"type": "Polygon", "coordinates": [[[27.1772802, 36.6832994], [27.1784258, 36.6831711], [27.1789308, 36.6829068], [27.1802957, 36.6829303], [27.1812208, 36.6825887], [27.1816841, 36.6821608], [27.1821558, 36.6810429], [27.1821618, 36.6804465], [27.1825104, 36.6802853], [27.1824803, 36.680079], [27.1817243, 36.6796614], [27.1802597, 36.67819], [27.1774438, 36.6788102], [27.1770445, 36.679117], [27.177086, 36.6796172], [27.1766906, 36.681166], [27.1768827, 36.6813265], [27.1771329, 36.6824306], [27.1769319, 36.6825699], [27.1770781, 36.682997], [27.1772802, 36.6832994]]]}}, {"type": "Feature", "properties": {}, "geometry": {"type": "Polygon", "coordinates": [[[27.158279, 36.9189148], [27.1584853, 36.9187264], [27.1584898, 36.9185116], [27.1580758, 36.918343], [27.1578528, 36.918403], [27.1577298, 36.9187307], [27.1577904, 36.9188367], [27.1580432, 36.9189714], [27.158279, 36.9189148]]]}}, {"type": "Feature", "properties": {}, "geometry": {"type": "Polygon", "coordinates": [[[27.1738043, 36.9449331], [27.1744354, 36.9445693], [27.1745173, 36.9443859], [27.1744336, 36.9443383], [27.1745696, 36.9442025], [27.1743308, 36.9442479], [27.1742707, 36.9441063], [27.1732861, 36.9445739], [27.1731566, 36.9448311], [27.1732529, 36.9448414], [27.1731967, 36.9449181], [27.1732658, 36.9449982], [27.1738043, 36.9449331]]]}}, {"type": "Feature", "properties": {}, "geometry": {"type": "Polygon", "coordinates": [[[27.1655806, 36.9554109], [27.1658594, 36.9553117], [27.1659454, 36.955184], [27.1656339, 36.9548956], [27.1653801, 36.9548471], [27.1652857, 36.9550251], [27.1653519, 36.9553406], [27.1655806, 36.9554109]]]}}, {"type": "Feature", "properties": {}, "geometry": {"type": "Polygon", "coordinates": [[[27.2327297, 36.9821777], [27.2329613, 36.9821284], [27.2329168, 36.9820448], [27.2330996, 36.981606], [27.2329744, 36.9813651], [27.2327717, 36.981308], [27.2327168, 36.9814334], [27.2328, 36.9816461], [27.2327002, 36.9818321], [27.2327297, 36.9821777]]]}}, {"type": "Feature", "properties": {}, "geometry": {"type": "Polygon", "coordinates": [[[27.230466, 36.985715], [27.2312231, 36.9865825], [27.231567, 36.9867449], [27.231882, 36.98638], [27.2320846, 36.9854867], [27.2323683, 36.9850135], [27.2324091, 36.9847625], [27.2322427, 36.9844701], [27.2326887, 36.9832067], [27.2323198, 36.9828389], [27.2317935, 36.9829551], [27.2312017, 36.9828405], [27.2307038, 36.9829883], [27.2303156, 36.9829621], [27.2297222, 36.9833804], [27.2300868, 36.9851162], [27.230466, 36.985715]]]}}, {"type": "Feature", "properties": {}, "geometry": {"type": "Polygon", "coordinates": [[[27.2102331, 36.9860055], [27.2104951, 36.9861502], [27.2108616, 36.9861512], [27.2111586, 36.9860279], [27.2112904, 36.9858035], [27.211104, 36.9855024], [27.2106532, 36.9855217], [27.2103516, 36.9856729], [27.2102331, 36.9860055]]]}}, {"type": "Feature", "properties": {}, "geometry": {"type": "Polygon", "coordinates": [[[27.2243035, 36.988791], [27.2244537, 36.9883882], [27.224282, 36.9882854], [27.2241565, 36.9883311], [27.2242238, 36.9888104], [27.2243035, 36.988791]]]}}, {"type": "Feature", "properties": {}, "geometry": {"type": "Polygon", "coordinates": [[[27.224777, 36.9908712], [27.2240454, 36.9913861], [27.2238841, 36.9916218], [27.2238584, 36.9917588], [27.224057, 36.9921654], [27.2243792, 36.9920321], [27.224777, 36.9908712]]]}}, {"type": "Feature", "properties": {}, "geometry": {"type": "Polygon", "coordinates": [[[27.1975139, 36.9934174], [27.1986709, 36.9930448], [27.1988098, 36.9929773], [27.1987577, 36.9928514], [27.1989841, 36.9928029], [27.1985359, 36.9926847], [27.1985104, 36.9924306], [27.1978659, 36.9924215], [27.1972507, 36.9921222], [27.1967178, 36.9921018], [27.1963684, 36.9922248], [27.1962207, 36.9925347], [27.1963132, 36.992845], [27.1969334, 36.9933457], [27.1975139, 36.9934174]]]}}, {"type": "Feature", "properties": {}, "geometry": {"type": "Polygon", "coordinates": [[[27.2075305, 36.9958382], [27.2074627, 36.9957041], [27.2073006, 36.9956829], [27.2071768, 36.9960406], [27.207333, 36.9960689], [27.2075305, 36.9958382]]]}}, {"type": "Feature", "properties": {}, "geometry": {"type": "Polygon", "coordinates": [[[27.2050312, 36.9973647], [27.2046087, 36.9974511], [27.2041279, 36.9980781], [27.2044311, 36.9982714], [27.2043925, 36.9986707], [27.2046576, 36.9984497], [27.2049997, 36.9983742], [27.2051833, 36.9978898], [27.2055742, 36.99758], [27.2058142, 36.997491], [27.2059776, 36.9976836], [27.2061677, 36.9976207], [27.2062354, 36.9973173], [27.2064362, 36.9972656], [27.206441, 36.99713], [27.2067157, 36.996757], [27.206702, 36.9966236], [27.2061715, 36.9966678], [27.2057853, 36.9965751], [27.2054424, 36.9971361], [27.2050312, 36.9973647]]]}}, {"type": "Feature", "properties": {}, "geometry": {"type": "Polygon", "coordinates": [[[27.2171521, 37.011412], [27.218052, 37.0122], [27.2183842, 37.0125999], [27.2189135, 37.0129368], [27.2194606, 37.0131779], [27.2201911, 37.0131107], [27.2207607, 37.0127616], [27.2213036, 37.0122347], [27.2220364, 37.0119572], [27.2221965, 37.0115682], [27.223174, 37.011035], [27.2232182, 37.010521], [27.2236726, 37.0096814], [27.2236297, 37.0096034], [27.2240173, 37.0087102], [27.223984, 37.0083388], [27.2229552, 37.0076005], [27.2223059, 37.007311], [27.219496, 37.0070217], [27.2188677, 37.0068135], [27.2177084, 37.0060723], [27.2170436, 37.005482], [27.2168672, 37.0052303], [27.2168253, 37.0048527], [27.2174106, 37.0037612], [27.2174758, 37.0034507], [27.2173253, 37.0030785], [27.2168228, 37.0025707], [27.2166307, 37.0020298], [27.2160478, 37.0014629], [27.2159364, 37.0009627], [27.2157082, 37.0004961], [27.2152769, 37.0000899], [27.2152247, 36.9998455], [27.2154425, 36.9993159], [27.2154605, 36.9990253], [27.2146656, 36.9990396], [27.2142795, 36.9994129], [27.2134384, 36.9995942], [27.2125295, 36.9994448], [27.2122443, 36.9993124], [27.2115032, 36.9994633], [27.2111655, 36.9992], [27.2112446, 36.9988232], [27.2111529, 36.9986306], [27.209581, 36.9972706], [27.2084632, 36.9970155], [27.2076319, 36.9970711], [27.2074652, 36.9977249], [27.2072765, 36.9978539], [27.207234, 36.9980227], [27.2072971, 36.9984699], [27.2074912, 36.998828], [27.2078405, 36.9991252], [27.2085045, 36.9993802], [27.2087291, 36.9996148], [27.2095204, 36.9997118], [27.2104848, 36.9999767], [27.2104465, 37.0001951], [27.2108517, 37.0002068], [27.2109892, 37.000312], [27.2109892, 37.0004756], [27.210409, 37.0015734], [27.2104216, 37.0017773], [27.2106133, 37.0020123], [27.210572, 37.0022986], [27.2108119, 37.0023036], [27.2116616, 37.0028036], [27.2125309, 37.0036254], [27.2135168, 37.0043577], [27.2139302, 37.0049886], [27.21393, 37.0053189], [27.2140395, 37.0054774], [27.2148635, 37.0056698], [27.2150379, 37.0058683], [27.2150119, 37.0059757], [27.2153285, 37.0059457], [27.2156662, 37.0060695], [27.2158216, 37.0059024], [27.216072, 37.0058411], [27.2164226, 37.0059588], [27.2165728, 37.006136], [27.2167763, 37.0065938], [27.2164575, 37.0072237], [27.2164882, 37.0084414], [27.2160032, 37.0094145], [27.2160145, 37.0103297], [27.2164928, 37.010989], [27.2171521, 37.011412]]]}}, {"type": "Feature", "properties": {}, "geometry": {"type": "Polygon", "coordinates": [[[27.1810455, 37.0046065], [27.180248, 37.0051632], [27.1802203, 37.0056663], [27.1804611, 37.0059328], [27.181175, 37.0059794], [27.1822068, 37.0058294], [27.182526, 37.0056155], [27.1827714, 37.0056064], [27.1829153, 37.0053876], [27.1828042, 37.005172], [27.1819237, 37.0045411], [27.1810455, 37.0046065]]]}}, {"type": "Feature", "properties": {}, "geometry": {"type": "Polygon", "coordinates": [[[27.210682, 37.0061856], [27.2108477, 37.0062029], [27.2121889, 37.0057598], [27.2123522, 37.0055183], [27.2118023, 37.0051755], [27.2110386, 37.0051312], [27.2105902, 37.0056644], [27.210565, 37.0059644], [27.210682, 37.0061856]]]}}, {"type": "Feature", "properties": {}, "geometry": {"type": "Polygon", "coordinates": [[[27.2128906, 37.0103228], [27.2130129, 37.0103155], [27.2130465, 37.0101667], [27.2127073, 37.0100447], [27.2127134, 37.0099715], [27.2125454, 37.0099739], [27.2125362, 37.0100983], [27.2127837, 37.0101764], [27.2128906, 37.0103228]]]}}, {"type": "Feature", "properties": {}, "geometry": {"type": "Polygon", "coordinates": [[[27.2123357, 37.0109485], [27.2125907, 37.0109322], [27.2128083, 37.0106526], [27.2125907, 37.0105875], [27.2125227, 37.0107856], [27.2123561, 37.0107911], [27.2123357, 37.0109485]]]}}, {"type": "Feature", "properties": {}, "geometry": {"type": "Polygon", "coordinates": [[[27.2425674, 37.0294129], [27.2416501, 37.0291286], [27.2414616, 37.0292691], [27.241449, 37.0293962], [27.2415496, 37.0297205], [27.241914, 37.0300516], [27.2422323, 37.030172], [27.242513, 37.0300215], [27.2425674, 37.0294129]]]}}, {"type": "Feature", "properties": {}, "geometry": {"type": "Polygon", "coordinates": [[[27.2295654, 37.0402251], [27.2291156, 37.0398365], [27.2286719, 37.0396299], [27.2285658, 37.039623], [27.2285425, 37.0397676], [27.228377, 37.0398112], [27.2285733, 37.0398562], [27.2286103, 37.0400234], [27.2287828, 37.0399792], [27.2289677, 37.0401218], [27.2288568, 37.0406087], [27.2291094, 37.0403972], [27.2293066, 37.0404858], [27.2295654, 37.0402251]]]}}, {"type": "Feature", "properties": {}, "geometry": {"type": "Polygon", "coordinates": [[[27.2021946, 37.0467343], [27.2009942, 37.0468584], [27.2005376, 37.04714], [27.2002546, 37.0475897], [27.1995653, 37.0478707], [27.1995104, 37.0483451], [27.199314, 37.0486304], [27.1988336, 37.0490377], [27.198436, 37.0492023], [27.1984936, 37.0492982], [27.1989702, 37.0492704], [27.1988889, 37.0493662], [27.1989634, 37.0495483], [27.1986975, 37.0497365], [27.1993417, 37.0498479], [27.2001925, 37.0497512], [27.2007017, 37.0499983], [27.2007419, 37.0501392], [27.2005852, 37.0503872], [27.200705, 37.0505553], [27.2011032, 37.0501995], [27.2014836, 37.0500683], [27.2024876, 37.0501963], [27.2028576, 37.0503858], [27.2029126, 37.0506255], [27.2033365, 37.0507135], [27.203799, 37.0506975], [27.2038384, 37.0505945], [27.2045753, 37.050263], [27.2043418, 37.0498018], [27.2035874, 37.0494447], [27.2034173, 37.0491594], [27.2033647, 37.048813], [27.2037221, 37.0487499], [27.2037036, 37.0486835], [27.2033726, 37.0487345], [27.2034969, 37.0484463], [27.2039818, 37.04795], [27.2045042, 37.0476298], [27.2045182, 37.0475302], [27.2040803, 37.0472887], [27.2039336, 37.0469934], [27.2033672, 37.0464463], [27.2028861, 37.0464829], [27.2021946, 37.0467343]]]}}, {"type": "Feature", "properties": {}, "geometry": {"type": "Polygon", "coordinates": [[[27.2334251, 37.0526817], [27.2331981, 37.0524693], [27.232857, 37.0524628], [27.2326291, 37.0527968], [27.232744, 37.0530415], [27.2329189, 37.0531368], [27.2326988, 37.0531307], [27.2331636, 37.0533511], [27.2338068, 37.0534246], [27.2338602, 37.0531692], [27.2334232, 37.0528457], [27.2334251, 37.0526817]]]}}, {"type": "Feature", "properties": {}, "geometry": {"type": "Polygon", "coordinates": [[[27.2294694, 37.064276], [27.2291797, 37.0642696], [27.2293004, 37.0644023], [27.2289866, 37.0644344], [27.2290242, 37.0645008], [27.2294936, 37.0644302], [27.2294694, 37.064276]]]}}, {"type": "Feature", "properties": {}, "geometry": {"type": "Polygon", "coordinates": [[[27.2053187, 37.0838084], [27.2069247, 37.0847054], [27.2075249, 37.0854754], [27.2072497, 37.0862454], [27.2078658, 37.0874296], [27.2082157, 37.0875284], [27.2089163, 37.0890528], [27.2098237, 37.0894451], [27.2107648, 37.0894598], [27.2116552, 37.0891019], [27.2121333, 37.0890194], [27.2131201, 37.0893319], [27.2138861, 37.089086], [27.2143117, 37.0888025], [27.2144484, 37.0885455], [27.2143077, 37.0872614], [27.2141457, 37.0870044], [27.2141764, 37.0858203], [27.214366, 37.0846083], [27.2136577, 37.0843074], [27.2125089, 37.0844419], [27.2119246, 37.084059], [27.2115876, 37.0834999], [27.2111126, 37.0834863], [27.2108813, 37.0831435], [27.2106185, 37.0821804], [27.2098017, 37.0814884], [27.2088397, 37.0812324], [27.2082057, 37.0807289], [27.2076333, 37.0805863], [27.2064615, 37.0813466], [27.2060127, 37.0814581], [27.2050215, 37.0824297], [27.2050026, 37.0831508], [27.2053187, 37.0838084]]]}}, {"type": "Feature", "properties": {}, "geometry": {"type": "Polygon", "coordinates": [[[27.2327042, 37.0886336], [27.2319622, 37.0892088], [27.2320097, 37.0893602], [27.2322015, 37.0894497], [27.2333753, 37.0891679], [27.2337343, 37.0891952], [27.2343041, 37.0894406], [27.2355397, 37.0902931], [27.236099, 37.0904951], [27.2363611, 37.0904951], [27.237946, 37.0896996], [27.2390181, 37.0890238], [27.239421, 37.0889042], [27.2393527, 37.0887452], [27.239649, 37.0888861], [27.2398256, 37.0887997], [27.24034, 37.0887938], [27.2406467, 37.0885207], [27.2407943, 37.088077], [27.2414439, 37.0880588], [27.2415692, 37.0879588], [27.241243, 37.0878117], [27.2411362, 37.0879179], [27.2400934, 37.0879133], [27.2393071, 37.0874543], [27.2391133, 37.087477], [27.2391304, 37.0874133], [27.2386347, 37.0873452], [27.2380193, 37.0871179], [27.2379281, 37.0871952], [27.2378426, 37.0870542], [27.2367598, 37.0865242], [27.2366232, 37.0865497], [27.2365827, 37.0864507], [27.2360671, 37.0864608], [27.2335792, 37.0876484], [27.2327042, 37.0886336]]]}}, {"type": "Feature", "properties": {}, "geometry": {"type": "Polygon", "coordinates": [[[27.2511308, 37.089031], [27.2513695, 37.0887964], [27.2506507, 37.0891231], [27.2507233, 37.0891914], [27.2511308, 37.089031]]]}}, {"type": "Feature", "properties": {}, "geometry": {"type": "Polygon", "coordinates": [[[27.2561383, 37.1330329], [27.2559589, 37.1333526], [27.2566031, 37.1333389], [27.257229, 37.1329494], [27.2575886, 37.133006], [27.2577068, 37.1329172], [27.2575638, 37.1328053], [27.2573161, 37.1323005], [27.2577444, 37.131774], [27.2575454, 37.1316821], [27.2572353, 37.1317385], [27.2570123, 37.1318807], [27.2563083, 37.1320578], [27.2561145, 37.1322877], [27.2562455, 37.1322845], [27.2561383, 37.1330329]]]}}, {"type": "Feature", "properties": {}, "geometry": {"type": "Polygon", "coordinates": [[[27.5113339, 36.6623865], [27.512121, 36.6616204], [27.5118901, 36.661351], [27.5117012, 36.6608333], [27.5110663, 36.6603702], [27.5107882, 36.6599788], [27.5110348, 36.659461], [27.5110768, 36.6589264], [27.5115018, 36.657933], [27.5115176, 36.6574868], [27.5107147, 36.6569311], [27.5099171, 36.6565775], [27.5096758, 36.6563291], [27.5095551, 36.6561018], [27.5095498, 36.6557903], [27.5099279, 36.6546008], [27.5097149, 36.654532], [27.5093294, 36.6549694], [27.5086053, 36.6551126], [27.5084689, 36.6553273], [27.5083114, 36.6553062], [27.5082537, 36.6555546], [27.5083692, 36.6557188], [27.5087417, 36.6557819], [27.508768, 36.6559082], [27.5091038, 36.6561439], [27.5091615, 36.6563965], [27.5092927, 36.6564891], [27.5091982, 36.6566028], [27.5093714, 36.6568722], [27.5093871, 36.657571], [27.5086525, 36.6582108], [27.5084269, 36.6587496], [27.5079861, 36.6594063], [27.5082012, 36.6597767], [27.5085056, 36.660004], [27.5089201, 36.6599746], [27.509193, 36.6601177], [27.5094396, 36.660446], [27.5093347, 36.6617677], [27.5092087, 36.6619698], [27.5093557, 36.6621971], [27.5092455, 36.6623107], [27.5093819, 36.6627527], [27.5096285, 36.6628916], [27.5104209, 36.6627906], [27.5113339, 36.6623865]]]}}, {"type": "Feature", "properties": {}, "geometry": {"type": "Polygon", "coordinates": [[[27.3621583, 36.708513], [27.3619755, 36.7083876], [27.3617502, 36.7085253], [27.3621047, 36.708599], [27.3621583, 36.708513]]]}}, {"type": "Feature", "properties": {}, "geometry": {"type": "Polygon", "coordinates": [[[27.407395, 36.7404565], [27.4071306, 36.7410921], [27.406768, 36.7412617], [27.4061485, 36.7413464], [27.4058388, 36.7415341], [27.4057179, 36.7414554], [27.4054233, 36.7416188], [27.4057179, 36.7419578], [27.4056122, 36.7420729], [27.4052344, 36.7421092], [27.4049398, 36.7418125], [27.4047509, 36.7417944], [27.4039804, 36.7422424], [27.4047207, 36.7422424], [27.4046452, 36.7424664], [27.4043808, 36.742648], [27.4048869, 36.7426843], [27.4055366, 36.7425541], [27.4055461, 36.7423347], [27.405971, 36.7422363], [27.4061221, 36.7420169], [27.4064809, 36.7420017], [27.4064998, 36.7417596], [27.4069909, 36.7412526], [27.4072647, 36.7411088], [27.4082751, 36.7410634], [27.40982, 36.7405231], [27.4098654, 36.7402749], [27.4100089, 36.7401538], [27.4104395, 36.7401235], [27.4106133, 36.7402022], [27.4109532, 36.7397966], [27.411195, 36.7397119], [27.4112932, 36.7395121], [27.4118749, 36.7394334], [27.4121846, 36.7390944], [27.4123886, 36.7391065], [27.412653, 36.7387372], [27.413348, 36.7384829], [27.413212, 36.7384224], [27.4135218, 36.7383618], [27.4142092, 36.73749], [27.4140581, 36.7374356], [27.4138844, 36.7376111], [27.4134009, 36.7377322], [27.4133782, 36.7378654], [27.4132196, 36.7378472], [27.4126228, 36.7381257], [27.4128268, 36.7382408], [27.412381, 36.7383739], [27.4125472, 36.7384647], [27.4122828, 36.7384647], [27.4096841, 36.7392941], [27.4096085, 36.7395424], [27.4093441, 36.7395605], [27.4090193, 36.7398329], [27.407395, 36.7404565]]]}}, {"type": "Feature", "properties": {}, "geometry": {"type": "Polygon", "coordinates": [[[27.4405296, 36.7504168], [27.4402345, 36.7503609], [27.4400199, 36.7505844], [27.4405403, 36.7506274], [27.4406422, 36.7505286], [27.4405296, 36.7504168]]]}}, {"type": "Feature", "properties": {}, "geometry": {"type": "Polygon", "coordinates": [[[27.4678136, 36.7698458], [27.4677713, 36.7700152], [27.4680855, 36.7701363], [27.468285, 36.7701024], [27.4686537, 36.7697393], [27.4689135, 36.7698264], [27.4691976, 36.7696909], [27.4692278, 36.769565], [27.4698503, 36.7692648], [27.4697173, 36.7686839], [27.4683756, 36.7689937], [27.4681279, 36.7691632], [27.468291, 36.7694537], [27.4682548, 36.769565], [27.4680191, 36.769657], [27.4679768, 36.7698458], [27.4678136, 36.7698458]]]}}, {"type": "Feature", "properties": {}, "geometry": {"type": "Polygon", "coordinates": [[[27.4585705, 36.773876], [27.4585908, 36.7740512], [27.458369, 36.7742522], [27.4586097, 36.774331], [27.4589025, 36.7742554], [27.4592393, 36.7744626], [27.4591291, 36.7747471], [27.4596205, 36.7750588], [27.4601301, 36.7752236], [27.4607957, 36.7750942], [27.4613844, 36.7747878], [27.4618997, 36.7743402], [27.4629638, 36.7739472], [27.4634759, 36.7733766], [27.4639345, 36.7730414], [27.4641954, 36.7725575], [27.4642281, 36.7723072], [27.464477, 36.7721394], [27.4645211, 36.7717149], [27.4648014, 36.7713586], [27.4648356, 36.7710867], [27.4642617, 36.7708386], [27.4638552, 36.7708024], [27.4623563, 36.7711822], [27.4618682, 36.7714315], [27.4619243, 36.7716004], [27.4620914, 36.7716879], [27.4617449, 36.7720391], [27.4606863, 36.7723361], [27.4602346, 36.7726618], [27.4593201, 36.7729875], [27.4588836, 36.7733326], [27.4585705, 36.773876]]]}}, {"type": "Feature", "properties": {}, "geometry": {"type": "Polygon", "coordinates": [[[27.4588791, 36.7752981], [27.4589448, 36.7750688], [27.4587785, 36.7748458], [27.4583376, 36.7749883], [27.458384, 36.7752764], [27.4585696, 36.7753322], [27.4588791, 36.7752981]]]}}, {"type": "Feature", "properties": {}, "geometry": {"type": "Polygon", "coordinates": [[[27.3063606, 36.9517458], [27.3061094, 36.9510804], [27.3053032, 36.9505809], [27.3050224, 36.9505569], [27.3047135, 36.9509239], [27.304338, 36.951176], [27.304309, 36.952022], [27.3047169, 36.9522035], [27.3047326, 36.9519592], [27.3059025, 36.9519504], [27.3063606, 36.9517458]]]}}, {"type": "Feature", "properties": {}, "geometry": {"type": "Polygon", "coordinates": [[[27.482064, 36.9575092], [27.4819035, 36.9572211], [27.4816737, 36.957135], [27.4814607, 36.9572257], [27.481449, 36.9575058], [27.4817028, 36.9576272], [27.482064, 36.9575092]]]}}, {"type": "Feature", "properties": {}, "geometry": {"type": "Polygon", "coordinates": [[[27.3089828, 36.975366], [27.3093944, 36.9750579], [27.3088143, 36.9748378], [27.3085809, 36.9752236], [27.3086328, 36.9753919], [27.3087657, 36.9754177], [27.308824, 36.9753116], [27.3089828, 36.975366]]]}}, {"type": "Feature", "properties": {}, "geometry": {"type": "Polygon", "coordinates": [[[27.4365642, 36.987634], [27.4359851, 36.9876592], [27.4357096, 36.9877982], [27.4356279, 36.987939], [27.4354621, 36.9877814], [27.4348211, 36.9876452], [27.4341206, 36.9878588], [27.4340389, 36.988118], [27.433886, 36.9879949], [27.4335602, 36.9880108], [27.4332941, 36.9877618], [27.4326484, 36.9874802], [27.4322947, 36.9876145], [27.43206, 36.9878234], [27.4320588, 36.9879399], [27.4319222, 36.9880397], [27.4319865, 36.988119], [27.4319036, 36.9881087], [27.4318277, 36.9883903], [27.4316993, 36.9884416], [27.4312184, 36.9878957], [27.4307824, 36.987765], [27.4305892, 36.9879047], [27.4303778, 36.9879112], [27.4303402, 36.98802], [27.4302234, 36.9879964], [27.4297772, 36.9884023], [27.4296044, 36.9887019], [27.4296826, 36.9887433], [27.4296522, 36.9889625], [27.4295099, 36.9890291], [27.4290921, 36.9895941], [27.4291308, 36.9897467], [27.4286724, 36.9894697], [27.4284856, 36.9896739], [27.4282743, 36.9896189], [27.4277407, 36.9897896], [27.4269095, 36.9897886], [27.4266154, 36.9896946], [27.4264, 36.9894478], [27.426154, 36.9893861], [27.4255676, 36.9896832], [27.4246406, 36.9906557], [27.4248815, 36.9910763], [27.4255986, 36.9916267], [27.4250933, 36.9919261], [27.424829, 36.992384], [27.4248636, 36.9925423], [27.4246443, 36.9927268], [27.4240582, 36.9936202], [27.42421, 36.9939391], [27.4244108, 36.9940193], [27.4246607, 36.9944342], [27.4249278, 36.9946045], [27.4247361, 36.9946497], [27.4242808, 36.9950824], [27.4243345, 36.995198], [27.4241722, 36.9952745], [27.4239982, 36.9956242], [27.4240636, 36.9956698], [27.4239352, 36.9957295], [27.4239363, 36.9961286], [27.424917, 36.9963151], [27.4254844, 36.9962694], [27.4259176, 36.9964904], [27.4272973, 36.9968682], [27.4279751, 36.9967328], [27.42817, 36.9966086], [27.4290342, 36.9967371], [27.4305593, 36.996376], [27.4322108, 36.9958131], [27.4326294, 36.9955012], [27.4333825, 36.9952446], [27.4335034, 36.9950571], [27.4337077, 36.9951326], [27.4340431, 36.9950482], [27.4348176, 36.9945587], [27.435465, 36.9944361], [27.4365139, 36.9938801], [27.4367883, 36.9936446], [27.437018, 36.9936568], [27.4370506, 36.993501], [27.4374434, 36.993251], [27.4375212, 36.9933346], [27.4376164, 36.993259], [27.4375065, 36.9931792], [27.4380892, 36.9929409], [27.4382573, 36.9926925], [27.4385967, 36.9927023], [27.4392391, 36.9925253], [27.4406569, 36.9919635], [27.4418826, 36.9916234], [27.4426744, 36.9911915], [27.4436689, 36.9904627], [27.4448262, 36.9891772], [27.4455101, 36.9889687], [27.446755, 36.9883638], [27.4471013, 36.9881734], [27.4473418, 36.9878348], [27.4476454, 36.9878871], [27.4479968, 36.9877891], [27.4482256, 36.9875523], [27.448598, 36.9874254], [27.4487416, 36.9872063], [27.4490382, 36.9872184], [27.449639, 36.9869076], [27.4497487, 36.9868403], [27.449766, 36.9866779], [27.4499845, 36.986643], [27.4499408, 36.986548], [27.4500333, 36.9865269], [27.4500648, 36.9863085], [27.4505435, 36.9862898], [27.4507764, 36.9860478], [27.4512311, 36.9859397], [27.451974, 36.9855931], [27.4529895, 36.9853268], [27.453872, 36.9856938], [27.4543892, 36.9856763], [27.4549788, 36.9853282], [27.4554429, 36.9844895], [27.4556828, 36.9842647], [27.4561139, 36.9842479], [27.4568227, 36.9839908], [27.4578027, 36.9840303], [27.4587229, 36.9834003], [27.4595915, 36.983134], [27.460296, 36.9831584], [27.461233, 36.9829055], [27.4617598, 36.98294], [27.4625748, 36.9828002], [27.4634234, 36.98238], [27.4637242, 36.9818531], [27.4640733, 36.9816085], [27.4648659, 36.9813277], [27.4663443, 36.9810878], [27.4665952, 36.9810907], [27.4666446, 36.9811712], [27.4675427, 36.981052], [27.467832, 36.9810534], [27.468026, 36.9811573], [27.4686192, 36.9810795], [27.4688342, 36.9808831], [27.469022, 36.980902], [27.4694662, 36.9807225], [27.469892, 36.9802002], [27.4705331, 36.9798161], [27.471553, 36.9796983], [27.4738014, 36.9797942], [27.4750177, 36.9796265], [27.4755917, 36.9794465], [27.475585, 36.9793742], [27.475756, 36.9793924], [27.4758432, 36.9792612], [27.4764158, 36.979033], [27.4772245, 36.9789275], [27.477706, 36.978966], [27.4779474, 36.9787357], [27.479137, 36.9784289], [27.4797643, 36.9778189], [27.4807217, 36.9774068], [27.4813871, 36.9773863], [27.4821683, 36.9776189], [27.4826966, 36.9775093], [27.4828063, 36.9773771], [27.482977, 36.9774118], [27.4831646, 36.9772209], [27.483423, 36.9772089], [27.4834248, 36.9770795], [27.4837194, 36.9770152], [27.4837495, 36.9769106], [27.4838565, 36.9769049], [27.4838556, 36.9767311], [27.4841896, 36.9766502], [27.4842695, 36.9764676], [27.4850788, 36.9763375], [27.4854028, 36.9762087], [27.4854184, 36.9760661], [27.4856966, 36.9759032], [27.4861799, 36.9758677], [27.486379, 36.975719], [27.4864718, 36.9757689], [27.4868372, 36.9756569], [27.4868297, 36.9755842], [27.4870118, 36.9755487], [27.4869563, 36.9754303], [27.4871093, 36.9754242], [27.487142, 36.9752349], [27.4878903, 36.9748142], [27.4879073, 36.9746095], [27.4881215, 36.9746379], [27.4884548, 36.974305], [27.4889481, 36.9741413], [27.488857, 36.9740755], [27.4891403, 36.9739954], [27.4896017, 36.9736384], [27.4896949, 36.9734587], [27.4896318, 36.9733547], [27.4898397, 36.973236], [27.4899268, 36.9728778], [27.4902857, 36.9725031], [27.4911392, 36.9719314], [27.4912663, 36.9713855], [27.49117, 36.9710723], [27.4914088, 36.9708144], [27.4913949, 36.9705184], [27.4915826, 36.9704005], [27.4916233, 36.9701658], [27.4918782, 36.9698824], [27.4919817, 36.9698795], [27.4920268, 36.9697134], [27.4921896, 36.9696356], [27.4922011, 36.9694575], [27.4923453, 36.9693062], [27.4921976, 36.9688877], [27.4927382, 36.9682381], [27.4928904, 36.9678302], [27.4927577, 36.9676619], [27.4929169, 36.9675905], [27.4926762, 36.967635], [27.4927214, 36.967558], [27.4925409, 36.9675106], [27.4917941, 36.9675106], [27.4915393, 36.9673219], [27.4918852, 36.967037], [27.4918826, 36.9666255], [27.4915906, 36.9660798], [27.4910553, 36.9658469], [27.4909562, 36.9658929], [27.4909934, 36.9657458], [27.4904934, 36.9654221], [27.4903581, 36.9651513], [27.490412, 36.9648947], [27.4903138, 36.964778], [27.490251, 36.9643341], [27.4898705, 36.9643362], [27.4888109, 36.9646592], [27.4884157, 36.9649363], [27.4884128, 36.9647033], [27.4881209, 36.9642611], [27.4880299, 36.9636995], [27.4878256, 36.9634178], [27.4877135, 36.9626529], [27.487501, 36.9622639], [27.4875967, 36.9622172], [27.487515, 36.9619728], [27.4874088, 36.961748], [27.487264, 36.9616808], [27.4873212, 36.9615857], [27.487222, 36.9614112], [27.4870935, 36.9613413], [27.4871029, 36.9611659], [27.4869581, 36.9609849], [27.4870013, 36.9608496], [27.4868484, 36.9606453], [27.4869885, 36.9605987], [27.4869744, 36.9604196], [27.4868343, 36.9603655], [27.4867725, 36.9602059], [27.486351, 36.9601957], [27.4859319, 36.9603412], [27.4856774, 36.9608515], [27.4856517, 36.9618944], [27.4855127, 36.9619112], [27.484999, 36.9616715], [27.4839541, 36.9608188], [27.4834637, 36.9607248], [27.4831776, 36.9607696], [27.4825086, 36.9611306], [27.4819961, 36.9615737], [27.4818152, 36.9619702], [27.4817147, 36.962695], [27.4815081, 36.9629021], [27.4805963, 36.9625364], [27.4803161, 36.9628751], [27.4800954, 36.9629264], [27.4796062, 36.9627892], [27.479291, 36.9625887], [27.479277, 36.9623387], [27.4794206, 36.9620831], [27.4794696, 36.9617211], [27.4793284, 36.9611642], [27.4790879, 36.9608899], [27.4791568, 36.9608181], [27.4790318, 36.960653], [27.4790587, 36.9604319], [27.4786279, 36.9595596], [27.4780862, 36.9590036], [27.4776262, 36.9587237], [27.4775763, 36.9584758], [27.47724, 36.9580326], [27.4769295, 36.9579141], [27.4765209, 36.9582686], [27.4762663, 36.9583181], [27.4759558, 36.9589441], [27.4757515, 36.9591055], [27.4757526, 36.9593172], [27.4756394, 36.9593769], [27.4754386, 36.9598042], [27.4755261, 36.9598882], [27.4754503, 36.9600216], [27.4755472, 36.9601074], [27.4755005, 36.9602296], [27.4756277, 36.9606158], [27.4755226, 36.9610403], [27.4756114, 36.9616588], [27.4754794, 36.9616914], [27.4751409, 36.9614806], [27.4744419, 36.9608102], [27.4737365, 36.9606119], [27.4735353, 36.9604565], [27.4735031, 36.9603119], [27.4733234, 36.9603483], [27.4731719, 36.9602251], [27.4726797, 36.9602583], [27.472323, 36.9610298], [27.4723981, 36.9611691], [27.4720333, 36.9617703], [27.4721151, 36.9618357], [27.472052, 36.9619953], [27.4724956, 36.9634256], [27.4721349, 36.9633884], [27.4714566, 36.9630126], [27.4714019, 36.9628962], [27.4712971, 36.9629227], [27.4711831, 36.9627676], [27.4704907, 36.9627768], [27.4700424, 36.962455], [27.469826, 36.9624544], [27.4697543, 36.9626474], [27.4692176, 36.9631593], [27.4690327, 36.9636676], [27.4689202, 36.9636689], [27.4687646, 36.9640332], [27.4684704, 36.9643225], [27.468512, 36.9644246], [27.4683995, 36.9646881], [27.4685444, 36.9653466], [27.468512, 36.9654869], [27.4681777, 36.9656814], [27.4682886, 36.9658783], [27.4678989, 36.9659694], [27.4675076, 36.9655731], [27.4673258, 36.9659337], [27.4673119, 36.9660642], [27.4674275, 36.966154], [27.4673212, 36.966303], [27.4671486, 36.9663079], [27.4669638, 36.9661454], [27.4661768, 36.96607], [27.4660474, 36.9659728], [27.4653619, 36.9660159], [27.4651231, 36.9659494], [27.4648997, 36.9660343], [27.4646748, 36.9659334], [27.4645901, 36.96599], [27.4647025, 36.9661094], [27.4645331, 36.9661746], [27.4645177, 36.9662817], [27.4640077, 36.966486], [27.463105, 36.9665242], [27.4630649, 36.9663506], [27.4627276, 36.9661685], [27.4623717, 36.9664183], [27.4622185, 36.9662148], [27.4620894, 36.9662384], [27.4619756, 36.9661279], [27.4613912, 36.9663447], [27.4613526, 36.9662042], [27.4612266, 36.966227], [27.461256, 36.9660954], [27.4603545, 36.9657105], [27.4602966, 36.9655619], [27.4606919, 36.9649325], [27.4607031, 36.964792], [27.4605984, 36.9646987], [27.4608332, 36.9645663], [27.4609526, 36.9642778], [27.4607526, 36.9635237], [27.4605158, 36.9633516], [27.4603421, 36.9634762], [27.4603992, 36.9636359], [27.4599398, 36.9640914], [27.4599374, 36.964176], [27.4601302, 36.9642255], [27.4593581, 36.964609], [27.4590786, 36.9645364], [27.4585091, 36.9646042], [27.4582293, 36.9645002], [27.4577318, 36.964648], [27.4569715, 36.9646635], [27.4571114, 36.9651854], [27.4576308, 36.9658532], [27.4578935, 36.9660252], [27.4578473, 36.9662108], [27.4575019, 36.9662954], [27.4566668, 36.9660519], [27.4565753, 36.9661003], [27.4565137, 36.9659834], [27.4560993, 36.9659809], [27.4557003, 36.9661434], [27.4557742, 36.9665471], [27.4557034, 36.9665767], [27.4558559, 36.9667994], [27.4557634, 36.9670838], [27.4558682, 36.9673595], [27.4558343, 36.9676143], [27.455993, 36.96773], [27.4560253, 36.9679146], [27.4557534, 36.9680379], [27.4555269, 36.967963], [27.4551005, 36.9680697], [27.4546678, 36.9683758], [27.4545121, 36.9688876], [27.454551, 36.9691789], [27.4544236, 36.9691973], [27.454159, 36.9689315], [27.4536954, 36.9688276], [27.453268, 36.9690248], [27.4529212, 36.9690432], [27.4525151, 36.9692786], [27.4520797, 36.9696617], [27.4520488, 36.9698257], [27.4518656, 36.9699523], [27.4516887, 36.9702668], [27.4517515, 36.970908], [27.4516834, 36.9709412], [27.450565, 36.9703828], [27.4504268, 36.9701734], [27.4501982, 36.9701894], [27.450088, 36.9703703], [27.4498315, 36.9702577], [27.4496089, 36.9706534], [27.449478, 36.9706257], [27.4493794, 36.9707685], [27.4495157, 36.9711728], [27.4489665, 36.9711617], [27.4488648, 36.9712559], [27.4486784, 36.9711248], [27.4486361, 36.9711888], [27.4482517, 36.9708184], [27.4482494, 36.9709113], [27.4479505, 36.9708571], [27.4478982, 36.9706756], [27.4475824, 36.9704645], [27.4471264, 36.9704467], [27.4467589, 36.9702343], [27.4465494, 36.9703199], [27.4463931, 36.9701519], [27.4457183, 36.9703488], [27.4455828, 36.9704953], [27.4454649, 36.9704337], [27.4453548, 36.9705457], [27.4452346, 36.9705125], [27.4452452, 36.9706291], [27.4451182, 36.9706592], [27.4450694, 36.9710067], [27.4451395, 36.9710903], [27.4450277, 36.9716425], [27.4450836, 36.9716928], [27.444981, 36.9718959], [27.4450578, 36.9721773], [27.4448596, 36.9724551], [27.4449012, 36.9727881], [27.4447552, 36.972991], [27.4447844, 36.9735381], [27.445056, 36.9739141], [27.4457267, 36.9744302], [27.4451055, 36.9750473], [27.4450259, 36.9754332], [27.4459645, 36.9760901], [27.4464374, 36.9761135], [27.4466054, 36.9763523], [27.4460184, 36.9769935], [27.4452543, 36.977295], [27.4450648, 36.977514], [27.4449139, 36.9780125], [27.4450479, 36.9781158], [27.4448815, 36.9782377], [27.4447906, 36.9786906], [27.4445888, 36.9789059], [27.4442114, 36.9796443], [27.4443701, 36.9798978], [27.4448903, 36.9799262], [27.444883, 36.9802855], [27.4446119, 36.9803113], [27.4445965, 36.9804479], [27.443961, 36.9806369], [27.4436823, 36.980832], [27.4436398, 36.9809967], [27.443324, 36.9811437], [27.4432523, 36.9812653], [27.4433266, 36.9813749], [27.4431895, 36.9813713], [27.443101, 36.9815918], [27.4432647, 36.9818979], [27.4424746, 36.9814547], [27.441926, 36.9814802], [27.4415648, 36.9816989], [27.4412799, 36.9820643], [27.4408569, 36.9823054], [27.4407339, 36.9824948], [27.4405791, 36.9825033], [27.4405924, 36.9826312], [27.4402367, 36.9828277], [27.4402314, 36.9829973], [27.4390413, 36.9835719], [27.4388741, 36.9840681], [27.4389059, 36.9842929], [27.4387794, 36.9844639], [27.4387794, 36.9847367], [27.438913, 36.9848872], [27.438806, 36.9850123], [27.4385936, 36.9850823], [27.4383591, 36.9848554], [27.4381061, 36.9840589], [27.4379309, 36.9839345], [27.4380358, 36.9841177], [27.437793, 36.9840942], [27.4378806, 36.9843183], [27.4375054, 36.9844342], [27.4374709, 36.9843593], [27.437386, 36.9844469], [27.4375099, 36.9846314], [27.4374833, 36.9848257], [27.4372055, 36.9848484], [27.4369533, 36.9851812], [27.4369578, 36.9853544], [27.4370958, 36.985464], [27.436933, 36.9856187], [27.4369454, 36.9857573], [27.4367065, 36.9858541], [27.4365145, 36.9860824], [27.4363667, 36.9860979], [27.4362605, 36.9862661], [27.4361473, 36.9862598], [27.4360146, 36.9864647], [27.4362614, 36.9869552], [27.4368094, 36.9875221], [27.4365642, 36.987634]]]}}, {"type": "Feature", "properties": {}, "geometry": {"type": "Polygon", "coordinates": [[[27.5818125, 36.9784405], [27.5813219, 36.9782246], [27.5809606, 36.9779206], [27.5808523, 36.97796], [27.5802523, 36.977739], [27.5802549, 36.9776042], [27.5800012, 36.9775189], [27.5799694, 36.9773802], [27.5796796, 36.9771695], [27.5795885, 36.9772264], [27.57863, 36.9770932], [27.5784937, 36.9772526], [27.5777735, 36.977282], [27.5774174, 36.9775757], [27.5774866, 36.9778404], [27.5776667, 36.9778592], [27.5776304, 36.9779771], [27.5786472, 36.9786704], [27.5798785, 36.9789136], [27.5815243, 36.9788043], [27.5818125, 36.9784405]]]}}, {"type": "Feature", "properties": {}, "geometry": {"type": "Polygon", "coordinates": [[[27.3854417, 36.9955839], [27.3855498, 36.9954378], [27.3854583, 36.9951255], [27.3855665, 36.9949726], [27.3855665, 36.9947401], [27.3854583, 36.994667], [27.3855665, 36.9944278], [27.385242, 36.9943214], [27.3849591, 36.9940822], [27.3847428, 36.9932516], [27.3848676, 36.9928928], [27.384643, 36.9927267], [27.3849092, 36.9920555], [27.3847678, 36.9919891], [27.3848343, 36.9917299], [27.385034, 36.9916768], [27.3851588, 36.9912315], [27.3849508, 36.9912714], [27.3847428, 36.9911186], [27.3848759, 36.9907332], [27.3848426, 36.9905404], [27.3845598, 36.9905006], [27.3848759, 36.9902215], [27.3847179, 36.9901417], [27.3840523, 36.990474], [27.3839192, 36.9906999], [27.3835365, 36.9909591], [27.3828127, 36.9912515], [27.3825132, 36.9917432], [27.3820306, 36.9918495], [27.3815231, 36.9921884], [27.3814233, 36.992122], [27.3808076, 36.9924675], [27.3807744, 36.9926137], [27.3800006, 36.9933114], [27.3796013, 36.9942417], [27.3792935, 36.994441], [27.3790273, 36.9948995], [27.3791604, 36.9951055], [27.3801421, 36.9952584], [27.3815897, 36.9957168], [27.3820722, 36.9961487], [27.3822885, 36.9965275], [27.3825797, 36.9977567], [27.3825964, 36.9992451], [27.3828127, 36.9998298], [27.3832619, 37.0002683], [27.3836945, 37.0008929], [27.3837694, 37.0012583], [27.3841105, 37.0017035], [27.3840523, 37.0019227], [27.3848842, 37.0018696], [27.3852503, 37.0017101], [27.3853335, 37.0017899], [27.3856413, 37.0016769], [27.3856996, 37.0015706], [27.3858826, 37.0016171], [27.3861655, 37.0015108], [27.3861738, 37.0014178], [27.3863735, 37.0014178], [27.3869059, 37.0011587], [27.3872137, 37.0005939], [27.3872636, 37.0003148], [27.3868809, 37.0003481], [27.3864899, 37.0000358], [27.3864982, 36.9998032], [27.3863901, 36.9996836], [27.3864234, 36.9993448], [27.3861904, 36.9990192], [27.3862653, 36.9988132], [27.3861488, 36.9987135], [27.38633, 36.998284], [27.3864899, 36.9974179], [27.3861405, 36.9968331], [27.3860989, 36.996481], [27.3858493, 36.996388], [27.3855997, 36.9959627], [27.385425, 36.9958564], [27.3854417, 36.9955839]]]}}, {"type": "Feature", "properties": {}, "geometry": {"type": "Polygon", "coordinates": [[[27.3847924, 37.0031247], [27.3845615, 37.0030762], [27.3845493, 37.0029597], [27.3843305, 37.0031005], [27.3839475, 37.0030568], [27.3833397, 37.0032364], [27.3829689, 37.0035568], [27.3828595, 37.003916], [27.3826285, 37.0040713], [27.3826893, 37.0041441], [27.3830905, 37.0040325], [27.3833519, 37.0041198], [27.3841238, 37.004081], [27.3844642, 37.0039402], [27.3845736, 37.0038043], [27.3845432, 37.0036684], [27.3847499, 37.0034742], [27.3847924, 37.0031247]]]}}, {"type": "Feature", "properties": {}, "geometry": {"type": "Polygon", "coordinates": [[[27.3600854, 37.0070679], [27.3596111, 37.0064433], [27.3591618, 37.0063968], [27.358829, 37.0066892], [27.3580552, 37.0078387], [27.3578305, 37.0084965], [27.3572647, 37.009048], [27.356624, 37.0093337], [27.356366, 37.009254], [27.3564409, 37.0094599], [27.3566157, 37.0094533], [27.3578804, 37.0103436], [27.358388, 37.0104167], [27.3591036, 37.0103171], [27.359503, 37.0104699], [27.3600272, 37.0103636], [27.360593, 37.0099716], [27.3607344, 37.0096261], [27.3609425, 37.0094267], [27.362038, 37.008894], [27.362149, 37.0086825], [27.3621656, 37.008337], [27.3620408, 37.0082839], [27.3620575, 37.0081178], [27.3617662, 37.0078985], [27.3618078, 37.0077457], [27.3607178, 37.0074267], [27.3607095, 37.0072473], [27.3605847, 37.0071211], [27.3603267, 37.0072274], [27.3600854, 37.0070679]]]}}, {"type": "Feature", "properties": {}, "geometry": {"type": "Polygon", "coordinates": [[[27.2315547, 37.0571274], [27.2321702, 37.0566481], [27.232383, 37.0560933], [27.2314718, 37.054132], [27.2312734, 37.0538382], [27.2305379, 37.053424], [27.2302228, 37.053338], [27.2296136, 37.0535177], [27.2294135, 37.053424], [27.2286784, 37.0537954], [27.2284718, 37.0537833], [27.2282202, 37.0541929], [27.2279586, 37.0542779], [27.2278194, 37.0544862], [27.2278476, 37.0546251], [27.2276149, 37.0546841], [27.2275649, 37.0548659], [27.2273996, 37.0548854], [27.2273692, 37.0550382], [27.2274431, 37.055092], [27.227147, 37.0552182], [27.2272213, 37.0553436], [27.2269299, 37.0556335], [27.2268733, 37.0558313], [27.227043, 37.0560084], [27.2268537, 37.0561871], [27.2268206, 37.0565038], [27.226658, 37.0564371], [27.2268537, 37.0566349], [27.2268233, 37.0567078], [27.2269429, 37.0567443], [27.2271163, 37.0574198], [27.2269342, 37.057586], [27.2258387, 37.0577297], [27.225728, 37.0578267], [27.2257787, 37.0579789], [27.2256178, 37.0579737], [27.2255142, 37.0581028], [27.2254912, 37.058444], [27.2259097, 37.0585048], [27.2261078, 37.0587299], [27.2259863, 37.0588355], [27.2266522, 37.0592527], [27.2271246, 37.059427], [27.2279266, 37.0599633], [27.2288371, 37.0599225], [27.229199, 37.0595289], [27.229622, 37.059614], [27.2298136, 37.0597604], [27.2298287, 37.0600141], [27.2302323, 37.0599875], [27.2306163, 37.0603526], [27.2308664, 37.0609342], [27.2308466, 37.0610779], [27.2304573, 37.0614632], [27.2308713, 37.0616491], [27.2310895, 37.0623241], [27.2312772, 37.0623048], [27.2316984, 37.0627162], [27.2316335, 37.0633003], [27.2314918, 37.0633621], [27.2314194, 37.0636104], [27.2312722, 37.0636811], [27.2306626, 37.0637061], [27.2304592, 37.0640513], [27.2299995, 37.0644878], [27.2302741, 37.0645265], [27.2306067, 37.0644173], [27.230945, 37.0646187], [27.2313495, 37.0640609], [27.2322831, 37.0639079], [27.2327203, 37.0640385], [27.2336563, 37.0645286], [27.2343296, 37.0645671], [27.2350756, 37.0647681], [27.2360632, 37.0646237], [27.2367156, 37.0648527], [27.2373295, 37.0652031], [27.2381132, 37.0658125], [27.2388893, 37.066656], [27.2391039, 37.0670841], [27.2390799, 37.0673781], [27.2389564, 37.0676106], [27.2387043, 37.0677347], [27.2381543, 37.0683742], [27.2385299, 37.0685351], [27.2389861, 37.0690968], [27.2393104, 37.0702365], [27.2391767, 37.0704148], [27.2391401, 37.0706966], [27.2390007, 37.0708133], [27.2390556, 37.0708657], [27.2387779, 37.0712607], [27.238317, 37.0715154], [27.238081, 37.0715826], [27.2377489, 37.0714497], [27.2376643, 37.0713514], [27.2377321, 37.0711016], [27.2375609, 37.071081], [27.2375367, 37.07146], [27.2380603, 37.0717986], [27.2381367, 37.0722704], [27.2375142, 37.0731792], [27.2372224, 37.0732644], [27.2372346, 37.0740513], [27.2370825, 37.0742478], [27.2370629, 37.0745619], [27.2364317, 37.0752781], [27.2366023, 37.0753634], [27.2367344, 37.075846], [27.2366691, 37.0759436], [27.2365607, 37.0759232], [27.2362617, 37.0765831], [27.2357046, 37.0770954], [27.235391, 37.0770846], [27.2352309, 37.0772462], [27.2356479, 37.0772382], [27.2359133, 37.0777995], [27.2362568, 37.0780829], [27.2367513, 37.0787346], [27.2364954, 37.0794963], [27.2364903, 37.0797829], [27.2361846, 37.0800718], [27.2362259, 37.0802599], [27.2365652, 37.079904], [27.2367851, 37.0804454], [27.2366371, 37.0805058], [27.2364067, 37.080348], [27.2363415, 37.0804082], [27.2365553, 37.0806004], [27.2367731, 37.0806122], [27.2369768, 37.0807681], [27.2370935, 37.0806691], [27.2373363, 37.080761], [27.2377366, 37.0810595], [27.2382563, 37.0816254], [27.2383982, 37.0820121], [27.2390098, 37.0827955], [27.2397194, 37.0832568], [27.2400063, 37.0832925], [27.2403457, 37.0832014], [27.2407937, 37.0827095], [27.2409309, 37.0827243], [27.2408633, 37.0824826], [27.2409601, 37.0825124], [27.2411662, 37.0820602], [27.2417157, 37.0818932], [27.2425594, 37.0818004], [27.2427436, 37.0818167], [27.242954, 37.0821169], [27.2428076, 37.0817402], [27.2428663, 37.0816483], [27.2431048, 37.0815853], [27.2431085, 37.081413], [27.2440151, 37.0805598], [27.244691, 37.0805277], [27.2452301, 37.0809343], [27.2454566, 37.0807824], [27.246024, 37.0800441], [27.247217, 37.0801131], [27.2475422, 37.0801738], [27.2480268, 37.0804769], [27.2490174, 37.0805422], [27.2496423, 37.0806989], [27.2499338, 37.0810163], [27.2507836, 37.0815041], [27.2512631, 37.0813612], [27.2520965, 37.0818609], [27.252118, 37.0827189], [27.2522109, 37.0829559], [27.2524845, 37.0830894], [27.2526431, 37.0836928], [27.2527122, 37.08431], [27.252574, 37.0850768], [27.2533014, 37.0856063], [27.2535659, 37.0860699], [27.2536254, 37.0865361], [27.2532726, 37.0867034], [27.2531828, 37.0866452], [27.2531238, 37.0868571], [27.2532955, 37.0869277], [27.2532566, 37.0869815], [27.2534725, 37.0869469], [27.2533679, 37.0867993], [27.253548, 37.0868682], [27.2537267, 37.0870203], [27.2535905, 37.0871245], [27.2538545, 37.0870726], [27.2545698, 37.0877834], [27.2538695, 37.0894439], [27.2539392, 37.0897712], [27.2538184, 37.0907619], [27.2539285, 37.0914048], [27.253899, 37.0922659], [27.2537622, 37.0922702], [27.2538748, 37.0925975], [27.2535959, 37.0929163], [27.253569, 37.0931239], [27.253848, 37.0930789], [27.2541246, 37.0933801], [27.2542533, 37.0936823], [27.2540813, 37.0938641], [27.254194, 37.0938855], [27.2542208, 37.0940481], [27.2541135, 37.094123], [27.2548877, 37.0942442], [27.2550353, 37.0940508], [27.255283, 37.0939561], [27.2561415, 37.0938104], [27.2563156, 37.0939689], [27.2564964, 37.0938676], [27.2564873, 37.0939711], [27.2566858, 37.0940395], [27.2568172, 37.0938662], [27.2569539, 37.0938715], [27.256903, 37.0937721], [27.2570801, 37.0938898], [27.2572785, 37.0938063], [27.257182, 37.0936373], [27.2573697, 37.0935988], [27.2573107, 37.0934811], [27.2574636, 37.0934833], [27.2574895, 37.0934073], [27.2580269, 37.0936674], [27.2581154, 37.0932907], [27.2582656, 37.0931281], [27.2584747, 37.0931421], [27.2585234, 37.0932438], [27.2588231, 37.0931943], [27.2592325, 37.0929551], [27.2591695, 37.0928693], [27.2596027, 37.0927104], [27.259744, 37.0928063], [27.2596261, 37.0929703], [27.259714, 37.0931431], [27.2600517, 37.0931154], [27.260589, 37.0928968], [27.2607551, 37.0926405], [27.2607788, 37.0921654], [27.2612116, 37.0918256], [27.2617589, 37.0917906], [27.2629139, 37.0921226], [27.2638575, 37.0921967], [27.2653187, 37.0931348], [27.2656738, 37.0935517], [27.2658302, 37.0934899], [27.2661308, 37.0936945], [27.2662103, 37.0938598], [27.2664383, 37.0938363], [27.266551, 37.093927], [27.2666272, 37.0940379], [27.2666066, 37.0943705], [27.2668004, 37.0944888], [27.2670123, 37.0948761], [27.2668111, 37.0950023], [27.2669801, 37.0950643], [27.2673154, 37.0949467], [27.2671786, 37.0952205], [27.2673261, 37.0951799], [27.2673744, 37.0953318], [27.2675908, 37.0954398], [27.2674817, 37.0956291], [27.2678105, 37.095737], [27.2678545, 37.0962539], [27.2681348, 37.0963758], [27.2683118, 37.096655], [27.2684902, 37.096578], [27.2692975, 37.0966176], [27.2695902, 37.0968719], [27.2700915, 37.0975867], [27.2700914, 37.0987965], [27.2702846, 37.0988489], [27.2705488, 37.0987451], [27.2711388, 37.0988521], [27.2715425, 37.098666], [27.2721139, 37.098513], [27.2725403, 37.098543], [27.2727566, 37.0984151], [27.2728461, 37.0988446], [27.2733852, 37.0991135], [27.2734389, 37.0990195], [27.27305, 37.0987838], [27.2728971, 37.0984724], [27.2736186, 37.0982028], [27.273872, 37.0984553], [27.2740129, 37.0982852], [27.2741601, 37.0982644], [27.2753297, 37.0991269], [27.2756101, 37.0992853], [27.275881, 37.099296], [27.2759251, 37.0993676], [27.2757619, 37.0996173], [27.2758478, 37.0996868], [27.27607, 37.0993826], [27.2770838, 37.0998104], [27.2775711, 37.099843], [27.2779517, 37.1002052], [27.2778608, 37.100289], [27.2790176, 37.1010651], [27.2802157, 37.1011094], [27.280804, 37.1014021], [27.2816279, 37.1015383], [27.2821383, 37.1018427], [27.2828923, 37.1019648], [27.2832718, 37.1023969], [27.2831485, 37.102429], [27.2833413, 37.102569], [27.283285, 37.1027658], [27.2832163, 37.1028389], [27.2828963, 37.1027798], [27.2823864, 37.1032407], [27.2831295, 37.1037669], [27.2822363, 37.1046205], [27.281413, 37.1056689], [27.2815123, 37.1062688], [27.2818554, 37.106701], [27.2823411, 37.1067811], [27.2825745, 37.1065693], [27.2828373, 37.1044355], [27.2834659, 37.1038081], [27.2846698, 37.1030138], [27.2854274, 37.1029208], [27.2857259, 37.1029447], [27.2864999, 37.1032498], [27.2881629, 37.1049404], [27.2880762, 37.1050695], [27.2884814, 37.1052012], [27.2886161, 37.1049725], [27.2888347, 37.1048312], [27.2894664, 37.1049906], [27.2908531, 37.1056473], [27.2915398, 37.1060859], [27.2922984, 37.1067996], [27.2923363, 37.1079979], [27.2925556, 37.1074312], [27.2924134, 37.1068438], [27.2927534, 37.106689], [27.2929495, 37.1068626], [27.2930309, 37.1078246], [27.292698, 37.1078573], [27.2926948, 37.1079668], [27.2929925, 37.1079589], [27.2930676, 37.1087627], [27.2925093, 37.108797], [27.2930552, 37.1088423], [27.2930633, 37.1098282], [27.2930167, 37.1099382], [27.2924638, 37.1099911], [27.2924703, 37.11009], [27.29299, 37.1100582], [27.2931217, 37.1102361], [27.2931544, 37.1104185], [27.2929238, 37.1104431], [27.293163, 37.1104697], [27.293188, 37.1110495], [27.292922, 37.112876], [27.2925389, 37.1142023], [27.2921393, 37.1151884], [27.2915826, 37.1160647], [27.2911696, 37.1164417], [27.2906975, 37.1166695], [27.2906117, 37.1168641], [27.2902279, 37.1171826], [27.289909, 37.1177975], [27.2898255, 37.1179968], [27.289864, 37.1183052], [27.2901209, 37.1189354], [27.2900091, 37.1194351], [27.2895697, 37.1198627], [27.2892786, 37.1199474], [27.2892076, 37.1201246], [27.2890633, 37.1201455], [27.2888368, 37.1203679], [27.2882769, 37.1204979], [27.2875908, 37.1204134], [27.2871337, 37.1201823], [27.2865686, 37.1198819], [27.2858056, 37.1191703], [27.2853227, 37.119002], [27.2847774, 37.1190844], [27.2843021, 37.1195036], [27.2843101, 37.1196352], [27.2832686, 37.1201255], [27.2825799, 37.1201561], [27.28074, 37.1208428], [27.2796225, 37.1207418], [27.2780179, 37.1200962], [27.277428, 37.1196153], [27.2773105, 37.1192878], [27.2774234, 37.1186486], [27.2772491, 37.1181997], [27.277348, 37.1180007], [27.2772819, 37.1177549], [27.2770176, 37.1174803], [27.2762837, 37.1176815], [27.2750618, 37.1175514], [27.2745761, 37.1177779], [27.2743388, 37.1182335], [27.27433, 37.1185685], [27.2734124, 37.1189013], [27.2726326, 37.1188761], [27.2718245, 37.1193358], [27.2709087, 37.1193306], [27.2702689, 37.1189632], [27.2700887, 37.1189665], [27.269365, 37.1186216], [27.2689367, 37.1182455], [27.2686558, 37.1178064], [27.2685858, 37.1175711], [27.2686665, 37.1174339], [27.2692789, 37.1168867], [27.2698693, 37.1165352], [27.2703211, 37.1157778], [27.2702722, 37.1154719], [27.2699613, 37.1149672], [27.2689031, 37.1140261], [27.2680417, 37.1135511], [27.2678791, 37.113563], [27.2676805, 37.1134172], [27.2665118, 37.1132766], [27.2660382, 37.1133899], [27.2638125, 37.1144327], [27.2627523, 37.115334], [27.2623179, 37.1155259], [27.2618119, 37.1154675], [27.260786, 37.1150741], [27.2601187, 37.1144192], [27.260526, 37.1137699], [27.2604659, 37.1135585], [27.2600929, 37.1133041], [27.2598233, 37.1129571], [27.2600747, 37.1126033], [27.2597277, 37.1121169], [27.2581667, 37.1121527], [27.2573034, 37.1119272], [27.2558789, 37.1117636], [27.2554344, 37.1119454], [27.2549672, 37.1119454], [27.2547221, 37.11185], [27.2547962, 37.1117182], [27.2540077, 37.1116756], [27.2539187, 37.1117545], [27.254403, 37.1117954], [27.2544657, 37.1120363], [27.2546082, 37.1121408], [27.2545588, 37.1123561], [27.2548813, 37.1127739], [27.2547962, 37.1133495], [27.2539871, 37.1139993], [27.2538332, 37.1139856], [27.2536682, 37.1141153], [27.2536965, 37.1142946], [27.2535663, 37.1144687], [27.2533535, 37.1145021], [27.2530897, 37.115035], [27.2536313, 37.1153943], [27.2540213, 37.1153261], [27.2539757, 37.115476], [27.2545854, 37.1156259], [27.254517, 37.1158804], [27.2546179, 37.1160436], [27.2540721, 37.1169501], [27.2540638, 37.1170618], [27.2542492, 37.1172299], [27.25446, 37.1172799], [27.2539472, 37.1173707], [27.2540441, 37.1174525], [27.2544087, 37.1174298], [27.2544714, 37.1176206], [27.2548988, 37.1175434], [27.2550868, 37.1176116], [27.2549768, 37.1177603], [27.2550697, 37.1177842], [27.2552879, 37.1175749], [27.2555313, 37.1176525], [27.2557052, 37.1178779], [27.2554433, 37.1187252], [27.2556503, 37.1192], [27.2554744, 37.1195913], [27.255178, 37.1199333], [27.255064, 37.1198152], [27.2548958, 37.1205085], [27.2543614, 37.1210891], [27.2542948, 37.1212873], [27.2545341, 37.1214463], [27.2543893, 37.12162], [27.2546629, 37.1219472], [27.2552424, 37.122006], [27.2557058, 37.121548], [27.2561581, 37.1217962], [27.2560099, 37.1219915], [27.2561068, 37.1220733], [27.2560954, 37.1224004], [27.2559279, 37.1225678], [27.2559529, 37.1226912], [27.2560612, 37.122723], [27.2559016, 37.1230365], [27.2561093, 37.1237727], [27.256272, 37.1239225], [27.256215, 37.1241224], [27.2563917, 37.1242723], [27.256084, 37.1242905], [27.2561125, 37.1245449], [27.255944, 37.1250884], [27.2557307, 37.1252264], [27.2554914, 37.12517], [27.255366, 37.1252491], [27.2554287, 37.1253354], [27.2551894, 37.1253581], [27.2548133, 37.125658], [27.2540042, 37.1257716], [27.2536566, 37.1259611], [27.2536742, 37.126182], [27.2541052, 37.1261278], [27.2541997, 37.1264854], [27.253423, 37.1274889], [27.2532691, 37.1285247], [27.2531267, 37.1287973], [27.2537026, 37.1287198], [27.254329, 37.1289563], [27.2546804, 37.1289452], [27.2549541, 37.1291852], [27.2555484, 37.1293061], [27.2559244, 37.129188], [27.255629, 37.1294187], [27.2555451, 37.1301178], [27.2561217, 37.1302431], [27.2565155, 37.1299573], [27.2566567, 37.1296962], [27.256386, 37.1290653], [27.2564714, 37.1280509], [27.2565935, 37.1276853], [27.2570755, 37.1270618], [27.257294, 37.1270661], [27.2571894, 37.1268301], [27.257406, 37.1262395], [27.2573946, 37.1255081], [27.2575456, 37.1255378], [27.2577626, 37.1248267], [27.2578968, 37.1247346], [27.2580327, 37.1243314], [27.2582392, 37.1241903], [27.2582094, 37.123977], [27.2583453, 37.1235354], [27.258634, 37.123489], [27.2594708, 37.1222916], [27.2595769, 37.1219597], [27.2598529, 37.1218591], [27.2597365, 37.1217689], [27.2597535, 37.1214936], [27.2602518, 37.1207979], [27.2607738, 37.1205854], [27.261104, 37.1205831], [27.2622936, 37.1208709], [27.2625752, 37.1207383], [27.263204, 37.1201006], [27.2634175, 37.1200651], [27.2637867, 37.1201344], [27.264478, 37.1205177], [27.2645366, 37.1208721], [27.2649204, 37.1211145], [27.2649389, 37.1213282], [27.2647793, 37.1217326], [27.2637139, 37.12241], [27.2629522, 37.1233746], [27.2624447, 37.1236035], [27.2620449, 37.1239114], [27.2615542, 37.1247039], [27.2613287, 37.1255215], [27.2615071, 37.1257673], [27.262073, 37.125542], [27.2619939, 37.1256463], [27.2620786, 37.1257629], [27.2642721, 37.1250869], [27.26506, 37.126043], [27.2647281, 37.1269028], [27.2638628, 37.1278859], [27.2635059, 37.1285958], [27.2636085, 37.1286329], [27.2636008, 37.1289285], [27.2637292, 37.1290891], [27.2638768, 37.1290458], [27.2640158, 37.1292243], [27.2642494, 37.1291743], [27.2641672, 37.1294039], [27.2644186, 37.129366], [27.2645685, 37.1294696], [27.2648544, 37.1293718], [27.2647438, 37.1295354], [27.2652147, 37.1296377], [27.2653032, 37.1299395], [27.2652479, 37.1304363], [27.2641933, 37.1312826], [27.2634476, 37.1321765], [27.2634423, 37.1324459], [27.2636168, 37.1324491], [27.2640099, 37.1326863], [27.2638953, 37.1332685], [27.2639283, 37.1336088], [27.2637612, 37.1340276], [27.264175, 37.1339342], [27.264365, 37.1340283], [27.2644669, 37.1342293], [27.2650213, 37.1344036], [27.2651374, 37.1342421], [27.2657267, 37.1339576], [27.266004, 37.1341009], [27.2660333, 37.134379], [27.2664278, 37.1345539], [27.2665214, 37.134695], [27.2672643, 37.1344504], [27.2677611, 37.1340317], [27.2681469, 37.13455], [27.2682649, 37.1345158], [27.2689106, 37.1347562], [27.2695672, 37.1345038], [27.2698319, 37.1340681], [27.2713493, 37.1339125], [27.2714691, 37.1342818], [27.2713432, 37.134972], [27.2714352, 37.1351079], [27.2712529, 37.1352428], [27.2712153, 37.1354353], [27.2714192, 37.1353968], [27.2715962, 37.1355593], [27.2719298, 37.1359832], [27.2718537, 37.136081], [27.2725564, 37.1363676], [27.2729926, 37.1371952], [27.272682, 37.1376379], [27.2726192, 37.1378927], [27.2729509, 37.1383102], [27.2730882, 37.1383151], [27.2729094, 37.1387199], [27.2727764, 37.138818], [27.2729266, 37.1389847], [27.2729785, 37.1393457], [27.2729818, 37.1404819], [27.2732069, 37.1404219], [27.2734147, 37.1404943], [27.2737015, 37.1403404], [27.2739338, 37.1404092], [27.2741926, 37.1399474], [27.2745374, 37.1397607], [27.2748552, 37.139717], [27.275127, 37.139418], [27.2751394, 37.1389365], [27.2753191, 37.138818], [27.2759977, 37.1388293], [27.2768468, 37.1384327], [27.2767514, 37.1382193], [27.277182, 37.1377367], [27.2769537, 37.1373566], [27.2759306, 37.1368198], [27.2758305, 37.1364193], [27.2760821, 37.1359375], [27.2760744, 37.1357134], [27.2763472, 37.1354667], [27.2763638, 37.1353478], [27.2769123, 37.1350043], [27.2775758, 37.134888], [27.2780161, 37.1350255], [27.2780869, 37.1347613], [27.2782782, 37.1347302], [27.2785063, 37.1348877], [27.2790816, 37.1346076], [27.2791995, 37.1348335], [27.2793819, 37.1343938], [27.2794634, 37.1338444], [27.2796073, 37.1336081], [27.2797603, 37.1336598], [27.2799132, 37.1334988], [27.279694, 37.1330569], [27.2798339, 37.1327862], [27.2800674, 37.1326678], [27.2800824, 37.1327884], [27.2803985, 37.1324265], [27.2805461, 37.131941], [27.2807116, 37.1318071], [27.2805552, 37.1311325], [27.2804435, 37.131046], [27.2805632, 37.1307507], [27.2817085, 37.1301374], [27.2826362, 37.1302498], [27.2828261, 37.1303552], [27.2829462, 37.1311899], [27.2831729, 37.1313958], [27.2832782, 37.1317334], [27.2833951, 37.1317774], [27.2833552, 37.1321727], [27.2835718, 37.1320364], [27.2843467, 37.1321681], [27.2842636, 37.1319671], [27.2844576, 37.131632], [27.2842327, 37.1310006], [27.2844535, 37.1299442], [27.2843638, 37.1298013], [27.2843942, 37.1295914], [27.2839842, 37.1291313], [27.283681, 37.129252], [27.2832564, 37.1291984], [27.2828923, 37.128833], [27.2828093, 37.1282498], [27.2831321, 37.1276759], [27.2830392, 37.1272571], [27.2831377, 37.1269896], [27.2830519, 37.1269554], [27.2835025, 37.1265184], [27.2835425, 37.1265808], [27.2837231, 37.1265], [27.2836723, 37.1264252], [27.2840732, 37.1261239], [27.2842616, 37.1260305], [27.284347, 37.1261052], [27.2845352, 37.125945], [27.2846693, 37.1261032], [27.2847873, 37.1258851], [27.28479, 37.125484], [27.2851492, 37.1253599], [27.2853687, 37.1254285], [27.285768, 37.1251892], [27.2861391, 37.125406], [27.2864302, 37.1249701], [27.2866293, 37.1250603], [27.2866005, 37.1248586], [27.2867775, 37.1244298], [27.2873365, 37.1240123], [27.2879319, 37.1238979], [27.2887803, 37.1242779], [27.2890016, 37.124236], [27.2892612, 37.1237411], [27.2895003, 37.1235464], [27.2896478, 37.1235485], [27.289511, 37.1235057], [27.289492, 37.1227549], [27.2896503, 37.1221178], [27.2898785, 37.1218697], [27.2905705, 37.1215938], [27.2910828, 37.1216708], [27.2914579, 37.1213672], [27.2919143, 37.1213842], [27.2925999, 37.1217795], [27.2925657, 37.1218377], [27.2930815, 37.1219664], [27.2932267, 37.1220826], [27.2931588, 37.1221862], [27.2932661, 37.1222482], [27.293334, 37.122152], [27.2935263, 37.1222931], [27.2934271, 37.1223936], [27.2936711, 37.1225434], [27.293757, 37.1224728], [27.2939844, 37.1225756], [27.2940678, 37.1231034], [27.2944329, 37.1233731], [27.2943685, 37.1234416], [27.2945294, 37.1236533], [27.2945187, 37.1238479], [27.295192, 37.1240318], [27.297496, 37.1237495], [27.2976998, 37.1235485], [27.2976377, 37.1234246], [27.2977561, 37.1234009], [27.2977077, 37.1232022], [27.2978372, 37.1229371], [27.2975009, 37.1223835], [27.2975174, 37.1215596], [27.2973619, 37.1213136], [27.297327, 37.1204539], [27.2978571, 37.1194586], [27.2978178, 37.119145], [27.2979647, 37.1186965], [27.2983708, 37.1179364], [27.2988762, 37.1173843], [27.3002077, 37.1163859], [27.3006824, 37.1163132], [27.3007478, 37.1161615], [27.3016146, 37.1157981], [27.3026595, 37.1158234], [27.303187, 37.1156684], [27.3051441, 37.1162928], [27.3060432, 37.1169012], [27.3063446, 37.1171623], [27.3063012, 37.1172055], [27.3068166, 37.1178147], [27.3071895, 37.1189974], [27.3071532, 37.1192395], [27.3068542, 37.1195813], [27.306248, 37.1195834], [27.3054309, 37.1198514], [27.3051322, 37.1198614], [27.3042507, 37.1203896], [27.3038538, 37.1207172], [27.3037777, 37.1210912], [27.3029462, 37.1217178], [27.3029435, 37.1219403], [27.3034853, 37.1226474], [27.3041398, 37.1232512], [27.3041908, 37.1234116], [27.3047938, 37.1238306], [27.3052824, 37.1239762], [27.3054863, 37.1239463], [27.3063124, 37.1236127], [27.3069722, 37.1230139], [27.3069558, 37.1227718], [27.3074041, 37.121947], [27.3075382, 37.1218654], [27.3076481, 37.121427], [27.307793, 37.1213265], [27.3078761, 37.1210976], [27.3079968, 37.1210313], [27.3082382, 37.1210976], [27.3080598, 37.1209767], [27.3081909, 37.1208798], [27.308036, 37.1209277], [27.3079979, 37.1208514], [27.308065, 37.120669], [27.3083499, 37.1204552], [27.3090474, 37.1203271], [27.3097456, 37.1200026], [27.3100556, 37.1196389], [27.3104323, 37.1187835], [27.3096544, 37.1179494], [27.3097427, 37.1175852], [27.3099245, 37.1173501], [27.3103572, 37.116957], [27.3107044, 37.1168184], [27.3107997, 37.1165998], [27.3111055, 37.1165378], [27.311084, 37.1163239], [27.3116098, 37.1157956], [27.3118485, 37.1157143], [27.3130025, 37.1157246], [27.3139396, 37.1165034], [27.3145722, 37.1165814], [27.3147483, 37.1167179], [27.3148736, 37.1171197], [27.3148039, 37.1178276], [27.3145221, 37.1185964], [27.3143881, 37.1186553], [27.3145625, 37.1190489], [27.3147958, 37.1191323], [27.3153886, 37.1190874], [27.3155308, 37.1189462], [27.3157614, 37.1189398], [27.3160672, 37.1186008], [27.3161342, 37.118666], [27.3162308, 37.1185954], [27.3161852, 37.1184436], [27.3162993, 37.1182592], [27.3162281, 37.118219], [27.3164141, 37.117994], [27.3170006, 37.1178811], [27.3170328, 37.1180222], [27.3174029, 37.1183409], [27.3175612, 37.1184201], [27.3176953, 37.1183046], [27.3179608, 37.1182875], [27.3188711, 37.1188988], [27.318932, 37.119231], [27.318846, 37.1194264], [27.318626, 37.1194307], [27.318934, 37.119745], [27.3191873, 37.1202666], [27.319259, 37.120772], [27.3192404, 37.1210942], [27.3188674, 37.121285], [27.3188648, 37.1213919], [27.3190445, 37.1214667], [27.3188976, 37.1220584], [27.3187119, 37.1222195], [27.3177854, 37.1224065], [27.3173761, 37.1231049], [27.3168455, 37.1232242], [27.316837, 37.1234086], [27.3172773, 37.1238433], [27.3173332, 37.1241379], [27.3174942, 37.1241764], [27.31758, 37.1240309], [27.3177758, 37.1240673], [27.3179555, 37.1242619], [27.3182104, 37.1248918], [27.3178402, 37.1255215], [27.3177356, 37.1267961], [27.3175558, 37.1267063], [27.3175363, 37.1273662], [27.3173708, 37.1275959], [27.315392, 37.1286889], [27.3151204, 37.1289538], [27.3139195, 37.1289828], [27.3130122, 37.1295505], [27.3125213, 37.1294179], [27.3123219, 37.1292374], [27.3118882, 37.129202], [27.3117247, 37.1293431], [27.3118456, 37.1297531], [27.3117583, 37.1302632], [27.3115182, 37.1305427], [27.3107274, 37.1308271], [27.310338, 37.1306817], [27.3102924, 37.1305833], [27.3101339, 37.1307722], [27.3102039, 37.1309512], [27.3100457, 37.1316141], [27.3096433, 37.1319092], [27.3103568, 37.1320353], [27.3103327, 37.132108], [27.3105928, 37.1321765], [27.3109174, 37.1320503], [27.3107534, 37.1327547], [27.3108396, 37.1332671], [27.3115343, 37.1336861], [27.3114967, 37.1338593], [27.3117134, 37.1339467], [27.3116738, 37.1341651], [27.3114216, 37.1343447], [27.3111641, 37.1343383], [27.3109791, 37.1345885], [27.310625, 37.1348152], [27.3106545, 37.1349093], [27.3110032, 37.134952], [27.3115262, 37.1353497], [27.3118686, 37.1353195], [27.3119232, 37.1354909], [27.3120349, 37.1355406], [27.3120815, 37.1354759], [27.3121772, 37.1355777], [27.3119447, 37.1357154], [27.3118347, 37.1360404], [27.3119172, 37.1361547], [27.3117596, 37.136297], [27.3116711, 37.1369235], [27.3118106, 37.1374217], [27.3119527, 37.1374324], [27.3121163, 37.1378045], [27.3119447, 37.1377831], [27.3118937, 37.1378814], [27.3120439, 37.1378707], [27.3121244, 37.1381059], [27.3119903, 37.1384288], [27.3123014, 37.1386405], [27.3123545, 37.138497], [27.3124516, 37.1385336], [27.3128668, 37.1381098], [27.3134272, 37.1380784], [27.3143087, 37.137375], [27.3146985, 37.1372172], [27.3149953, 37.137328], [27.3147717, 37.1382364], [27.3148334, 37.1385143], [27.3146886, 37.1388757], [27.314769, 37.139066], [27.3149434, 37.1390959], [27.3148629, 37.1392798], [27.3150886, 37.1397613], [27.3152009, 37.139778], [27.3153216, 37.1400645], [27.3154825, 37.1400538], [27.3154718, 37.140227], [27.315681, 37.1404344], [27.3158674, 37.1402466], [27.3161021, 37.1404601], [27.3173386, 37.140103], [27.3174512, 37.1400004], [27.3187259, 37.1399897], [27.3187977, 37.1398678], [27.3195, 37.139653], [27.3199247, 37.1398335], [27.320076, 37.1400053], [27.3203436, 37.1408797], [27.3201857, 37.1411949], [27.3186552, 37.1419626], [27.3180091, 37.1421492], [27.3179582, 37.1420808], [27.3177865, 37.1423138], [27.3175344, 37.1421941], [27.3175183, 37.1426623], [27.3176631, 37.142765], [27.3175907, 37.1429296], [27.3176765, 37.1430279], [27.3180011, 37.1430044], [27.3182558, 37.1428823], [27.3182371, 37.1427265], [27.3184443, 37.1427179], [27.3186743, 37.1424827], [27.3187977, 37.1425276], [27.3187038, 37.1424057], [27.3188728, 37.1424678], [27.3192671, 37.1424036], [27.3194875, 37.1423199], [27.3197016, 37.1420081], [27.3202112, 37.141743], [27.3209797, 37.1416669], [27.32104, 37.1418648], [27.3211715, 37.1417793], [27.3211634, 37.1420059], [27.3213217, 37.1423887], [27.3212412, 37.1426324], [27.3210937, 37.1426345], [27.3208764, 37.1429638], [27.3210159, 37.1430985], [27.3209274, 37.1431862], [27.3208222, 37.1431227], [27.3208094, 37.1434128], [27.3210774, 37.1440181], [27.3213726, 37.1443171], [27.3225018, 37.1436651], [27.3226065, 37.1437035], [27.3228887, 37.1435554], [27.3231074, 37.1431505], [27.3237464, 37.1428077], [27.3238885, 37.1426388], [27.3239556, 37.1426944], [27.3241353, 37.1425319], [27.3243096, 37.1424699], [27.3243472, 37.1425405], [27.3246994, 37.1423879], [27.3253396, 37.1417601], [27.325758, 37.1417451], [27.3260048, 37.141899], [27.3261094, 37.1424292], [27.3263403, 37.1424218], [27.3264071, 37.1427329], [27.3265761, 37.1427692], [27.3264527, 37.1430344], [27.3265761, 37.1430493], [27.326493, 37.143276], [27.3266083, 37.1435475], [27.3269543, 37.1437271], [27.3269731, 37.143881], [27.3270974, 37.1438297], [27.3276834, 37.1443043], [27.3278636, 37.1448559], [27.32812, 37.1449905], [27.3281425, 37.1451532], [27.328054, 37.1451638], [27.3281479, 37.1454717], [27.328494, 37.1456788], [27.3286435, 37.1460218], [27.3285449, 37.1460575], [27.3285543, 37.1463659], [27.3283115, 37.1466455], [27.3283571, 37.1467417], [27.3280941, 37.1472101], [27.328172, 37.1475391], [27.3282847, 37.1475755], [27.3282954, 37.147708], [27.3285207, 37.1477679], [27.3285488, 37.1481264], [27.328988, 37.1485524], [27.3290062, 37.1488069], [27.3291832, 37.1489331], [27.329084, 37.1490549], [27.329153, 37.1496179], [27.3289959, 37.150165], [27.3285249, 37.1508777], [27.3276918, 37.1512965], [27.3276089, 37.1514262], [27.3271198, 37.1516407], [27.3268631, 37.1516439], [27.32678, 37.1517743], [27.3264286, 37.1517529], [27.3264071, 37.1518512], [27.3261228, 37.1519688], [27.3255971, 37.1520244], [27.3252457, 37.152313], [27.324771, 37.1525097], [27.3248327, 37.1525247], [27.3247549, 37.152638], [27.3249601, 37.1527728], [27.3250446, 37.1531468], [27.3251975, 37.1532387], [27.3251384, 37.1537111], [27.3252028, 37.1540788], [27.3255488, 37.1544316], [27.3256212, 37.1543525], [27.3257902, 37.1544444], [27.3259753, 37.1548655], [27.3262301, 37.1548206], [27.3262569, 37.1549275], [27.3261279, 37.1549813], [27.3254882, 37.1560199], [27.3248488, 37.1567446], [27.3248702, 37.1568472], [27.3247473, 37.1568838], [27.3247978, 37.157046], [27.3243284, 37.1575526], [27.3244132, 37.1576579], [27.3241219, 37.1581234], [27.3237705, 37.1582709], [27.3236123, 37.1580678], [27.3233628, 37.1582046], [27.3229015, 37.1582089], [27.3225582, 37.1584034], [27.3225421, 37.158568], [27.3226359, 37.1585295], [27.3226727, 37.1586959], [27.3228237, 37.1587561], [27.3230919, 37.1591644], [27.3235211, 37.1593333], [27.3239636, 37.1591922], [27.3241568, 37.1592093], [27.3241246, 37.1592734], [27.3247349, 37.1592186], [27.3247924, 37.1594979], [27.3249078, 37.1594807], [27.32483, 37.1595556], [27.3249909, 37.1596047], [27.3251894, 37.1594936], [27.3252162, 37.1595834], [27.3255381, 37.1594765], [27.3259833, 37.1596047], [27.3261335, 37.1594765], [27.3266888, 37.1594893], [27.3266968, 37.159391], [27.3267531, 37.159453], [27.3268363, 37.1593226], [27.3271447, 37.1592178], [27.3273582, 37.1589439], [27.3276222, 37.158816], [27.3284724, 37.1586941], [27.3287219, 37.158786], [27.3291457, 37.1585402], [27.3292422, 37.1585808], [27.3299289, 37.1580635], [27.330122, 37.1577728], [27.3308194, 37.1573837], [27.3313612, 37.1572683], [27.3323777, 37.1572747], [27.3327774, 37.1570951], [27.333, 37.1570994], [27.33311, 37.1568172], [27.3342335, 37.155887], [27.3343033, 37.1559217], [27.3346335, 37.1555624], [27.3346952, 37.1556052], [27.3350067, 37.1551176], [27.3350975, 37.155122], [27.3352692, 37.1547202], [27.3364265, 37.1532194], [27.336503, 37.1529757], [27.3365995, 37.1529864], [27.336739, 37.1528004], [27.3375785, 37.1514493], [27.337667, 37.151428], [27.3378682, 37.150979], [27.3380533, 37.1508187], [27.3390162, 37.1508037], [27.3400479, 37.1512565], [27.3404404, 37.1512462], [27.3423482, 37.1506884], [27.3428732, 37.1507332], [27.3438764, 37.1504809], [27.343179, 37.1495317], [27.3428947, 37.1489566], [27.3428598, 37.1485824], [27.3430004, 37.1478011], [27.3431433, 37.1475674], [27.3434901, 37.1473072], [27.3437637, 37.1468251], [27.3437463, 37.1465565], [27.3433641, 37.146019], [27.3433936, 37.1455423], [27.3438147, 37.1446037], [27.3435968, 37.1442488], [27.3436913, 37.14402], [27.3436404, 37.1439336], [27.3437932, 37.1438297], [27.343938, 37.143509], [27.3440078, 37.1432182], [27.3439461, 37.1431263], [27.3441151, 37.1430857], [27.3438411, 37.1422268], [27.3440072, 37.1421846], [27.3439434, 37.1419995], [27.3434411, 37.1420612], [27.3422777, 37.1416996], [27.3416508, 37.1414425], [27.3408166, 37.1409347], [27.3407693, 37.1397679], [27.3404794, 37.1393922], [27.3403594, 37.1390492], [27.3406397, 37.1383381], [27.3404458, 37.138262], [27.3402083, 37.1373706], [27.3402455, 37.1366919], [27.340883, 37.135942], [27.3410091, 37.1353433], [27.3408481, 37.1347018], [27.3407516, 37.1346556], [27.3406979, 37.1341587], [27.3405753, 37.1341608], [27.3404303, 37.1339497], [27.3403922, 37.1335429], [27.3402098, 37.1332692], [27.3402644, 37.1329709], [27.3406443, 37.133019], [27.3406658, 37.1329377], [27.3406255, 37.1328415], [27.3402929, 37.1327773], [27.3403375, 37.1325403], [27.3405189, 37.1325837], [27.3405933, 37.1324031], [27.3403788, 37.1323197], [27.3407033, 37.132076], [27.3405853, 37.131969], [27.3408827, 37.1317905], [27.3410761, 37.1319754], [27.341162, 37.1319348], [27.3410922, 37.1318044], [27.3412156, 37.1317659], [27.3410708, 37.1316975], [27.3417842, 37.1315285], [27.3421705, 37.1315905], [27.3431495, 37.1309811], [27.345722, 37.1307234], [27.3460194, 37.1312698], [27.3475939, 37.1313724], [27.3476199, 37.1312448], [27.3460892, 37.1311586], [27.3459563, 37.1307204], [27.3470092, 37.1305962], [27.3471191, 37.1306753], [27.3471753, 37.1309476], [27.3471983, 37.1308175], [27.3474699, 37.1306682], [27.3481266, 37.1305539], [27.3486319, 37.1306924], [27.3492381, 37.1311778], [27.3493239, 37.1313617], [27.3493159, 37.1323539], [27.3494257, 37.132755], [27.3503029, 37.1338871], [27.3505573, 37.1345111], [27.350429, 37.13557], [27.3505816, 37.1363861], [27.3508179, 37.1371117], [27.351062, 37.1374837], [27.3510218, 37.1376719], [27.3513705, 37.1385935], [27.3512409, 37.1391545], [27.3509247, 37.1396317], [27.350467, 37.139951], [27.3502573, 37.1403703], [27.3500159, 37.141249], [27.3501044, 37.1415805], [27.3500052, 37.141743], [27.3498791, 37.1417494], [27.3498765, 37.1420765], [27.349965, 37.1422133], [27.3499113, 37.1425276], [27.3498282, 37.1425683], [27.3499167, 37.142951], [27.3500749, 37.1433658], [27.3502909, 37.1434539], [27.3505693, 37.1441833], [27.3507715, 37.1443573], [27.351703, 37.1447705], [27.3531836, 37.1445395], [27.3535828, 37.1446937], [27.3537898, 37.144888], [27.3541599, 37.1455594], [27.354801, 37.1456299], [27.3549083, 37.145957], [27.3550665, 37.145724], [27.3550883, 37.146054], [27.3559678, 37.1469918], [27.3561341, 37.1470111], [27.3565203, 37.1468486], [27.3566732, 37.1464466], [27.3561716, 37.1454375], [27.3563433, 37.1443279], [27.3561046, 37.1436309], [27.3560375, 37.1426901], [27.3557835, 37.1418388], [27.3559193, 37.1415647], [27.3563832, 37.1410676], [27.3578212, 37.1408321], [27.358334, 37.140827], [27.3592953, 37.1410553], [27.3600072, 37.1414053], [27.360189, 37.1417974], [27.3605302, 37.1421813], [27.3605356, 37.1426196], [27.3604631, 37.1426089], [27.360428, 37.142748], [27.3606162, 37.14347], [27.3606748, 37.1442966], [27.3612035, 37.1450762], [27.3614299, 37.1453037], [27.3623782, 37.1454653], [27.3625579, 37.145895], [27.3628288, 37.1460939], [27.3629442, 37.1460426], [27.3629066, 37.1459314], [27.362676, 37.145848], [27.3625445, 37.145523], [27.3625901, 37.1454097], [27.3629254, 37.1453605], [27.36333, 37.145565], [27.36335, 37.149675], [27.3628382, 37.1504084], [27.361754, 37.151478], [27.3613304, 37.1521826], [27.3612936, 37.1527221], [27.361441, 37.153277], [27.3614385, 37.1545764], [27.3617523, 37.1553868], [27.3622599, 37.1559191], [27.3629184, 37.1560936], [27.3641204, 37.1566342], [27.365468, 37.156348], [27.3662253, 37.1563412], [27.36643, 37.156088], [27.366268, 37.155832], [27.366267, 37.155575], [27.366579, 37.153776], [27.366899, 37.153518], [27.367534, 37.152231], [27.368013, 37.151587], [27.368975, 37.151327], [27.3702325, 37.1512609], [27.3711801, 37.1509036], [27.3715918, 37.1511331], [27.3712609, 37.1507876], [27.3718552, 37.1503832], [27.3723852, 37.1504315], [27.3728005, 37.1505996], [27.3733001, 37.1510307], [27.3737171, 37.1511974], [27.37411, 37.1514952], [27.3744943, 37.1512704], [27.3749676, 37.1512787], [27.3757338, 37.1514719], [27.3761721, 37.1512144], [27.377473, 37.150145], [27.377468, 37.149117], [27.376811, 37.146036], [27.3763872, 37.1455514], [27.3760255, 37.144497], [27.3761826, 37.1436342], [27.376806, 37.1428601], [27.3772934, 37.1420299], [27.3776796, 37.1418815], [27.3789654, 37.1417138], [27.3801232, 37.143715], [27.380813, 37.144096], [27.384028, 37.145113], [27.3861807, 37.1459784], [27.3870265, 37.1461257], [27.388524, 37.14587], [27.388844, 37.145612], [27.389485, 37.145353], [27.389963, 37.144966], [27.3901402, 37.1445583], [27.390108, 37.1442579], [27.3896857, 37.1440066], [27.3892484, 37.1435168], [27.388922, 37.1434298], [27.3884387, 37.1429634], [27.3882219, 37.1428941], [27.3882035, 37.1425779], [27.3876046, 37.1423373], [27.3869908, 37.1424951], [27.3854883, 37.1422484], [27.3851722, 37.1420965], [27.3846134, 37.1415784], [27.3841757, 37.1414693], [27.3841944, 37.1413364], [27.3836622, 37.1410397], [27.3830806, 37.1404451], [27.3829303, 37.1394933], [27.3829493, 37.1383489], [27.3833109, 37.1379412], [27.3833107, 37.1372122], [27.3819273, 37.1361855], [27.3815184, 37.1356249], [27.3807406, 37.1355165], [27.3803504, 37.1351274], [27.379806, 37.135108], [27.3795497, 37.1352685], [27.3793635, 37.1352604], [27.378646, 37.134793], [27.3773268, 37.134299], [27.3768056, 37.1339547], [27.376293, 37.1332384], [27.3762738, 37.1326576], [27.3765376, 37.1325019], [27.3763503, 37.131861], [27.3765439, 37.1311873], [27.376414, 37.130623], [27.3766505, 37.1297066], [27.3773753, 37.1286457], [27.3782035, 37.1283566], [27.378162, 37.1282925], [27.37846, 37.1281463], [27.3788763, 37.1280475], [27.3799812, 37.1281603], [27.3801798, 37.1284014], [27.3801807, 37.1285784], [27.3800164, 37.1287935], [27.379103, 37.1287443], [27.3792118, 37.1288191], [27.3801178, 37.1288747], [27.3803949, 37.1285909], [27.3810365, 37.1286817], [27.3812288, 37.1285711], [27.3813116, 37.128296], [27.3819476, 37.127266], [27.382972, 37.12662], [27.3834735, 37.1264344], [27.38377, 37.125976], [27.3849371, 37.1250605], [27.385529, 37.124813], [27.3855954, 37.1246062], [27.3857587, 37.1244882], [27.3863198, 37.1207388], [27.3870252, 37.1203555], [27.3881898, 37.1199391], [27.389674, 37.119662], [27.3918503, 37.119529], [27.392289, 37.1196496], [27.3939371, 37.1193622], [27.3948115, 37.119375], [27.3956339, 37.1195647], [27.3961266, 37.1198545], [27.3962706, 37.1200808], [27.396253, 37.120283], [27.395936, 37.121054], [27.39594, 37.121825], [27.396264, 37.122338], [27.396917, 37.124648], [27.397241, 37.12516], [27.398693, 37.126568], [27.3999966, 37.1280029], [27.4004846, 37.1292753], [27.3996663, 37.1297857], [27.3996012, 37.130153], [27.3997638, 37.13065], [27.4007045, 37.1310306], [27.4022623, 37.1313874], [27.4035678, 37.1315507], [27.406098, 37.131424], [27.406741, 37.131679], [27.407063, 37.131935], [27.4078758, 37.1322015], [27.40787, 37.132831], [27.4083223, 37.1334236], [27.40916, 37.134112], [27.4104087, 37.1348195], [27.4108097, 37.1345718], [27.4124323, 37.1326009], [27.4124182, 37.1324959], [27.4118398, 37.1320774], [27.4111817, 37.1318533], [27.4108778, 37.1319086], [27.4106923, 37.1318171], [27.4095927, 37.1320117], [27.4088861, 37.1317777], [27.4080146, 37.1312666], [27.4079277, 37.1311309], [27.4079495, 37.1308635], [27.409625, 37.130898], [27.410586, 37.130638], [27.410745, 37.130509], [27.410744, 37.130253], [27.4099307, 37.1292268], [27.4096067, 37.1286525], [27.4097774, 37.1284682], [27.4101987, 37.1282804], [27.410575, 37.128583], [27.4108669, 37.1286442], [27.411216, 37.12858], [27.411695, 37.128194], [27.412058, 37.1275216], [27.4122772, 37.1273244], [27.4128097, 37.1271231], [27.4139281, 37.1269114], [27.4149913, 37.126942], [27.4157191, 37.1271803], [27.4169323, 37.1278068], [27.41774, 37.1284702], [27.419354, 37.1284759], [27.4196752, 37.1283586], [27.4197765, 37.1280181], [27.4196727, 37.1279079], [27.4195619, 37.1274241], [27.4196225, 37.1267247], [27.4199309, 37.1261398], [27.4194654, 37.1259639], [27.4193705, 37.1255708], [27.4191135, 37.1255118], [27.4185231, 37.1249986], [27.4171207, 37.1232058], [27.4171764, 37.1231706], [27.4165312, 37.1226935], [27.4162039, 37.1222129], [27.4160896, 37.121858], [27.4165599, 37.1206917], [27.415408, 37.1187089], [27.4145454, 37.1182021], [27.4130786, 37.1177342], [27.4130662, 37.1174779], [27.413241, 37.117399], [27.4148788, 37.1171543], [27.4155115, 37.1172254], [27.4163541, 37.117599], [27.4172313, 37.1177572], [27.417907, 37.1180577], [27.4197809, 37.1179213], [27.4202865, 37.1177194], [27.421905, 37.117882], [27.422231, 37.118908], [27.422561, 37.120449], [27.422885, 37.120961], [27.42305, 37.121731], [27.423855, 37.122499], [27.4248009, 37.1237717], [27.427564, 37.125697], [27.4285403, 37.1266511], [27.428856, 37.127362], [27.4297185, 37.1277735], [27.4300174, 37.1281631], [27.430464, 37.127998], [27.430783, 37.12774], [27.431424, 37.12761], [27.431579, 37.126582], [27.432377, 37.125936], [27.433018, 37.125806], [27.434617, 37.1249], [27.435094, 37.124257], [27.435093, 37.124], [27.434763, 37.12246], [27.4344712, 37.1220689], [27.434117, 37.121691], [27.4327954, 37.1208031], [27.4304539, 37.1194766], [27.4300647, 37.1191353], [27.4297698, 37.1186794], [27.4297187, 37.1183179], [27.4298314, 37.1178349], [27.4299455, 37.1176487], [27.430404, 37.117466], [27.43265, 37.117457], [27.433614, 37.117711], [27.435539, 37.117704], [27.437144, 37.117955], [27.437786, 37.117952], [27.438426, 37.117693], [27.439708, 37.11756], [27.439865, 37.117046], [27.440499, 37.115759], [27.441138, 37.115243], [27.441615, 37.11447], [27.440009, 37.114091], [27.439365, 37.113708], [27.438879, 37.112939], [27.439677, 37.112165], [27.439829, 37.11088], [27.440147, 37.110365], [27.4408457, 37.1098294], [27.440865, 37.1095897], [27.440688, 37.1094335], [27.4408254, 37.1087855], [27.4412375, 37.1085024], [27.4418494, 37.1082528], [27.442541, 37.108172], [27.443821, 37.107654], [27.444298, 37.10701], [27.444287, 37.105212], [27.444123, 37.104442], [27.443481, 37.104444], [27.44364, 37.104187], [27.443953, 37.102901], [27.444272, 37.102643], [27.444584, 37.1011], [27.445203, 37.0999523], [27.446977, 37.098907], [27.448898, 37.098386], [27.449377, 37.097999], [27.449533, 37.097228], [27.450174, 37.097097], [27.450493, 37.096839], [27.4516333, 37.0967386], [27.4557076, 37.0970007], [27.4557841, 37.0969108], [27.4556915, 37.0968263], [27.4558511, 37.0967632], [27.4562897, 37.0969879], [27.4564895, 37.0969857], [27.4564573, 37.0970831], [27.4566021, 37.0969697], [27.4567953, 37.0971012], [27.4571386, 37.0970167], [27.4572445, 37.0971312], [27.4578591, 37.0971499], [27.4587864, 37.0969426], [27.4593923, 37.0963765], [27.4594741, 37.096075], [27.4598614, 37.0954544], [27.4600056, 37.0948139], [27.459912, 37.0938987], [27.4595704, 37.0933164], [27.459815, 37.0930284], [27.4596948, 37.0927565], [27.4584059, 37.0918208], [27.4574478, 37.0906832], [27.4566258, 37.0901615], [27.4555657, 37.0892831], [27.455011, 37.0890887], [27.4548984, 37.0888662], [27.4552551, 37.088663], [27.4555904, 37.0873043], [27.455467, 37.0872914], [27.4553036, 37.0877284], [27.455233, 37.0884117], [27.4551213, 37.0885916], [27.4547817, 37.0888236], [27.4545659, 37.0886133], [27.4544269, 37.0882672], [27.4544556, 37.0876815], [27.4547825, 37.0872179], [27.4549837, 37.0872389], [27.454815, 37.0870173], [27.4551434, 37.0859454], [27.4569552, 37.0837511], [27.4572132, 37.0833254], [27.4572243, 37.082524], [27.4575951, 37.0822591], [27.4583293, 37.0819442], [27.4593724, 37.081689], [27.4595413, 37.0817831], [27.4605876, 37.0818866], [27.4636052, 37.0816059], [27.4648884, 37.0818509], [27.4653618, 37.082761], [27.4655483, 37.0829107], [27.4661001, 37.0830676], [27.4668017, 37.0830603], [27.4676847, 37.0827133], [27.468016, 37.0823825], [27.46836, 37.081741], [27.4686648, 37.0815015], [27.4692586, 37.0812527], [27.4700598, 37.0805163], [27.4703055, 37.0804658], [27.4706124, 37.0805429], [27.4708162, 37.0808232], [27.4713113, 37.081083], [27.4720449, 37.0810879], [27.4732069, 37.0814861], [27.4738793, 37.0818107], [27.4745045, 37.0822588], [27.4747566, 37.0829245], [27.4750423, 37.084194], [27.4758099, 37.0855232], [27.4757364, 37.0856111], [27.4759467, 37.0861993], [27.4759296, 37.0863726], [27.4757842, 37.0865029], [27.4752679, 37.0865325], [27.4748916, 37.0867094], [27.4747596, 37.0868382], [27.4747322, 37.0871388], [27.4751633, 37.08795], [27.4756882, 37.0884624], [27.4763558, 37.0888555], [27.4769743, 37.0888963], [27.4775606, 37.0885138], [27.4780865, 37.0878369], [27.4786401, 37.0878695], [27.4790268, 37.0881561], [27.4791155, 37.0885088], [27.4790629, 37.088867], [27.4791501, 37.08891], [27.4790865, 37.0892151], [27.4791437, 37.0895778], [27.4792654, 37.0896884], [27.4792233, 37.089811], [27.4796372, 37.0900365], [27.4799754, 37.0904527], [27.4799942, 37.0906747], [27.4802136, 37.090948], [27.4811765, 37.0917178], [27.4829178, 37.0918996], [27.4839633, 37.0922454], [27.4843361, 37.0925599], [27.4858612, 37.0929608], [27.4865363, 37.0928512], [27.4877375, 37.0937419], [27.488318, 37.093863], [27.489601, 37.093858], [27.4905014, 37.0943061], [27.491052, 37.095265], [27.4910531, 37.0959563], [27.4902303, 37.0966312], [27.4901321, 37.0968569], [27.4904841, 37.097062], [27.4907678, 37.097423], [27.4907943, 37.0978238], [27.4906372, 37.0980149], [27.4901292, 37.0981566], [27.4893055, 37.0988559], [27.4886743, 37.0995501], [27.4882949, 37.1006304], [27.4884072, 37.100832], [27.489649, 37.101308], [27.491254, 37.101558], [27.4919841, 37.1015395], [27.492854, 37.101038], [27.4929872, 37.1010488], [27.4941874, 37.1019017], [27.4950054, 37.1019188], [27.4955619, 37.1018608], [27.496382, 37.101023], [27.4974725, 37.1003502], [27.4984445, 37.1005468], [27.4986293, 37.1006919], [27.49879, 37.101399], [27.499112, 37.101654], [27.4993853, 37.1022443], [27.5001014, 37.1025701], [27.501369, 37.103443], [27.501693, 37.103955], [27.501698, 37.104726], [27.501381, 37.105241], [27.5011509, 37.1059615], [27.501391, 37.106782], [27.503488, 37.108443], [27.504452, 37.108696], [27.505093, 37.108693], [27.505736, 37.108947], [27.506698, 37.108943], [27.5077013, 37.1093524], [27.5092019, 37.1093073], [27.510548, 37.108927], [27.5109551, 37.1086311], [27.5110069, 37.1084965], [27.5114259, 37.1082879], [27.5116871, 37.1082904], [27.5121121, 37.1084791], [27.512312, 37.109048], [27.512474, 37.109175], [27.513117, 37.109429], [27.51344, 37.109685], [27.515047, 37.110192], [27.516239, 37.1109469], [27.516182, 37.112114], [27.5166055, 37.112711], [27.517311, 37.113008], [27.518274, 37.113003], [27.519238, 37.113256], [27.519879, 37.113253], [27.5201156, 37.1133787], [27.5200519, 37.1135215], [27.520689, 37.114406], [27.5220176, 37.1156801], [27.5229129, 37.1162147], [27.5239066, 37.1163719], [27.524974, 37.1163558], [27.525356, 37.116569], [27.526773, 37.1165627], [27.5269528, 37.1164525], [27.5272519, 37.1164681], [27.529214, 37.117836], [27.529857, 37.11809], [27.5314246, 37.1183295], [27.5318146, 37.1189403], [27.5319802, 37.120251], [27.532602, 37.120776], [27.532767, 37.121289], [27.5332523, 37.1215984], [27.535708, 37.1242981], [27.5365997, 37.1247282], [27.5370658, 37.1251963], [27.5369594, 37.125369], [27.5364346, 37.1256264], [27.535286, 37.1260214], [27.5355392, 37.1265451], [27.537297, 37.1268231], [27.5374291, 37.1270045], [27.5373887, 37.1271332], [27.5369961, 37.1274638], [27.5368639, 37.1277388], [27.5369117, 37.1280138], [27.5372639, 37.1284088], [27.5377813, 37.1285522], [27.5383795, 37.1285258], [27.5410326, 37.1278207], [27.5417885, 37.128479], [27.5421774, 37.1286467], [27.5427925, 37.1285794], [27.5429179, 37.1284225], [27.544141, 37.1281113], [27.5443219, 37.1279763], [27.5445937, 37.1274219], [27.544537, 37.1271332], [27.5446561, 37.1267752], [27.545097, 37.1263928], [27.5452963, 37.1258913], [27.5457954, 37.1257362], [27.5460404, 37.1254469], [27.5463362, 37.1253901], [27.5475084, 37.1255702], [27.5487474, 37.1262892], [27.5503644, 37.1266419], [27.5530247, 37.1262958], [27.5536329, 37.1263524], [27.554301, 37.126713], [27.555266, 37.126966], [27.5555661, 37.1271725], [27.5565154, 37.1275125], [27.5579762, 37.1278172], [27.5586299, 37.1277878], [27.5596143, 37.1275587], [27.5606462, 37.1267942], [27.5610301, 37.1268029], [27.5626219, 37.1275095], [27.5634515, 37.1275737], [27.5646004, 37.1280412], [27.5652719, 37.1281457], [27.566181, 37.127942], [27.566821, 37.127682], [27.567463, 37.127679], [27.568103, 37.127419], [27.5687407, 37.1273003], [27.5718872, 37.1274334], [27.5723339, 37.1278329], [27.5722917, 37.1280604], [27.5718141, 37.1287882], [27.571768, 37.1291013], [27.5719032, 37.1295282], [27.5727328, 37.1295242], [27.5735914, 37.1291327], [27.5737799, 37.1292279], [27.5743428, 37.1303695], [27.5751476, 37.1308491], [27.575252, 37.1310231], [27.5759604, 37.1313519], [27.5777065, 37.1330027], [27.5775486, 37.133487], [27.576656, 37.134186], [27.5768056, 37.1347946], [27.57779, 37.135593], [27.5787311, 37.1358248], [27.580791, 37.1356204], [27.5812253, 37.1358532], [27.581171, 37.137247], [27.581498, 37.138016], [27.5813124, 37.1383643], [27.5821954, 37.1386828], [27.582035, 37.140482], [27.5834505, 37.1406359], [27.5910847, 37.135875], [27.595157, 37.1357326], [27.6158892, 37.1388689], [27.6365586, 37.1499473], [27.6375954, 37.1576426], [27.6484827, 37.1552984], [27.6638069, 37.1650974], [27.6782362, 37.1739605], [27.6873587, 37.17582], [27.6939467, 37.1710013], [27.7009105, 37.1540233], [27.6983356, 37.1428719], [27.6999663, 37.1342507], [27.7060381, 37.1160468], [27.7091682, 37.1003013], [27.7411833, 37.0997426], [27.7420148, 37.0957398], [27.7296407, 37.069454], [27.739213, 37.0568728], [27.7535247, 37.0471625], [27.7673297, 37.0413174], [27.7695723, 37.0341192], [27.7642535, 37.0309936], [27.766661, 37.024108], [27.7696609, 37.0187277], [27.7779864, 37.0148899], [27.7667902, 36.9918871], [27.7660463, 36.9917057], [27.7656459, 36.9918199], [27.7654457, 36.9922254], [27.7656101, 36.9926537], [27.7654099, 36.9931391], [27.7654886, 36.9933219], [27.7653885, 36.993636], [27.7651096, 36.993893], [27.7643374, 36.9940414], [27.7641944, 36.9942128], [27.7638798, 36.9940871], [27.7635795, 36.9942984], [27.7632649, 36.994287], [27.7620279, 36.9938758], [27.7619421, 36.9933733], [27.7620565, 36.9928422], [27.760984, 36.991917], [27.7594467, 36.9912831], [27.7591321, 36.990752], [27.7586173, 36.9903636], [27.7583313, 36.9903807], [27.7580453, 36.9907063], [27.7575019, 36.9909518], [27.7568941, 36.9910318], [27.756887, 36.9913345], [27.7571301, 36.9917057], [27.7581669, 36.9921911], [27.7582312, 36.9923796], [27.7572087, 36.992865], [27.7567511, 36.9933162], [27.7566725, 36.9935103], [27.7568727, 36.9943955], [27.7568155, 36.9946868], [27.7569656, 36.9950066], [27.7568083, 36.9950808], [27.7568441, 36.9952693], [27.7570872, 36.9953321], [27.7570014, 36.9955605], [27.757173, 36.9957547], [27.7574805, 36.9958974], [27.757459, 36.9960573], [27.7580239, 36.9971195], [27.7584314, 36.9974336], [27.7588175, 36.9974279], [27.759125, 36.9978276], [27.759461, 36.9984329], [27.7593109, 36.9985814], [27.759461, 36.9993123], [27.7592394, 36.9995293], [27.7586602, 36.9995807], [27.7585387, 36.9997749], [27.7576592, 36.9997178], [27.7573446, 36.9997863], [27.7571444, 36.9999176], [27.7572445, 37.0000661], [27.7569942, 37.0002088], [27.7569013, 37.0007399], [27.7564151, 37.0009112], [27.7549028, 37.0010433], [27.7539939, 37.0007214], [27.7537929, 37.0004925], [27.7536438, 36.9997737], [27.7533308, 36.9995389], [27.7526355, 36.9993217], [27.7523491, 36.9990822], [27.7521919, 36.9986128], [27.7512915, 36.9980101], [27.751009, 36.9969999], [27.7510718, 36.9968066], [27.7508654, 36.9964726], [27.7493971, 36.9961793], [27.7493775, 36.9964247], [27.749535, 36.996803], [27.7494746, 36.9970336], [27.7482199, 36.9976379], [27.7464475, 36.9980752], [27.7448748, 36.9979526], [27.7432963, 36.997396], [27.7431688, 36.9972188], [27.7432251, 36.9970892], [27.7431017, 36.9970153], [27.7427931, 36.997124], [27.7424175, 36.9970356], [27.7420396, 36.9967154], [27.7411303, 36.9962955], [27.7406898, 36.9957912], [27.7407092, 36.9956936], [27.7409245, 36.995434], [27.7410725, 36.9949784], [27.7413663, 36.9948645], [27.7414575, 36.994691], [27.7413658, 36.9945135], [27.7410327, 36.9942763], [27.7404447, 36.9941246], [27.740332, 36.9939804], [27.7398183, 36.9937286], [27.7393627, 36.9938253], [27.7391347, 36.9940333], [27.7388236, 36.9941362], [27.7382684, 36.9939005], [27.7375978, 36.9940205], [27.7369407, 36.9938427], [27.7355808, 36.993757], [27.734701, 36.993532], [27.7342612, 36.9932492], [27.7333063, 36.9931636], [27.7325583, 36.993222], [27.7327028, 36.9934228], [27.7327082, 36.9935856], [27.7325848, 36.9937248], [27.7326518, 36.9938919], [27.7331856, 36.9939926], [27.7331418, 36.994185], [27.7333304, 36.9942475], [27.7333707, 36.9945368], [27.7339688, 36.9948988], [27.7340063, 36.9951387], [27.7345718, 36.9954017], [27.7347667, 36.9956004], [27.7348003, 36.9959035], [27.735106, 36.9961777], [27.7350765, 36.9963062], [27.7345347, 36.9965247], [27.73368, 36.996646], [27.7335402, 36.9968879], [27.734963, 36.99824], [27.7350267, 36.9986074], [27.7348861, 36.9989283], [27.7343879, 36.9993053], [27.7343997, 36.9995603], [27.7348358, 36.9998612], [27.7348018, 37.000275], [27.7344883, 37.0006586], [27.7334165, 37.0013329], [27.7325216, 37.0015752], [27.731834, 37.0015752], [27.7316873, 37.0014944], [27.7312171, 37.0009493], [27.7307166, 37.0008242], [27.7306256, 37.0006788], [27.7306559, 37.0004325], [27.730388, 37.0003477], [27.72967, 37.0004688], [27.7292504, 37.0006546], [27.7283852, 37.0011439], [27.7279454, 37.0016446], [27.7268988, 37.0023553], [27.7256753, 37.0028115], [27.7247753, 37.0029246], [27.7244265, 37.0028277], [27.723845, 37.0023593], [27.7236984, 37.0023472], [27.722845, 37.002492], [27.7223333, 37.002755], [27.7213373, 37.0027833], [27.7205435, 37.0024643], [27.7196537, 37.0022422], [27.718688, 37.0021897], [27.7180611, 37.0018869], [27.7172168, 37.0017779], [27.7169842, 37.0015437], [27.7166707, 37.0014589], [27.7163724, 37.0012085], [27.7155938, 37.0010672], [27.7153056, 37.000611], [27.7139962, 36.9997509], [27.7128575, 36.9986406], [27.7120567, 36.9981838], [27.7119352, 36.9981952], [27.7118422, 36.9985436], [27.7116492, 36.9987377], [27.7107339, 36.9986349], [27.7104408, 36.998732], [27.7102763, 36.998949], [27.7098473, 36.9989033], [27.7097186, 36.9988348], [27.709547, 36.9979554], [27.7093969, 36.9978697], [27.7086962, 36.9978811], [27.7079954, 36.9969675], [27.707452, 36.9967676], [27.7072232, 36.9965563], [27.706973, 36.9965334], [27.7067442, 36.996602], [27.7056431, 36.9982637], [27.7053714, 36.9981495], [27.7050424, 36.9977441], [27.7043989, 36.9973615], [27.7040414, 36.9970188], [27.7034265, 36.997036], [27.7030261, 36.9971902], [27.7026329, 36.9976299], [27.7023898, 36.9990004], [27.7021109, 36.99952], [27.7019679, 36.9995771], [27.701832, 36.9995714], [27.7015389, 36.9993373], [27.7012028, 36.9988462], [27.6992508, 36.9976127], [27.6977064, 36.9973158], [27.6971916, 36.9973558], [27.6967698, 36.9977555], [27.6969414, 36.9984979], [27.6969342, 36.9989547], [27.6967912, 36.9991603], [27.6966196, 36.9992117], [27.6958474, 36.9989775], [27.6949107, 36.9988519], [27.6946247, 36.9989833], [27.6945675, 36.9992402], [27.6953814, 37.0011001], [27.69478, 37.0016464], [27.694014, 37.00215], [27.692737, 37.002672], [27.6898161, 37.0034247], [27.6894484, 37.003398], [27.6881059, 37.0026639], [27.687933, 37.002699], [27.6871422, 37.0033579], [27.6864403, 37.0032868], [27.6859111, 37.0033401], [27.6855546, 37.0037005], [27.6851981, 37.0037227], [27.6843792, 37.0033891], [27.6837665, 37.0029487], [27.6836941, 37.0027262], [27.684123, 37.0022636], [27.6841898, 37.0020545], [27.6841174, 37.0019077], [27.6842511, 37.0018988], [27.6842177, 37.0013071], [27.6839225, 37.0010402], [27.6831426, 37.0009512], [27.6815271, 37.0010046], [27.6807473, 37.0005375], [27.6804353, 37.0004574], [27.6798225, 37.0005997], [27.6794549, 37.0011647], [27.6792543, 37.0012582], [27.6780901, 37.0013916], [27.6777893, 37.001574], [27.6772935, 37.001485], [27.67682, 37.0012715], [27.6760234, 37.0007065], [27.6759454, 37.0005552], [27.6761683, 37.0001193], [27.676107, 36.9998078], [27.6757059, 36.9990782], [27.6754775, 36.998878], [27.6749205, 36.9987935], [27.6745807, 36.9985711], [27.6734666, 36.998838], [27.6718734, 36.999056], [27.6713108, 36.9988513], [27.6710712, 36.9983442], [27.6716951, 36.9979126], [27.6717954, 36.9976724], [27.6704139, 36.9972853], [27.6700017, 36.9972631], [27.6693054, 36.996658], [27.6684753, 36.9963822], [27.6674615, 36.9963243], [27.6663418, 36.9967158], [27.6659129, 36.9964266], [27.6656065, 36.9964], [27.6640871, 36.99655], [27.6639812, 36.9961584], [27.6637417, 36.9958248], [27.6632738, 36.9954421], [27.6630231, 36.9948193], [27.6612795, 36.9948593], [27.660962, 36.9950373], [27.6603827, 36.9950862], [27.6600874, 36.9953932], [27.6599092, 36.9954377], [27.6595638, 36.9951841], [27.65899, 36.994975], [27.658511, 36.9946057], [27.6574191, 36.994361], [27.6571629, 36.9944366], [27.6570348, 36.9945835], [27.6567451, 36.9953532], [27.6563774, 36.9954199], [27.6556588, 36.9953265], [27.655361, 36.995819], [27.6545726, 36.9960828], [27.6540601, 36.9960962], [27.6536702, 36.9963275], [27.6536367, 36.9967368], [27.653815, 36.9970171], [27.6537871, 36.9972173], [27.6534362, 36.9976044], [27.6528791, 36.9978135], [27.6524224, 36.9982628], [27.6514809, 36.9983029], [27.6508626, 36.9985431], [27.6499992, 36.998592], [27.6495981, 36.9988056], [27.6491469, 36.9987611], [27.6482389, 36.9984808], [27.6470078, 36.9976889], [27.646863, 36.9975465], [27.6469354, 36.9973374], [27.6468741, 36.9972707], [27.6455817, 36.9964654], [27.645643, 36.9961273], [27.6457377, 36.9960472], [27.6466638, 36.9960583], [27.6471398, 36.9953801], [27.6470749, 36.9949438], [27.6465989, 36.9940496], [27.6465881, 36.9933584], [27.6464583, 36.9928616], [27.6459499, 36.9924166], [27.6447004, 36.9915958], [27.644338, 36.9911335], [27.6433266, 36.9914402], [27.6429155, 36.991194], [27.6425585, 36.9907101], [27.642591, 36.990546], [27.6429966, 36.9902522], [27.6432346, 36.989211], [27.6434997, 36.9886019], [27.6434997, 36.9881482], [27.6427478, 36.9877508], [27.6426883, 36.9875434], [27.6427695, 36.9872366], [27.6431265, 36.9870249], [27.6431805, 36.9868564], [27.6431048, 36.9864201], [27.6433753, 36.9860183], [27.6433644, 36.9858238], [27.6432833, 36.9856856], [27.6425315, 36.9856294], [27.6421366, 36.9855041], [27.6416877, 36.9851628], [27.6417256, 36.9846357], [27.6418878, 36.984208], [27.6422556, 36.9841648], [27.6430291, 36.9836074], [27.6441541, 36.9834216], [27.6456956, 36.9829982], [27.6469072, 36.9822551], [27.6469667, 36.9817539], [27.6473886, 36.9816286], [27.6477185, 36.9813693], [27.647751, 36.9810928], [27.6475617, 36.9805959], [27.6476482, 36.9803669], [27.6472209, 36.9798527], [27.6468261, 36.9796756], [27.6466692, 36.9792781], [27.645939, 36.9792737], [27.6453495, 36.9791139], [27.6446517, 36.9791744], [27.643689, 36.979641], [27.6434943, 36.9798484], [27.642591, 36.9799175], [27.6427857, 36.9790102], [27.6426505, 36.9787855], [27.6423097, 36.9787336], [27.6413902, 36.9790534], [27.6404599, 36.9799737], [27.639865, 36.9802632], [27.6389779, 36.9805527], [27.6383018, 36.9805268], [27.637788, 36.9808854], [27.6374148, 36.9805873], [27.6376744, 36.9798398], [27.637815, 36.9796756], [27.6383883, 36.979412], [27.6385452, 36.9791744], [27.6382044, 36.9782324], [27.6380476, 36.9780769], [27.6377934, 36.978012], [27.6369117, 36.978038], [27.6354406, 36.9784657], [27.6346617, 36.9782022], [27.63392, 36.978594], [27.6332824, 36.9792824], [27.632647, 36.979629], [27.631914, 36.9798916], [27.6312541, 36.9799348], [27.6311135, 36.9800299], [27.6309675, 36.980665], [27.6307836, 36.9807644], [27.6302751, 36.9807601], [27.6298478, 36.9802675], [27.6296153, 36.979641], [27.6296585, 36.9789281], [27.629572, 36.9788503], [27.6289824, 36.9788417], [27.6280143, 36.9784485], [27.6279061, 36.9784701], [27.6278845, 36.9785954], [27.6280197, 36.9792737], [27.6278304, 36.9793126], [27.6275167, 36.9804101], [27.6273273, 36.9804533], [27.6270894, 36.980233], [27.6262834, 36.9803799], [27.6259211, 36.9802891], [27.6257534, 36.9800644], [27.6252233, 36.9800688], [27.6249258, 36.9803323], [27.624796, 36.9807903], [27.6244282, 36.9810409], [27.6241848, 36.9813477], [27.6235953, 36.9812527], [27.6234168, 36.9807558], [27.6234222, 36.9803842], [27.6233302, 36.9802805], [27.6224004, 36.980277], [27.6204123, 36.9805124], [27.6202452, 36.9805948], [27.620028, 36.980904], [27.6196798, 36.9810219], [27.6189083, 36.980775], [27.6185963, 36.9808239], [27.6178137, 36.9814491], [27.6168609, 36.9813034], [27.6162681, 36.9814088], [27.6156925, 36.9816623], [27.6151093, 36.9822566], [27.6147746, 36.9827897], [27.6142143, 36.9832419], [27.6138797, 36.9833534], [27.6138758, 36.9834282], [27.613675, 36.9833686], [27.6132486, 36.9834404], [27.6130516, 36.9838605], [27.6131893, 36.9842057], [27.6129312, 36.9843814], [27.6125998, 36.9844829], [27.6119346, 36.9840336], [27.6118156, 36.9840422], [27.611345, 36.9841632], [27.6106797, 36.9846255], [27.6097061, 36.9850144], [27.6089219, 36.985818], [27.6084567, 36.9865741], [27.6081322, 36.9869154], [27.607878, 36.9876153], [27.6078401, 36.988138], [27.6074831, 36.9883411], [27.6070721, 36.9888509], [27.6070234, 36.9891922], [27.6071856, 36.9897754], [27.6064068, 36.990566], [27.6062283, 36.9908684], [27.605206, 36.9914905], [27.6049734, 36.9915683], [27.6043068, 36.9915248], [27.6041346, 36.9917023], [27.6033862, 36.991794], [27.6007924, 36.9915942], [27.6000839, 36.9917022], [27.5994024, 36.9919442], [27.5992726, 36.9921818], [27.5993287, 36.9922399], [27.5990637, 36.9924143], [27.5980231, 36.9924669], [27.5976445, 36.9930112], [27.597201, 36.9934087], [27.5968061, 36.9934864], [27.5948752, 36.9942467], [27.5937448, 36.9944757], [27.5931011, 36.9943418], [27.5930957, 36.9946053], [27.5928199, 36.9947219], [27.5924088, 36.9946528], [27.5920572, 36.9947954], [27.5916786, 36.9946399], [27.5910187, 36.9946571], [27.5904941, 36.9945362], [27.589461, 36.9947003], [27.5890012, 36.9943159], [27.5887038, 36.9943807], [27.5885489, 36.9946549], [27.5881455, 36.9946714], [27.5878924, 36.9943418], [27.5874651, 36.9941819], [27.5872975, 36.9943288], [27.5867187, 36.9943807], [27.5858912, 36.9946226], [27.5855883, 36.9950373], [27.5856424, 36.995331], [27.5853016, 36.9954822], [27.5850258, 36.9954045], [27.5843677, 36.9949361], [27.5835393, 36.9949758], [27.5831027, 36.9948155], [27.5828207, 36.9948909], [27.5825874, 36.9947971], [27.5818973, 36.9943363], [27.5818725, 36.9941408], [27.5817244, 36.9939779], [27.5809059, 36.9942065], [27.5800121, 36.9939789], [27.5796, 36.994029], [27.5792609, 36.9942789], [27.5788788, 36.9943255], [27.5780729, 36.9941705], [27.577318, 36.993891], [27.5772403, 36.993741], [27.5770775, 36.9938037], [27.5764502, 36.9936841], [27.5755624, 36.9937347], [27.5750104, 36.9940855], [27.5747773, 36.9940502], [27.574473, 36.9938346], [27.5738988, 36.9938928], [27.5735664, 36.9936591], [27.5734543, 36.993429], [27.5734929, 36.9931725], [27.5730334, 36.993069], [27.5729466, 36.9928473], [27.5729224, 36.9930759], [27.5725159, 36.9932257], [27.5723845, 36.9931175], [27.5724264, 36.9932866], [27.5720123, 36.9932129], [27.5717421, 36.992963], [27.571583, 36.992656], [27.571787, 36.992271], [27.5711294, 36.9920535], [27.5711147, 36.9919242], [27.5702731, 36.9916106], [27.56869, 36.991256], [27.5664503, 36.9907914], [27.5651061, 36.9906372], [27.5642822, 36.9903948], [27.5636364, 36.9900985], [27.5634245, 36.9898321], [27.5613914, 36.9885447], [27.561438, 36.9884726], [27.5610738, 36.9882041], [27.5610324, 36.988037], [27.5610763, 36.9872462], [27.5612066, 36.9869411], [27.5613773, 36.9868494], [27.5621972, 36.9867889], [27.5622154, 36.986884], [27.5625132, 36.9868494], [27.563314, 36.9864705], [27.5651565, 36.9862243], [27.566408, 36.985872], [27.5695452, 36.9859501], [27.570977, 36.9858514], [27.5725297, 36.9853106], [27.5733668, 36.9845633], [27.5750376, 36.9844702], [27.5754832, 36.9843581], [27.5756011, 36.9842012], [27.5755485, 36.9839854], [27.5751147, 36.9836318], [27.5740976, 36.9832688], [27.5736438, 36.9828261], [27.5721648, 36.982602], [27.5703913, 36.9820264], [27.5701073, 36.9816446], [27.5699722, 36.980607], [27.5698509, 36.9804437], [27.569172, 36.9801809], [27.5686559, 36.9802694], [27.5683754, 36.9805074], [27.5676203, 36.9819794], [27.5670453, 36.9823668], [27.5667716, 36.9823585], [27.5664737, 36.9825549], [27.5664218, 36.9827763], [27.5663018, 36.9828426], [27.5662696, 36.9826036], [27.5662716, 36.9828435], [27.5654341, 36.9828771], [27.5648843, 36.9826866], [27.5647272, 36.9823984], [27.5650215, 36.9819293], [27.5651214, 36.9819882], [27.5651888, 36.9818449], [27.5650282, 36.9818838], [27.5653549, 36.9806817], [27.5653549, 36.977851], [27.56549, 36.9772671], [27.565826, 36.9766998], [27.5662763, 36.9763152], [27.5674159, 36.976401], [27.5681156, 36.9767524], [27.5683996, 36.9767054], [27.5684308, 36.9766085], [27.5684169, 36.9765089], [27.5670868, 36.9756179], [27.5668963, 36.9753688], [27.566588, 36.9752], [27.5654311, 36.9749095], [27.564347, 36.9750063], [27.5637408, 36.9753494], [27.5636992, 36.9760966], [27.5637858, 36.9769406], [27.5633182, 36.9773141], [27.5629026, 36.9779174], [27.5628748, 36.9782882], [27.5630376, 36.9791598], [27.5628263, 36.979763], [27.5624463, 36.9802769], [27.5617299, 36.9805229], [27.5607624, 36.980686], [27.5604377, 36.9809909], [27.5601766, 36.9814562], [27.5602234, 36.9819375], [27.560036, 36.9824991], [27.5601464, 36.9829724], [27.5597548, 36.9838014], [27.5596108, 36.9847454], [27.5586533, 36.9856757], [27.5580925, 36.9856561], [27.5577696, 36.9854326], [27.5576592, 36.9852962], [27.5575453, 36.9843763], [27.5574315, 36.984248], [27.5561417, 36.9835922], [27.5555689, 36.9831289], [27.5550458, 36.9831006], [27.5540303, 36.9834825], [27.5519519, 36.9821324], [27.5512986, 36.9823139], [27.550697, 36.983249], [27.5499302, 36.983469], [27.5488723, 36.9840627], [27.5482229, 36.9841883], [27.5476203, 36.9841402], [27.546385, 36.9834209], [27.545374, 36.9831481], [27.5456954, 36.9837391], [27.5460235, 36.9840145], [27.5481861, 36.9851189], [27.5495485, 36.986218], [27.5496891, 36.9864426], [27.549649, 36.9869212], [27.5492774, 36.9876699], [27.5490832, 36.987825], [27.5473257, 36.9880256], [27.5456552, 36.9884053], [27.5418256, 36.9882261], [27.5387711, 36.9883535], [27.5376207, 36.9885993], [27.5357672, 36.9882477], [27.5351684, 36.9882552], [27.5343919, 36.9884746], [27.5338344, 36.9887465], [27.5338415, 36.9888789], [27.534019, 36.9889659], [27.5341114, 36.9895974], [27.5343173, 36.9900455], [27.5341634, 36.9903348], [27.531221, 36.991687], [27.5294481, 36.9922406], [27.5273811, 36.9927507], [27.5261767, 36.9925658], [27.5258193, 36.9923143], [27.5252583, 36.9921914], [27.5243224, 36.9923276], [27.523191, 36.992649], [27.5217849, 36.9925621], [27.5213304, 36.9926339], [27.5197539, 36.9942901], [27.5189992, 36.9945737], [27.5188206, 36.9948978], [27.5183871, 36.9950556], [27.5175921, 36.9950626], [27.5165071, 36.9948656], [27.5139163, 36.9938414], [27.5134115, 36.9935726], [27.5129822, 36.9929238], [27.5123439, 36.992231], [27.5120364, 36.9921174], [27.5117056, 36.9921916], [27.51152, 36.9920919], [27.5115026, 36.9918069], [27.5112956, 36.9914443], [27.5111718, 36.9913877], [27.511218, 36.9913252], [27.5109099, 36.9911799], [27.5108264, 36.991293], [27.5106666, 36.9912873], [27.5105452, 36.9910793], [27.5102638, 36.9910167], [27.510052, 36.9908429], [27.5095878, 36.9908592], [27.5094804, 36.9907201], [27.5090975, 36.990741], [27.5089379, 36.9906344], [27.5083548, 36.989828], [27.5079573, 36.9887921], [27.5085695, 36.988039], [27.5095907, 36.9876381], [27.5103218, 36.9867992], [27.5102463, 36.9865652], [27.5095501, 36.9861387], [27.5074206, 36.9856521], [27.5068491, 36.9858259], [27.5059932, 36.9858375], [27.504602, 36.986151], [27.5026796, 36.9871222], [27.5022995, 36.9871987], [27.5020587, 36.9869623], [27.5022908, 36.9865011], [27.5022531, 36.9860469], [27.5017193, 36.9851269], [27.5017164, 36.9849508], [27.5024214, 36.9839774], [27.502256, 36.9838175], [27.501844, 36.9838036], [27.501522, 36.9840238], [27.5009969, 36.9856321], [27.500553, 36.9862115], [27.4996856, 36.9868881], [27.4989992, 36.9869822], [27.4974384, 36.9866902], [27.4970264, 36.9871213], [27.4963417, 36.9881687], [27.4957064, 36.9882127], [27.4946532, 36.9877354], [27.49416, 36.9877423], [27.4931678, 36.988266], [27.4921321, 36.9890817], [27.4916273, 36.9889844], [27.4914996, 36.9891883], [27.4913865, 36.9891814], [27.4912153, 36.9889983], [27.4910297, 36.989193], [27.4907947, 36.9891373], [27.4905335, 36.9892022], [27.4893104, 36.98978], [27.488496, 36.9896096], [27.4880119, 36.9893491], [27.4868179, 36.9878449], [27.4865328, 36.9870518], [27.4862968, 36.9868518], [27.4859604, 36.9867568], [27.483989, 36.9866224], [27.4828135, 36.9863521], [27.4823252, 36.9864045], [27.4821283, 36.9868224], [27.4818596, 36.9879366], [27.482754, 36.988751], [27.4828955, 36.9891623], [27.4828668, 36.9893671], [27.4825386, 36.9899718], [27.4825735, 36.9904404], [27.4819662, 36.9907042], [27.4805528, 36.9918364], [27.480639, 36.9925934], [27.4810308, 36.9930768], [27.4809713, 36.9933914], [27.480083, 36.9939206], [27.4790737, 36.9942483], [27.478727, 36.9946284], [27.4783926, 36.994753], [27.4765361, 36.9948185], [27.4761894, 36.9949611], [27.4758119, 36.9952838], [27.4743882, 36.9954215], [27.4741727, 36.9955309], [27.4741235, 36.9956701], [27.474105, 36.9962452], [27.473227, 36.9969793], [27.470236, 36.9972115], [27.4694276, 36.9974158], [27.4684145, 36.9973463], [27.4667926, 36.9975016], [27.4644951, 36.9983281], [27.4644364, 36.9985841], [27.4645926, 36.9993016], [27.4644663, 37.0001824], [27.4643621, 37.0003799], [27.464498, 37.000573], [27.46459, 37.0012598], [27.4642206, 37.0017567], [27.4640793, 37.0018034], [27.4639147, 37.001652], [27.4638543, 37.0017151], [27.4640486, 37.0018361], [27.4640653, 37.001946], [27.4636486, 37.0027535], [27.463232, 37.003147], [27.4627966, 37.003468], [27.4627085, 37.0033741], [27.4626323, 37.0034172], [27.4626941, 37.0035442], [27.462155, 37.0037091], [27.4620393, 37.0035988], [27.4620511, 37.0034487], [27.462155, 37.0033972], [27.4620117, 37.0034266], [27.4619959, 37.0036009], [27.4620777, 37.0037519], [27.4616229, 37.0037597], [27.4616419, 37.0038736], [27.4611641, 37.0039996], [27.4611585, 37.004102], [27.4608465, 37.0041726], [27.4598885, 37.0047851], [27.4595983, 37.0052071], [27.4595464, 37.0054626], [27.459789, 37.0059769], [27.4595459, 37.0063291], [27.4591995, 37.0063838], [27.4584275, 37.0061992], [27.4582289, 37.006265], [27.457883, 37.0066124], [27.4570489, 37.0069996], [27.4569052, 37.007444], [27.4556628, 37.0075865], [27.455412, 37.007673], [27.4548707, 37.0081151], [27.454453, 37.008063], [27.453755, 37.0076014], [27.453515, 37.0075876], [27.4534203, 37.0077647], [27.4535133, 37.0081359], [27.4534418, 37.0085186], [27.4529781, 37.0092995], [27.4518614, 37.0104747], [27.4512224, 37.0107404], [27.4508595, 37.0107344], [27.4507204, 37.0108354], [27.4508133, 37.0109928], [27.4503117, 37.0114286], [27.4500695, 37.0117678], [27.4503949, 37.0122711], [27.4508505, 37.0126765], [27.4508691, 37.0129646], [27.4511964, 37.0135785], [27.450869, 37.0136136], [27.4504235, 37.0159404], [27.4506053, 37.015954], [27.4505461, 37.0162658], [27.4495008, 37.0166521], [27.4482669, 37.0166637], [27.4480545, 37.0167392], [27.4478389, 37.0169314], [27.447623, 37.017851], [27.4471236, 37.0183759], [27.4469208, 37.0185159], [27.4457654, 37.0187413], [27.4455234, 37.0190237], [27.4451382, 37.0192357], [27.4446767, 37.0192189], [27.4444268, 37.0193852], [27.4442891, 37.0192887], [27.4441739, 37.0193525], [27.4442357, 37.0195751], [27.4433276, 37.0201763], [27.4426803, 37.0202092], [27.4421331, 37.0200787], [27.441801, 37.0201929], [27.4414987, 37.0206183], [27.4418647, 37.0214298], [27.4417459, 37.0215952], [27.4421112, 37.0223727], [27.4419073, 37.0227829], [27.4412927, 37.0233066], [27.4407315, 37.0236401], [27.4405124, 37.0234785], [27.4392569, 37.0237118], [27.4385333, 37.0248479], [27.4363345, 37.0239562], [27.4362574, 37.0240781], [27.4386487, 37.0250581], [27.4384938, 37.0253014], [27.4390958, 37.0255532], [27.4389944, 37.0257086], [27.4393648, 37.0257872], [27.4402889, 37.0264993], [27.440742, 37.0270264], [27.4408287, 37.02726], [27.4408838, 37.0278887], [27.4408067, 37.0281134], [27.4405434, 37.0285433], [27.4401573, 37.0289312], [27.439377, 37.0294552], [27.4382472, 37.0298193], [27.4380964, 37.0302312], [27.4383793, 37.031198], [27.4377926, 37.0318201], [27.4372869, 37.0321249], [27.4357608, 37.032683], [27.4335181, 37.0332555], [27.4326213, 37.0333239], [27.4305817, 37.0326627], [27.4306659, 37.0320506], [27.4305412, 37.031818], [27.4304688, 37.031895], [27.4303373, 37.0316875], [27.430408, 37.0316638], [27.4301308, 37.0311242], [27.4301818, 37.0310064], [27.4300852, 37.0309957], [27.4301711, 37.0309144], [27.4300987, 37.0307645], [27.4291357, 37.0309272], [27.4286556, 37.0312034], [27.4286315, 37.0310964], [27.4282146, 37.0312076], [27.4282774, 37.031606], [27.4281701, 37.0316552], [27.428083, 37.0315706], [27.4277376, 37.0317664], [27.4263019, 37.0318606], [27.4251911, 37.0308598], [27.4244886, 37.0308869], [27.4243869, 37.030987], [27.4244714, 37.031147], [27.4248047, 37.0310294], [27.4251718, 37.0310854], [27.426161, 37.0321435], [27.4277867, 37.032025], [27.4290627, 37.0332278], [27.429689, 37.0341982], [27.4295569, 37.0345681], [27.4290549, 37.0348131], [27.4289134, 37.0354971], [27.4275396, 37.0360791], [27.4259548, 37.0361235], [27.4257755, 37.0360046], [27.4250269, 37.0359792], [27.4243938, 37.0360076], [27.4242084, 37.0361897], [27.4235905, 37.0359544], [27.4237146, 37.0358766], [27.4222999, 37.0344271], [27.422681, 37.0342119], [27.4222812, 37.0337756], [27.4228688, 37.0334336], [27.4235099, 37.0335112], [27.4237325, 37.0329905], [27.4235479, 37.032881], [27.4237631, 37.0329364], [27.4238105, 37.0328328], [27.4245962, 37.0326217], [27.4250435, 37.0322689], [27.4249738, 37.0321631], [27.4238765, 37.0323882], [27.4229102, 37.0320653], [27.4229663, 37.0319404], [27.4227612, 37.0318697], [27.4228349, 37.0320417], [27.4221058, 37.0318461], [27.4216346, 37.0318446], [27.4214137, 37.0319342], [27.4210084, 37.031564], [27.4213253, 37.0308776], [27.4211599, 37.0297594], [27.4209358, 37.0292797], [27.4205722, 37.0290947], [27.420377, 37.0290506], [27.4203575, 37.0291143], [27.4199206, 37.0289158], [27.41938, 37.0288376], [27.4191657, 37.0288432], [27.4182723, 37.0292491], [27.4174912, 37.028778], [27.4167941, 37.0281781], [27.4169653, 37.0271649], [27.4171099, 37.0271532], [27.4170443, 37.0270272], [27.417635, 37.0262184], [27.417951, 37.0254464], [27.418269, 37.0249314], [27.418588, 37.0246734], [27.4194039, 37.0232732], [27.4195456, 37.0226911], [27.4193832, 37.0224484], [27.4194481, 37.022314], [27.4193208, 37.0220035], [27.4190785, 37.0218152], [27.4186222, 37.0216624], [27.4169316, 37.0215996], [27.4168595, 37.021428], [27.4168664, 37.021598], [27.4164888, 37.021688], [27.4157421, 37.0225506], [27.4158318, 37.022622], [27.4156995, 37.0227412], [27.4152035, 37.0228503], [27.4146111, 37.0226523], [27.4140257, 37.0223162], [27.4136641, 37.0216607], [27.4135648, 37.0217003], [27.4129148, 37.0214384], [27.4121843, 37.0212878], [27.4119983, 37.0207577], [27.4122669, 37.0204796], [27.412475, 37.0200704], [27.4127174, 37.0195349], [27.4127628, 37.0191858], [27.4130668, 37.0189642], [27.4131938, 37.0184858], [27.413179, 37.0181535], [27.4133266, 37.0180286], [27.4134027, 37.0177177], [27.4135362, 37.0176444], [27.4133974, 37.0175195], [27.4122728, 37.017272], [27.4122998, 37.0170845], [27.4109238, 37.0169444], [27.4099023, 37.0171177], [27.4099945, 37.0181423], [27.409904, 37.0185374], [27.4100294, 37.0186225], [27.409932, 37.0192541], [27.4102567, 37.019709], [27.4103571, 37.0200667], [27.41075, 37.0200742], [27.4110612, 37.0202626], [27.4113873, 37.0206924], [27.411501, 37.0211449], [27.411203, 37.0218734], [27.4099457, 37.0229124], [27.4090118, 37.0233324], [27.4083701, 37.0234786], [27.4077756, 37.0234458], [27.4076279, 37.0233727], [27.407677, 37.0232657], [27.4072862, 37.0232437], [27.4070245, 37.0229862], [27.4071157, 37.0228395], [27.4068411, 37.0227797], [27.4065532, 37.0225137], [27.4065543, 37.0223566], [27.4061142, 37.0221542], [27.4054344, 37.0222004], [27.4049126, 37.0219971], [27.4042258, 37.0220815], [27.4029595, 37.020459], [27.4025338, 37.0202295], [27.4019532, 37.0201991], [27.4016441, 37.0200435], [27.4013983, 37.019723], [27.4010293, 37.0195015], [27.4009644, 37.0193954], [27.4010606, 37.0192583], [27.4009408, 37.0192057], [27.401047, 37.0190023], [27.4008142, 37.0186508], [27.4008862, 37.0183266], [27.4004452, 37.0184616], [27.400225, 37.0184239], [27.3999564, 37.0187112], [27.4000505, 37.019168], [27.400772, 37.0204037], [27.4012567, 37.020754], [27.4014799, 37.0211158], [27.4017586, 37.0219417], [27.4023836, 37.0228219], [27.4028436, 37.0231589], [27.4036493, 37.0245579], [27.4073993, 37.0271063], [27.4085444, 37.0281382], [27.408649, 37.0283636], [27.4086551, 37.0288513], [27.4077749, 37.0297479], [27.4074956, 37.0299551], [27.4058761, 37.0306131], [27.4049751, 37.0312017], [27.4041951, 37.0315065], [27.4029118, 37.0319635], [27.4017842, 37.0320756], [27.400678, 37.0318165], [27.3996904, 37.0312895], [27.3997446, 37.0312372], [27.3994463, 37.0309688], [27.3991755, 37.0304974], [27.3994398, 37.0300685], [27.3993208, 37.0298706], [27.3990165, 37.0298979], [27.3989531, 37.0298244], [27.3989323, 37.0299212], [27.3984589, 37.029937], [27.3975478, 37.02985], [27.396753, 37.0296516], [27.3968914, 37.0293862], [27.3968191, 37.029363], [27.3967213, 37.0295452], [27.3964004, 37.0294448], [27.3964535, 37.029196], [27.396349, 37.0293921], [27.3959795, 37.029228], [27.395843, 37.0290732], [27.3961961, 37.0288756], [27.3958308, 37.0290178], [27.3955539, 37.0287016], [27.3955385, 37.0284787], [27.3956786, 37.0282859], [27.395935, 37.0283027], [27.3959643, 37.0282354], [27.3957383, 37.0280766], [27.3957365, 37.0277778], [27.396174, 37.0277403], [27.3962391, 37.0279987], [27.3963313, 37.0280001], [27.3963259, 37.0278312], [27.3961903, 37.0276869], [27.3956931, 37.0276912], [27.3955069, 37.0275281], [27.3954274, 37.0272639], [27.3955014, 37.0270764], [27.3958088, 37.0272048], [27.3960728, 37.0270518], [27.3960149, 37.0269796], [27.3957925, 37.0271023], [27.3955069, 37.0270042], [27.3955485, 37.0266167], [27.3953854, 37.0265962], [27.395355, 37.0267213], [27.3950422, 37.0269493], [27.3939466, 37.026665], [27.3934481, 37.0264279], [27.3931829, 37.0261184], [27.3935482, 37.0260059], [27.3934684, 37.0258737], [27.3931814, 37.0260343], [27.3932981, 37.0259251], [27.393232, 37.0258084], [27.3930363, 37.0258902], [27.3929461, 37.0256454], [27.3932283, 37.0255054], [27.3930258, 37.02553], [27.3929815, 37.0254133], [27.3933572, 37.0251783], [27.3936074, 37.0248587], [27.3932745, 37.024874], [27.3933536, 37.0247602], [27.3930982, 37.0246451], [27.3929252, 37.0246488], [27.3928926, 37.0247412], [27.3920846, 37.0245662], [27.3920167, 37.0238858], [27.3923324, 37.0238823], [27.3923158, 37.0239725], [27.3924689, 37.02397], [27.3924647, 37.023823], [27.3920681, 37.0238008], [27.3923379, 37.0237011], [27.3918573, 37.0237552], [27.3915108, 37.0220745], [27.390961, 37.0218928], [27.3907309, 37.0216642], [27.3906721, 37.0214723], [27.3910198, 37.0213845], [27.390846, 37.0212028], [27.3908654, 37.0213057], [27.390736, 37.0213743], [27.3905758, 37.0212547], [27.3903973, 37.0207592], [27.390506, 37.0206693], [27.3904992, 37.0202538], [27.390169, 37.0200827], [27.390315, 37.0197625], [27.390283, 37.019595], [27.389786, 37.0192957], [27.3892753, 37.019179], [27.3884538, 37.0186689], [27.3883671, 37.0182118], [27.388672, 37.017802], [27.389234, 37.0161576], [27.3886928, 37.0156173], [27.3886962, 37.0153772], [27.388979, 37.015232], [27.3896087, 37.0146203], [27.3896803, 37.0137167], [27.3898209, 37.0134875], [27.3896039, 37.0129656], [27.3888824, 37.0120177], [27.3889414, 37.0113057], [27.3881845, 37.0099519], [27.3878968, 37.0098502], [27.3881477, 37.0096197], [27.3889191, 37.0092785], [27.3891619, 37.0090523], [27.389267, 37.008808], [27.389403, 37.0084042], [27.389322, 37.006964], [27.3890817, 37.0064429], [27.3887193, 37.0062325], [27.3883848, 37.0062717], [27.3873871, 37.0066553], [27.3859896, 37.0073566], [27.3857278, 37.0073551], [27.3856334, 37.0074084], [27.3856031, 37.0076728], [27.3857297, 37.0079456], [27.3855239, 37.0083852], [27.3845209, 37.0088713], [27.384045, 37.0089808], [27.3839348, 37.0087163], [27.3843902, 37.0081964], [27.3844779, 37.0077051], [27.3840327, 37.0072517], [27.38307, 37.0068475], [27.3825998, 37.0068166], [27.3823896, 37.0070032], [27.3821556, 37.0068711], [27.3822718, 37.0067359], [27.3820513, 37.0066496], [27.3819953, 37.0063289], [27.3823674, 37.0058945], [27.3824526, 37.0056581], [27.3823674, 37.0053998], [27.3823027, 37.0053134], [27.3816219, 37.0055412], [27.3814824, 37.0055026], [27.3812599, 37.0052842], [27.3811587, 37.0048368], [27.3811979, 37.0044609], [27.3816702, 37.0040891], [27.3819038, 37.0036495], [27.3812464, 37.0032389], [27.3805653, 37.0025792], [27.3805411, 37.002273], [27.380261, 37.001644], [27.379761, 37.0010924], [27.3792997, 37.0002734], [27.3790983, 37.0000627], [27.3784912, 36.9998324], [27.3776812, 36.9997711], [27.3769448, 36.9992017], [27.3766954, 36.9991952], [27.3765506, 36.9990817], [27.3767061, 36.999041], [27.3764157, 36.9988449], [27.3762019, 36.9988568], [27.375923, 36.998703], [27.3755633, 36.9988076], [27.3747133, 36.9995888], [27.374487, 36.999864], [27.37433, 37.0003282], [27.3742646, 37.0009109], [27.3747316, 37.0019498], [27.3746994, 37.0024903], [27.3750422, 37.003238], [27.3749378, 37.0036917], [27.374617, 37.0041341], [27.3744135, 37.0047302], [27.374512, 37.005002], [27.3751473, 37.0057712], [27.3753755, 37.0058798], [27.3762819, 37.0060725], [27.3772118, 37.0059909], [27.3785331, 37.0062304], [27.3790617, 37.0065052], [27.3795886, 37.0071825], [27.3791519, 37.0078533], [27.378697, 37.009099], [27.378401, 37.0096337], [27.3784037, 37.0102441], [27.3785432, 37.0103147], [27.3790152, 37.010289], [27.3791731, 37.0104505], [27.3792002, 37.0105974], [27.3789267, 37.0110407], [27.3787926, 37.0114883], [27.3790062, 37.0117472], [27.3796615, 37.0118652], [27.379753, 37.0121003], [27.3796025, 37.0124455], [27.3801404, 37.0128137], [27.38014, 37.0129167], [27.380015, 37.0132485], [27.378559, 37.013595], [27.3784265, 37.0137346], [27.3783447, 37.0143257], [27.3786549, 37.0151317], [27.3800088, 37.0157192], [27.3803248, 37.016264], [27.3803076, 37.01663], [27.3807054, 37.0170901], [27.3807092, 37.0173017], [27.3804232, 37.017367], [27.3802108, 37.0175764], [27.3790914, 37.0192526], [27.379391, 37.0200869], [27.3796565, 37.0204164], [27.3808259, 37.021136], [27.3818564, 37.0215523], [27.3830137, 37.0222088], [27.3843717, 37.0232271], [27.3846069, 37.0236526], [27.3846488, 37.0240505], [27.3840378, 37.0252661], [27.3832465, 37.0260053], [27.3827543, 37.0263111], [27.381947, 37.0266214], [27.3808594, 37.0267383], [27.3788222, 37.0273156], [27.3783523, 37.027579], [27.377726, 37.0277505], [27.376865, 37.0277902], [27.3759769, 37.0277188], [27.3732242, 37.0267298], [27.3729144, 37.0264186], [27.3728508, 37.0259619], [27.3730125, 37.0256372], [27.3744108, 37.0244961], [27.374502, 37.0241637], [27.374266, 37.0237894], [27.3734372, 37.0234875], [27.3733462, 37.0232495], [27.3729039, 37.0233791], [27.3724138, 37.0233329], [27.3722597, 37.0231682], [27.3722253, 37.0226195], [27.371996, 37.0223302], [27.3714719, 37.0220508], [27.3707539, 37.0219589], [27.369948, 37.021586], [27.3693991, 37.0215064], [27.368828, 37.021976], [27.3685952, 37.0225624], [27.3685641, 37.0233928], [27.3684826, 37.0235633], [27.3679831, 37.023723], [27.367395, 37.02365], [27.3667397, 37.0240575], [27.3664124, 37.0240631], [27.365794, 37.023784], [27.3656318, 37.0232133], [27.3653979, 37.0227935], [27.3656046, 37.0227006], [27.3650628, 37.0215492], [27.3651792, 37.0211509], [27.3650679, 37.0209445], [27.3654171, 37.020235], [27.3649466, 37.0198973], [27.364172, 37.019678], [27.3639958, 37.0193295], [27.3635613, 37.0192132], [27.3631946, 37.0192284], [27.362616, 37.020211], [27.3622118, 37.0205239], [27.3619868, 37.0209856], [27.3619192, 37.0217811], [27.3611661, 37.0220766], [27.3597177, 37.0222437], [27.359567, 37.0227958], [27.3592521, 37.0228747], [27.3575197, 37.0226956], [27.3556059, 37.0221403], [27.3530691, 37.0208471], [27.3527619, 37.0207852], [27.352623, 37.0206347], [27.3521843, 37.0206782], [27.3519042, 37.0205833], [27.351882, 37.0204841], [27.3517797, 37.0205892], [27.3504257, 37.0205102], [27.3502935, 37.0206277], [27.3492104, 37.020769], [27.3481561, 37.0206036], [27.3478852, 37.0204741], [27.348049, 37.0202338], [27.3480444, 37.0200833], [27.3477162, 37.0198436], [27.3475836, 37.0199626], [27.34754, 37.0203936], [27.3471434, 37.0209691], [27.3471138, 37.0212135], [27.3485329, 37.0224046], [27.3484919, 37.0224838], [27.3469969, 37.0212542], [27.3469969, 37.0210204], [27.3472701, 37.0206551], [27.347436, 37.0202335], [27.3474303, 37.0198605], [27.3472904, 37.0197338], [27.3465289, 37.0197156], [27.346393, 37.0197995], [27.346504, 37.0199564], [27.34734, 37.0199829], [27.3472578, 37.0204331], [27.3466991, 37.020459], [27.34669, 37.0203258], [27.3465343, 37.0202885], [27.3464516, 37.0204613], [27.3459847, 37.020607], [27.3449332, 37.0205044], [27.3426196, 37.0198963], [27.340396, 37.0189806], [27.3381286, 37.0177258], [27.3353948, 37.0158237], [27.335516, 37.0154848], [27.3354611, 37.0154267], [27.3353374, 37.0155521], [27.3340441, 37.0152223], [27.333642, 37.0152797], [27.3335839, 37.0150836], [27.3337373, 37.0147959], [27.3336453, 37.0147082], [27.3333738, 37.0153584], [27.3330927, 37.0155248], [27.3326506, 37.0154752], [27.3323742, 37.0153279], [27.3304696, 37.0135858], [27.329709, 37.0126656], [27.3284445, 37.0109192], [27.3278332, 37.0097488], [27.3278412, 37.0092034], [27.3280742, 37.0088015], [27.3290702, 37.0080897], [27.3293612, 37.0080076], [27.3295433, 37.0077484], [27.3296575, 37.0071742], [27.3295691, 37.006798], [27.3296263, 37.0052223], [27.3299503, 37.0042099], [27.330488, 37.0037304], [27.3307139, 37.0037585], [27.3317896, 37.0035147], [27.331958, 37.0035685], [27.3329717, 37.0032492], [27.333657, 37.0027276], [27.333606, 37.0026463], [27.333818, 37.002297], [27.334298, 37.00191], [27.3345102, 37.0018426], [27.3345385, 37.0017447], [27.3349477, 37.001621], [27.3353929, 37.00162], [27.337135, 37.0022194], [27.3379209, 37.0026006], [27.3382783, 37.0029484], [27.3391781, 37.0030439], [27.3392983, 37.0028892], [27.3393257, 37.0025326], [27.339169, 37.0022982], [27.3392033, 37.0020288], [27.339089, 37.00174], [27.3389728, 37.001709], [27.3391383, 37.0011897], [27.3393627, 37.0009793], [27.3395431, 37.0009917], [27.3397383, 37.0007637], [27.3395816, 37.0007156], [27.3396181, 37.0005047], [27.3398755, 37.0004451], [27.3398065, 37.0002229], [27.3396062, 37.0000261], [27.3401496, 36.9999841], [27.3404615, 36.9992779], [27.3406377, 36.9981702], [27.340367, 36.998039], [27.3397663, 36.9983782], [27.3395517, 36.9983994], [27.3392431, 36.9982395], [27.3385509, 36.9975465], [27.3380611, 36.9973798], [27.336683, 36.998179], [27.3360988, 36.998995], [27.335066, 36.9998112], [27.3350411, 37.0000333], [27.334513, 37.000287], [27.333659, 37.0000961], [27.333368, 36.9999125], [27.33339, 36.9997929], [27.3332998, 36.9998703], [27.3326788, 36.9994816], [27.3326062, 36.999144], [27.3313356, 36.9997414], [27.3308377, 36.999545], [27.3299737, 36.9988971], [27.3291309, 36.9979185], [27.3292934, 36.9969783], [27.329574, 36.9964422], [27.3294281, 36.9959578], [27.3297275, 36.9953651], [27.3298721, 36.9952676], [27.3299499, 36.9950378], [27.3307375, 36.9946459], [27.3312006, 36.9945597], [27.3314233, 36.9939599], [27.3314141, 36.9932865], [27.3318484, 36.9927618], [27.332169, 36.991255], [27.332165, 36.990484], [27.332484, 36.990226], [27.33248, 36.989199], [27.332158, 36.988686], [27.331996, 36.988172], [27.331676, 36.988301], [27.331356, 36.988302], [27.331034, 36.988046], [27.3302369, 36.9880418], [27.3301764, 36.9882946], [27.330397, 36.988691], [27.3298595, 36.9890928], [27.3288506, 36.9889921], [27.3276207, 36.9883799], [27.327512, 36.988056], [27.327191, 36.987929], [27.3269459, 36.9869332], [27.326545, 36.986646], [27.326382, 36.986133], [27.3260766, 36.98599], [27.3252238, 36.9851413], [27.325096, 36.984852], [27.324293, 36.984211], [27.323011, 36.983958], [27.322368, 36.983446], [27.322047, 36.983318], [27.3217124, 36.9826143], [27.3218586, 36.9820722], [27.3212359, 36.9811983], [27.321307, 36.9804845], [27.3211866, 36.9801536], [27.3206107, 36.9797351], [27.3201042, 36.9789973], [27.3194285, 36.9782721], [27.3186154, 36.9776843], [27.317962, 36.977395], [27.3161043, 36.9773171], [27.315299, 36.977556], [27.3149735, 36.9777533], [27.3137252, 36.9787911], [27.3128723, 36.9787163], [27.3129014, 36.979212], [27.3126186, 36.9792528], [27.3122827, 36.9781859], [27.3123761, 36.9786647], [27.3120432, 36.9787615], [27.3117863, 36.978725], [27.3108634, 36.978267], [27.3102713, 36.9777636], [27.3103393, 36.9776546], [27.3102483, 36.9775638], [27.3102817, 36.9773689], [27.3099263, 36.9769031], [27.3095784, 36.9766022], [27.3086529, 36.9761479], [27.3085044, 36.9759783], [27.3078193, 36.9760686], [27.3077357, 36.9761857], [27.3064901, 36.9766034], [27.3057023, 36.9763171], [27.3050212, 36.9762376], [27.3042142, 36.9756059], [27.3043624, 36.9752798], [27.3047897, 36.9748684], [27.3048607, 36.9747239], [27.3047716, 36.9746366], [27.303823, 36.9745633], [27.3035228, 36.9744183], [27.3033201, 36.9740366], [27.3025909, 36.9737166], [27.3017628, 36.9736119], [27.3016955, 36.9735245], [27.3013294, 36.9737188], [27.3007455, 36.9733563], [27.3002943, 36.9728845], [27.2999662, 36.9719135], [27.299904, 36.9706827], [27.3003296, 36.9700009], [27.301153, 36.969215], [27.3013372, 36.9691127], [27.3028906, 36.9694901], [27.3033988, 36.9694619], [27.3047698, 36.9687591], [27.3051035, 36.9683307], [27.3053499, 36.9670707], [27.3050807, 36.9668075], [27.3049376, 36.9663244], [27.3049428, 36.965899], [27.3051538, 36.9656135], [27.3052588, 36.9651703], [27.3051248, 36.9646987], [27.305237, 36.9644769], [27.3052171, 36.9640734], [27.3065913, 36.9621131], [27.3066847, 36.9614734], [27.3062854, 36.9606314], [27.3057133, 36.9604062], [27.3054069, 36.9599194], [27.3054465, 36.9597092], [27.3056046, 36.9596352], [27.3053465, 36.9595293], [27.3051183, 36.9592681], [27.3047545, 36.9586389], [27.3038476, 36.95808], [27.3037777, 36.9575135], [27.3035753, 36.9573321], [27.3032861, 36.9571527], [27.3028116, 36.9570702], [27.3023278, 36.9571841], [27.3021227, 36.9574696], [27.3022648, 36.9581335], [27.3021942, 36.9584042], [27.3014974, 36.9590931], [27.3012638, 36.9592125], [27.2999199, 36.9593358], [27.2990266, 36.9600073], [27.2986572, 36.9601406], [27.2981334, 36.9600882], [27.2977815, 36.9602069], [27.2971712, 36.9606543], [27.2970624, 36.9610162], [27.2970199, 36.961826], [27.2968038, 36.9620438], [27.2965533, 36.961935], [27.2967793, 36.9621579], [27.2963391, 36.9630345], [27.2958118, 36.9625974], [27.2957326, 36.9626615], [27.2962965, 36.9631334], [27.295885, 36.9634453], [27.2959956, 36.9636052], [27.2958547, 36.9639141], [27.2959836, 36.9642837], [27.2958423, 36.9644353], [27.2959659, 36.9645224], [27.2960965, 36.9652552], [27.2961977, 36.9653196], [27.296199, 36.965659], [27.2955031, 36.9671761], [27.2951245, 36.9675352], [27.294926, 36.9673937], [27.294814, 36.9674578], [27.2950071, 36.9676871], [27.2940093, 36.9682036], [27.2932604, 36.9682638], [27.2929365, 36.9682615], [27.2929686, 36.968165], [27.2918072, 36.9679421], [27.2911635, 36.9673313], [27.2914907, 36.9668642], [27.29218, 36.9670592], [27.2922194, 36.9669393], [27.2913385, 36.9667532], [27.2909747, 36.9672154], [27.2900404, 36.9669378], [27.2893966, 36.9659934], [27.2888116, 36.9657604], [27.2876429, 36.9657448], [27.2871783, 36.9658907], [27.2863055, 36.9667384], [27.2859078, 36.9668289], [27.2844597, 36.9661889], [27.2836174, 36.9654275], [27.2835922, 36.9653028], [27.2837541, 36.9652147], [27.2838496, 36.9652732], [27.2839087, 36.9651634], [27.2836705, 36.9650042], [27.2848277, 36.9636269], [27.2846192, 36.9632267], [27.2845781, 36.9625885], [27.2846545, 36.9622843], [27.2857492, 36.9611958], [27.2859821, 36.9613076], [27.285803, 36.9611608], [27.2861531, 36.9609367], [27.2869628, 36.9600775], [27.2871684, 36.9601902], [27.2869911, 36.9600242], [27.287221, 36.9598646], [27.2877533, 36.9592009], [27.2877421, 36.9590463], [27.2872241, 36.9590588], [27.2871473, 36.9587367], [27.2873874, 36.9585153], [27.2871763, 36.9584429], [27.2868538, 36.9580711], [27.2865194, 36.9578807], [27.2864671, 36.9579389], [27.2863435, 36.9577847], [27.2866549, 36.9573601], [27.2865893, 36.957313], [27.2863627, 36.9574459], [27.286406, 36.9575426], [27.2862417, 36.9577419], [27.2863498, 36.9579197], [27.2862602, 36.9581934], [27.2858741, 36.9586644], [27.2855901, 36.9588743], [27.2851012, 36.9589006], [27.2847237, 36.9592704], [27.2842644, 36.9595161], [27.284202, 36.9602109], [27.2844407, 36.9609869], [27.284339, 36.961834], [27.2837859, 36.9624028], [27.2823592, 36.9629856], [27.280854, 36.9643618], [27.2800746, 36.9651703], [27.2796247, 36.9658906], [27.2793544, 36.9660732], [27.2786581, 36.966152], [27.2779988, 36.9660929], [27.2771237, 36.9658147], [27.276186, 36.964937], [27.2758488, 36.9637774], [27.275383, 36.963252], [27.2742337, 36.9626858], [27.272761, 36.9617059], [27.2716286, 36.9620332], [27.2704194, 36.9627965], [27.2653819, 36.9643573], [27.2647542, 36.9644174], [27.263903, 36.9642589], [27.2635645, 36.9645769], [27.2635416, 36.9652125], [27.2631602, 36.9663519], [27.2616288, 36.9677281], [27.2614891, 36.9681736], [27.2616674, 36.9689144], [27.2616987, 36.970428], [27.2613437, 36.9714406], [27.2613614, 36.9716254], [27.2609801, 36.9725212], [27.2606449, 36.9729135], [27.2602906, 36.9731068], [27.2600464, 36.9729952], [27.2600454, 36.9728385], [27.2599458, 36.9728301], [27.2600972, 36.9731333], [27.2595034, 36.9738186], [27.258551, 36.9742763], [27.2576943, 36.975159], [27.2569775, 36.9756173], [27.2558782, 36.9760635], [27.2550091, 36.9767775], [27.2548679, 36.9774541], [27.2555555, 36.9788151], [27.2556111, 36.9791423], [27.255473, 36.9794509], [27.2554974, 36.9803788], [27.2555618, 36.9805423], [27.2559649, 36.9805692], [27.2565429, 36.9817679], [27.2567553, 36.9818546], [27.2567544, 36.9822021], [27.2564543, 36.9822671], [27.2564009, 36.9822052], [27.2563997, 36.9823327], [27.2568731, 36.9822849], [27.2569337, 36.9824321], [27.2568421, 36.9826943], [27.2565101, 36.9827339], [27.2565689, 36.98283], [27.2568064, 36.982832], [27.2568992, 36.9830161], [27.2566257, 36.983772], [27.2567406, 36.9842582], [27.256609, 36.9846945], [27.2565208, 36.9847988], [27.2562653, 36.984823], [27.2565072, 36.984997], [27.2566548, 36.9860711], [27.2566118, 36.9862114], [27.2561441, 36.9865136], [27.2564252, 36.9865884], [27.2565774, 36.986914], [27.2563898, 36.9876584], [27.2564398, 36.9880957], [27.2562805, 36.9882035], [27.2565004, 36.9882784], [27.2566192, 36.9888494], [27.2565577, 36.9891825], [27.2570001, 36.9900647], [27.2569584, 36.9902416], [27.256741, 36.9903476], [27.2570444, 36.9906208], [27.257355, 36.991503], [27.2570751, 36.9917582], [27.2572742, 36.9917644], [27.2574465, 36.9919428], [27.2576104, 36.9923583], [27.2575225, 36.9925627], [27.2576568, 36.9925716], [27.2578477, 36.9931507], [27.2575973, 36.993205], [27.2575904, 36.9932776], [27.2578297, 36.9933526], [27.258039, 36.9938436], [27.2575921, 36.9954201], [27.2577047, 36.9960147], [27.2578336, 36.9962222], [27.2581649, 36.9964436], [27.2583206, 36.9964457], [27.2584594, 36.9969688], [27.2586464, 36.9969966], [27.2586593, 36.9974842], [27.2584216, 36.9976793], [27.2589143, 36.9976489], [27.2595571, 36.9993878], [27.2595338, 36.9995226], [27.2592232, 36.99994], [27.2569832, 36.9990398], [27.2568701, 36.9990283], [27.2567949, 36.999155], [27.2562158, 36.9989266], [27.2558816, 36.9991566], [27.2558278, 36.9992847], [27.2582341, 36.9999662], [27.2581967, 37.0000518], [27.2583962, 37.0001147], [27.2583605, 37.000192], [27.2581365, 37.0001811], [27.2583707, 37.0002489], [27.258342, 37.0003134], [27.2581095, 37.000245], [27.2580423, 37.0003491], [27.2570652, 37.0025597], [27.2569804, 37.0030105], [27.2571779, 37.0036718], [27.2571045, 37.003884], [27.255904, 37.0045883], [27.2548528, 37.0039849], [27.2545078, 37.0035435], [27.2543342, 37.0030289], [27.2543747, 37.0025358], [27.2550007, 36.9998401], [27.2551041, 36.9982559], [27.2549635, 36.9981553], [27.2548417, 36.9982395], [27.2548557, 36.999158], [27.2540564, 37.0026921], [27.2541237, 37.003338], [27.2546103, 37.0041265], [27.2549961, 37.0044366], [27.2559087, 37.0048327], [27.2558543, 37.0050608], [27.2559499, 37.0050608], [27.2560445, 37.004907], [27.256788, 37.0052357], [27.2565235, 37.0056795], [27.2562717, 37.0055887], [27.2564941, 37.0057318], [27.256055, 37.0063808], [27.2554809, 37.0061176], [27.2554048, 37.0058443], [27.2555836, 37.005481], [27.2559186, 37.0054973], [27.2557214, 37.0053842], [27.2555065, 37.0054344], [27.255262, 37.0060936], [27.2549108, 37.0059707], [27.2557729, 37.0063941], [27.2556593, 37.0070516], [27.2555804, 37.0072645], [27.2550942, 37.0077785], [27.2546303, 37.0077423], [27.2543464, 37.0076053], [27.2545511, 37.0078309], [27.2554122, 37.0078862], [27.2555989, 37.0083653], [27.2555043, 37.0089538], [27.2551236, 37.0094613], [27.2548887, 37.0095972], [27.2545429, 37.0095689], [27.254402, 37.0092537], [27.2543231, 37.0092894], [27.2544038, 37.0096258], [27.2549643, 37.0097137], [27.2553007, 37.0104981], [27.2552883, 37.0107765], [27.2551527, 37.0109775], [27.2545354, 37.0109069], [27.2551339, 37.011123], [27.2551662, 37.0119289], [27.2550489, 37.0120631], [27.2545413, 37.0120066], [27.2550277, 37.0121576], [27.2551213, 37.0126447], [27.2546282, 37.0135772], [27.2543113, 37.013599], [27.2545607, 37.0137345], [27.2540804, 37.0140033], [27.2532655, 37.0140238], [27.2532555, 37.014166], [27.2534579, 37.0141018], [27.2535454, 37.0142544], [27.2535497, 37.0145524], [27.2533723, 37.014886], [27.2531337, 37.014747], [27.2529646, 37.0149411], [27.2531482, 37.01504], [27.2527637, 37.0153307], [27.2524807, 37.0153209], [27.2523199, 37.0151922], [27.2521129, 37.0149621], [27.2521046, 37.0145929], [27.2518869, 37.0146061], [27.2520895, 37.0152064], [27.2526809, 37.0155077], [27.2527113, 37.0162119], [27.2530359, 37.0170468], [27.2530272, 37.0179469], [27.2529217, 37.0184287], [27.2525775, 37.0187491], [27.2519725, 37.0185068], [27.2520419, 37.0188484], [27.2519794, 37.0190593], [27.2518282, 37.0193086], [27.2515909, 37.0194426], [27.2513334, 37.0194682], [27.2512039, 37.0192587], [27.2510752, 37.0191904], [27.2512121, 37.0195405], [27.2511307, 37.0199791], [27.2509364, 37.0202117], [27.2507272, 37.0202248], [27.2508374, 37.0202972], [27.2507677, 37.0204723], [27.2508222, 37.0208795], [27.2505256, 37.0211909], [27.2501084, 37.0211431], [27.2502585, 37.0214903], [27.2502168, 37.0215642], [27.2499841, 37.0215462], [27.2501823, 37.0216614], [27.2502661, 37.0225703], [27.2501922, 37.0226818], [27.249931, 37.0226141], [27.2500306, 37.0226829], [27.2498166, 37.0230703], [27.249005, 37.024086], [27.248757, 37.0245666], [27.2488668, 37.0249127], [27.2482135, 37.0249078], [27.2482452, 37.0250342], [27.248862, 37.0249773], [27.2489992, 37.0254358], [27.2488387, 37.0266595], [27.2488564, 37.0276744], [27.2483624, 37.027636], [27.2488691, 37.0277197], [27.2489701, 37.0286733], [27.2484949, 37.0285848], [27.2482794, 37.028353], [27.2482682, 37.0285992], [27.2489666, 37.0287433], [27.2493031, 37.0303156], [27.2493593, 37.0310923], [27.2492028, 37.0317545], [27.2489221, 37.0323027], [27.2485692, 37.0322331], [27.2485112, 37.0323151], [27.2488501, 37.0324538], [27.2481902, 37.0331175], [27.2476987, 37.0333869], [27.2474168, 37.0329814], [27.2474715, 37.0328005], [27.2473315, 37.0328173], [27.247375, 37.0330013], [27.2476688, 37.0334053], [27.2470497, 37.0336262], [27.2469606, 37.0334853], [27.2462987, 37.033667], [27.2457918, 37.0334976], [27.2443654, 37.033525], [27.2437974, 37.0339471], [27.2436794, 37.0344253], [27.2434708, 37.0346929], [27.2423871, 37.0353517], [27.2420865, 37.0351641], [27.2417874, 37.0353495], [27.2412374, 37.0354872], [27.2401078, 37.0355048], [27.2399159, 37.0354275], [27.239844, 37.0351311], [27.2399297, 37.0349292], [27.239686, 37.0345457], [27.2389768, 37.0344037], [27.2385879, 37.0344456], [27.2381859, 37.034715], [27.238004, 37.0346736], [27.2379205, 37.0348137], [27.2374889, 37.0347211], [27.2366259, 37.0351194], [27.2358505, 37.03524], [27.2357597, 37.0354707], [27.2358525, 37.0357805], [27.2360749, 37.0359335], [27.2359456, 37.0362524], [27.2356705, 37.0365375], [27.234747, 37.0364811], [27.2338316, 37.0366428], [27.2333017, 37.0370976], [27.2325762, 37.0380824], [27.2325447, 37.0385665], [27.2326535, 37.0390805], [27.2328119, 37.0391539], [27.2328084, 37.0394278], [27.2321867, 37.0399799], [27.2306109, 37.0398222], [27.23009, 37.0401186], [27.2301576, 37.0413541], [27.2307077, 37.0417829], [27.2310012, 37.041746], [27.2311415, 37.0418422], [27.2311921, 37.0421724], [27.2314445, 37.0424998], [27.2313822, 37.0426454], [27.2310364, 37.0428462], [27.2304935, 37.0429676], [27.2305987, 37.0441411], [27.2308769, 37.0449098], [27.2317232, 37.0453541], [27.2325169, 37.0454647], [27.2333972, 37.0453858], [27.2336722, 37.0456565], [27.2330952, 37.0464444], [27.2324326, 37.0469592], [27.2323387, 37.0479624], [27.2324332, 37.048042], [27.2327363, 37.0479508], [27.2328146, 37.0480177], [27.233255, 37.0479786], [27.2332463, 37.0480637], [27.2333289, 37.0479942], [27.2336606, 37.0481999], [27.23369, 37.0480628], [27.2338422, 37.0480559], [27.2338802, 37.0481756], [27.2342685, 37.0484534], [27.2342119, 37.0491138], [27.234354, 37.0493078], [27.2351051, 37.0493645], [27.2352745, 37.0492781], [27.2357877, 37.0492713], [27.2359864, 37.0493561], [27.2367756, 37.0504771], [27.2370109, 37.0512338], [27.2368125, 37.05195], [27.2361885, 37.0528336], [27.235688, 37.053338], [27.2348833, 37.0536932], [27.2352985, 37.054106], [27.2355133, 37.0544646], [27.2350975, 37.0554066], [27.2346765, 37.0558202], [27.2345569, 37.0558297], [27.2343286, 37.0562193], [27.2343088, 37.0563055], [27.2344275, 37.0563139], [27.2343133, 37.0568841], [27.232126, 37.0581496], [27.2316672, 37.0580767], [27.231261, 37.0577937], [27.2315547, 37.0571274]]]}}, {"type": "Feature", "properties": {}, "geometry": {"type": "Polygon", "coordinates": [[[27.4896102, 37.0968172], [27.4888773, 37.0966941], [27.4885316, 37.0968221], [27.4878207, 37.0968279], [27.4873001, 37.0970349], [27.4872934, 37.0971932], [27.4877667, 37.0977329], [27.4884477, 37.0977237], [27.4889958, 37.097313], [27.489387, 37.0972432], [27.4896102, 37.0968172]]]}}, {"type": "Feature", "properties": {}, "geometry": {"type": "Polygon", "coordinates": [[[27.4693636, 37.1183654], [27.468947, 37.1190298], [27.4688886, 37.1195348], [27.4690553, 37.1198538], [27.4693553, 37.120073], [27.4704469, 37.1205448], [27.4719886, 37.1214551], [27.4722552, 37.1217275], [27.4722969, 37.1221926], [27.4721388, 37.1227473], [27.472127, 37.1232077], [27.4725572, 37.1234567], [27.4732141, 37.1236502], [27.4744974, 37.1239027], [27.4747973, 37.123823], [27.4750307, 37.1236369], [27.4751723, 37.1233246], [27.4752607, 37.1226132], [27.475224, 37.1221623], [27.4748302, 37.1211162], [27.4744218, 37.1205847], [27.4736552, 37.1199933], [27.4731635, 37.1192358], [27.4725219, 37.1186245], [27.4719136, 37.1183919], [27.4698636, 37.1183055], [27.469497, 37.1184318], [27.4693636, 37.1183654]]]}}, {"type": "Feature", "properties": {}, "geometry": {"type": "Polygon", "coordinates": [[[27.5323877, 37.1242601], [27.5321126, 37.1242564], [27.5320178, 37.1243983], [27.5320386, 37.1246674], [27.5317149, 37.1251412], [27.5320432, 37.1252555], [27.5324987, 37.1250711], [27.5326305, 37.124791], [27.5326189, 37.1245587], [27.5323877, 37.1242601]]]}}, {"type": "Feature", "properties": {}, "geometry": {"type": "Polygon", "coordinates": [[[27.4769801, 37.1273352], [27.4775051, 37.1282654], [27.4780384, 37.12885], [27.4789801, 37.1295476], [27.48083, 37.1305442], [27.4813383, 37.1306638], [27.4815717, 37.1305243], [27.4818133, 37.1299928], [27.4818883, 37.129448], [27.4818133, 37.1291689], [27.4819133, 37.1284381], [27.4818633, 37.1280794], [27.48168, 37.1277804], [27.4808717, 37.1271758], [27.4804133, 37.1263652], [27.4805717, 37.1260264], [27.4805463, 37.1257528], [27.4804117, 37.1251923], [27.4802134, 37.1249699], [27.4798634, 37.1249567], [27.4788301, 37.1253287], [27.4777551, 37.125455], [27.4771218, 37.1256476], [27.4768551, 37.1258935], [27.4767551, 37.1263253], [27.4767968, 37.126817], [27.4769801, 37.1273352]]]}}, {"type": "Feature", "properties": {}, "geometry": {"type": "Polygon", "coordinates": [[[27.2979776, 37.1286071], [27.2983288, 37.1282582], [27.2977599, 37.1278514], [27.2970208, 37.1276399], [27.2970391, 37.1277904], [27.2973224, 37.1281132], [27.2976723, 37.1283002], [27.2978271, 37.1285617], [27.2979776, 37.1286071]]]}}, {"type": "Feature", "properties": {}, "geometry": {"type": "Polygon", "coordinates": [[[27.3098981, 37.1321037], [27.309595, 37.1320332], [27.3094207, 37.1322278], [27.3095065, 37.1322941], [27.3098177, 37.1322534], [27.3098981, 37.1321037]]]}}, {"type": "Feature", "properties": {}, "geometry": {"type": "Polygon", "coordinates": [[[27.2846069, 37.1337881], [27.2846986, 37.1335289], [27.2846236, 37.1332964], [27.2844861, 37.133313], [27.2843319, 37.133509], [27.2846069, 37.1337881]]]}}, {"type": "Feature", "properties": {}, "geometry": {"type": "Polygon", "coordinates": [[[27.385533, 37.1354418], [27.3853243, 37.1345225], [27.3849336, 37.1342752], [27.3846569, 37.1341938], [27.384169, 37.1342698], [27.383884, 37.1346115], [27.3839613, 37.1349041], [27.3846446, 37.1355906], [27.3850723, 37.1356533], [27.3853933, 37.1355526], [27.385533, 37.1354418]]]}}, {"type": "Feature", "properties": {}, "geometry": {"type": "Polygon", "coordinates": [[[27.387845, 37.1401936], [27.3877533, 37.1403132], [27.38797, 37.1403597], [27.3882284, 37.14028], [27.3889702, 37.1396953], [27.3894786, 37.1397019], [27.3899036, 37.140187], [27.3901037, 37.1402534], [27.3903454, 37.140187], [27.3902954, 37.1400341], [27.3905538, 37.139868], [27.3910788, 37.1400341], [27.391804, 37.1399943], [27.3920707, 37.1398016], [27.3929458, 37.1396887], [27.3941043, 37.1398813], [27.3944127, 37.1395691], [27.3947044, 37.1395491], [27.394421, 37.1394162], [27.3942877, 37.1392036], [27.3931375, 37.1386655], [27.3926791, 37.1382336], [27.3902704, 37.1375226], [27.3897203, 37.1370044], [27.3895536, 37.137011], [27.3888285, 37.1366389], [27.387695, 37.1367253], [27.3872866, 37.1366522], [27.3855529, 37.1370974], [27.3853853, 37.1375255], [27.385656, 37.1380573], [27.3856446, 37.1389977], [27.3858863, 37.1394096], [27.3862197, 37.1397485], [27.3864531, 37.1398215], [27.3872115, 37.1394827], [27.3875116, 37.1394893], [27.3877616, 37.1396953], [27.387845, 37.1401936]]]}}, {"type": "Feature", "properties": {}, "geometry": {"type": "Polygon", "coordinates": [[[27.2795508, 37.141836], [27.279097, 37.1422728], [27.278453, 37.1424824], [27.278454, 37.1427394], [27.2791401, 37.1431158], [27.279752, 37.1431713], [27.2802443, 37.1430133], [27.2802524, 37.1428138], [27.280133, 37.1426209], [27.2796578, 37.1422899], [27.2798259, 37.1420978], [27.2796792, 37.1420612], [27.2797221, 37.1418121], [27.2796322, 37.1415835], [27.279508, 37.1415903], [27.2795508, 37.141836]]]}}, {"type": "Feature", "properties": {}, "geometry": {"type": "Polygon", "coordinates": [[[27.5235853, 37.161032], [27.5249366, 37.1622785], [27.5253396, 37.1624143], [27.5259391, 37.1624535], [27.526959, 37.162804], [27.52728, 37.162803], [27.5283523, 37.1624162], [27.5292347, 37.1617616], [27.5296246, 37.1617564], [27.5296082, 37.1618426], [27.5298342, 37.1618791], [27.5298604, 37.1618035], [27.5308295, 37.1619904], [27.5310511, 37.162361], [27.5309788, 37.1625099], [27.5306207, 37.1627545], [27.5303561, 37.163236], [27.5305044, 37.1633098], [27.5304673, 37.1635572], [27.5301245, 37.1638747], [27.5302079, 37.1640593], [27.5308131, 37.1641584], [27.5310255, 37.1648939], [27.5314032, 37.1650783], [27.5325707, 37.1652629], [27.5332888, 37.1648716], [27.5330988, 37.1642808], [27.5332606, 37.1640005], [27.5339976, 37.1636274], [27.5349752, 37.1635129], [27.5350588, 37.1634285], [27.5350122, 37.1632877], [27.5348825, 37.1632397], [27.5348269, 37.1629074], [27.5348937, 37.1628148], [27.5347474, 37.1627809], [27.5348195, 37.1625608], [27.535301, 37.162253], [27.5359805, 37.1619918], [27.5361333, 37.1620213], [27.5365511, 37.1615718], [27.5366463, 37.1613037], [27.5362168, 37.1611167], [27.5349955, 37.1610022], [27.5339173, 37.1613233], [27.5332286, 37.1617665], [27.5330479, 37.1617776], [27.5327375, 37.1616152], [27.5324966, 37.1613309], [27.5325609, 37.1611994], [27.5324055, 37.1609638], [27.533358, 37.1599347], [27.5335423, 37.1599787], [27.5336718, 37.1597399], [27.5335436, 37.1596805], [27.533516, 37.1594458], [27.5342916, 37.1576874], [27.5342525, 37.1571535], [27.5340129, 37.1565799], [27.533678, 37.1563205], [27.5336293, 37.1561521], [27.5337243, 37.1559549], [27.5338857, 37.1544562], [27.5340614, 37.1539078], [27.5349443, 37.1528005], [27.5350956, 37.1523363], [27.5350862, 37.1517459], [27.534903, 37.151208], [27.5345489, 37.1510069], [27.5338096, 37.1508366], [27.5328214, 37.1509568], [27.5316348, 37.1513171], [27.5314137, 37.1513237], [27.5308704, 37.1509663], [27.5307027, 37.1506933], [27.5306805, 37.1504456], [27.5308469, 37.1502098], [27.5309816, 37.1494781], [27.5312271, 37.1493267], [27.531292, 37.1490609], [27.5317071, 37.1488615], [27.5320586, 37.1488169], [27.5322001, 37.148097], [27.5323353, 37.1481001], [27.5322501, 37.1478235], [27.5315607, 37.1474102], [27.5310094, 37.1473437], [27.5308307, 37.1471146], [27.5307777, 37.1467307], [27.5306156, 37.1464308], [27.5309759, 37.1460025], [27.5310944, 37.1454513], [27.531106, 37.1448725], [27.5308906, 37.1444482], [27.5303787, 37.1440859], [27.5295673, 37.1437521], [27.5296, 37.1436785], [27.5291824, 37.1435871], [27.5291465, 37.1436711], [27.5286396, 37.1436837], [27.5285955, 37.1434313], [27.5289145, 37.1427487], [27.5290063, 37.1423256], [27.5289766, 37.1419885], [27.5285243, 37.141465], [27.5276531, 37.1410642], [27.5269829, 37.1409016], [27.5263507, 37.1408749], [27.5244012, 37.1412485], [27.5238957, 37.1414273], [27.5233912, 37.1417772], [27.5219203, 37.141644], [27.521358, 37.141763], [27.5207672, 37.1420488], [27.5202856, 37.1425006], [27.5201778, 37.1427516], [27.5205375, 37.1435493], [27.5204855, 37.1437123], [27.51929, 37.14447], [27.518333, 37.145245], [27.5181595, 37.1455036], [27.517619, 37.1481462], [27.5177304, 37.1485196], [27.518094, 37.1491254], [27.5181136, 37.1492925], [27.5179319, 37.1494876], [27.51813, 37.1494857], [27.5180921, 37.1497404], [27.5177882, 37.150433], [27.5170047, 37.150726], [27.5162056, 37.1502933], [27.5156151, 37.1501239], [27.5152351, 37.1501275], [27.5148103, 37.1502961], [27.5144396, 37.1502534], [27.5143411, 37.1499727], [27.5140596, 37.1496737], [27.5134175, 37.1494962], [27.5133996, 37.1492559], [27.5127886, 37.1485379], [27.5127558, 37.1480496], [27.5126433, 37.1480757], [27.5123692, 37.1477806], [27.51099, 37.1475378], [27.5100957, 37.1479321], [27.5093717, 37.1481018], [27.5082546, 37.1489531], [27.5080777, 37.1489296], [27.5078804, 37.1483667], [27.5069409, 37.1478929], [27.5070982, 37.1464097], [27.5069717, 37.1461711], [27.5065453, 37.145889], [27.5054077, 37.1457139], [27.5052996, 37.1456075], [27.5056853, 37.1451528], [27.505814, 37.144785], [27.505741, 37.1446939], [27.5048525, 37.1446689], [27.5041969, 37.1445144], [27.503275, 37.1445255], [27.5031108, 37.1442645], [27.50318, 37.1441396], [27.5032611, 37.144315], [27.5034232, 37.144278], [27.5032734, 37.1439928], [27.5036224, 37.1435542], [27.5026954, 37.1426583], [27.5020658, 37.1428341], [27.5019386, 37.142794], [27.5017246, 37.141483], [27.5014179, 37.1409958], [27.501039, 37.1408366], [27.5006068, 37.1407845], [27.4993231, 37.1410429], [27.4969157, 37.1411922], [27.4963117, 37.1414639], [27.4957557, 37.141523], [27.4951903, 37.1417163], [27.4945419, 37.1422469], [27.4943262, 37.1422505], [27.4936165, 37.1418146], [27.4931593, 37.1411108], [27.492471, 37.1407564], [27.4916379, 37.1407803], [27.490068, 37.141512], [27.4899155, 37.1421343], [27.4904425, 37.143288], [27.4923669, 37.1450114], [27.4931748, 37.1459827], [27.4940299, 37.1464373], [27.4947332, 37.1465551], [27.4948662, 37.147081], [27.4948505, 37.1475366], [27.4949589, 37.1477605], [27.4947979, 37.1480728], [27.4952554, 37.1488831], [27.4953249, 37.1492782], [27.4956492, 37.149965], [27.4964668, 37.1510649], [27.4971652, 37.1515453], [27.497785, 37.1518151], [27.4978267, 37.1519443], [27.4960476, 37.152524], [27.4943288, 37.1544405], [27.4942847, 37.1555945], [27.4943566, 37.1563716], [27.494501, 37.156907], [27.4948975, 37.1571918], [27.4978974, 37.1583235], [27.4992119, 37.1584615], [27.500608, 37.158294], [27.5026588, 37.1572061], [27.5031036, 37.1567113], [27.5033296, 37.1562991], [27.5038693, 37.1557772], [27.5043174, 37.1550091], [27.5041712, 37.1541629], [27.5047037, 37.1534452], [27.5062954, 37.1530951], [27.50667, 37.152874], [27.5070045, 37.1524945], [27.5072269, 37.1525536], [27.5086876, 37.1549825], [27.5096406, 37.1560365], [27.511185, 37.1571211], [27.5133942, 37.1578845], [27.5133744, 37.1581258], [27.51377, 37.158624], [27.5143852, 37.1589115], [27.5150755, 37.1590842], [27.515699, 37.159], [27.5164416, 37.1586804], [27.5170177, 37.1582245], [27.5172525, 37.1582178], [27.5174841, 37.1594662], [27.5178818, 37.1598609], [27.5183225, 37.1601299], [27.5184961, 37.1604014], [27.5185229, 37.1611501], [27.5186566, 37.1615632], [27.5194135, 37.1623825], [27.5201089, 37.1626658], [27.5207762, 37.1627615], [27.5215108, 37.1627104], [27.5220568, 37.162533], [27.522621, 37.162182], [27.5229291, 37.1618243], [27.5232479, 37.1610402], [27.5235853, 37.161032]]]}}, {"type": "Feature", "properties": {}, "geometry": {"type": "Polygon", "coordinates": [[[27.38456, 37.15526], [27.384399, 37.155132], [27.384078, 37.155133], [27.3836572, 37.1556106], [27.3835977, 37.1563569], [27.383765, 37.156547], [27.3842254, 37.1565105], [27.3846211, 37.1560469], [27.3846917, 37.1556224], [27.38456, 37.15526]]]}}, {"type": "Feature", "properties": {}, "geometry": {"type": "Polygon", "coordinates": [[[27.5391411, 37.167516], [27.5396518, 37.1674634], [27.5398221, 37.1673056], [27.5390195, 37.167026], [27.5388909, 37.1670897], [27.5387832, 37.1673942], [27.5385087, 37.1674274], [27.5383628, 37.1675714], [27.5381822, 37.1675548], [27.5382447, 37.1676323], [27.538547, 37.1675825], [27.5388214, 37.1677098], [27.5388492, 37.1676406], [27.5390959, 37.1676766], [27.5391411, 37.167516]]]}}, {"type": "Feature", "properties": {}, "geometry": {"type": "Polygon", "coordinates": [[[27.3670297, 37.1734452], [27.3686913, 37.1728971], [27.3690129, 37.1725768], [27.3692898, 37.1719717], [27.3697275, 37.1704199], [27.3699598, 37.1700569], [27.3718447, 37.1687756], [27.3732561, 37.1682702], [27.3763202, 37.1673946], [27.3769277, 37.1671027], [27.3775619, 37.1670173], [27.3778835, 37.1668465], [27.3782676, 37.1665048], [27.3786696, 37.1658783], [27.3789734, 37.1649173], [27.3789734, 37.1641911], [27.3783659, 37.1635006], [27.3775887, 37.1628599], [27.3769187, 37.1626534], [27.3761326, 37.1627318], [27.3748552, 37.1619771], [27.374212, 37.1618775], [27.3736492, 37.1619344], [27.3704243, 37.1615785], [27.3697454, 37.1617137], [27.368861, 37.1620626], [27.3677444, 37.1630948], [27.3671905, 37.1637782], [27.3666545, 37.1652234], [27.36619, 37.1670956], [27.3657255, 37.1675797], [27.3655111, 37.1681207], [27.3650465, 37.1685051], [27.3645964, 37.1692551], [27.364369, 37.1700654], [27.3639648, 37.1706896], [27.3637121, 37.1714496], [27.3626888, 37.1730905], [27.3619462, 37.1739793], [27.3613939, 37.1744293], [27.361704, 37.1746], [27.3622325, 37.1745103], [27.363117, 37.1745769], [27.3645999, 37.174157], [27.3653592, 37.1736801], [27.3657791, 37.1735306], [27.3670297, 37.1734452]]]}}, {"type": "Feature", "properties": {}, "geometry": {"type": "Polygon", "coordinates": [[[27.3559793, 37.1766641], [27.3567026, 37.1762397], [27.3577575, 37.1761093], [27.358501, 37.176151], [27.359142, 37.175892], [27.3594262, 37.1753377], [27.3594105, 37.1750352], [27.3598073, 37.1745843], [27.3597252, 37.1743136], [27.3586392, 37.1739306], [27.3580082, 37.1739668], [27.3576383, 37.1741226], [27.3569967, 37.1740564], [27.3565889, 37.1739433], [27.3555203, 37.1731076], [27.354498, 37.172837], [27.3542408, 37.1729046], [27.3538841, 37.1744559], [27.3545665, 37.174869], [27.354619, 37.1751793], [27.3544405, 37.1760724], [27.3548155, 37.1764947], [27.3556393, 37.1767293], [27.3559793, 37.1766641]]]}}, {"type": "Feature", "properties": {}, "geometry": {"type": "Polygon", "coordinates": [[[27.5209317, 37.1962472], [27.5203094, 37.1968689], [27.520453, 37.197001], [27.5209612, 37.1971232], [27.5216424, 37.1968668], [27.5221843, 37.1964907], [27.522364, 37.1961745], [27.5211784, 37.1961724], [27.5209317, 37.1962472]]]}}, {"type": "Feature", "properties": {}, "geometry": {"type": "Polygon", "coordinates": [[[27.551147, 37.200587], [27.551149, 37.200844], [27.5503661, 37.2014419], [27.5503317, 37.2016881], [27.550479, 37.2018406], [27.5501551, 37.2021103], [27.5505967, 37.2021728], [27.5508912, 37.2013363], [27.5513917, 37.2009415], [27.5516224, 37.1998666], [27.5517549, 37.1996321], [27.5516027, 37.1993389], [27.5516273, 37.1991865], [27.5517107, 37.1989246], [27.5519904, 37.1987213], [27.5515488, 37.1986158], [27.5510286, 37.1987956], [27.5509795, 37.1992177], [27.551166, 37.1996008], [27.551009, 37.1998979], [27.5509893, 37.2002301], [27.551147, 37.200587]]]}}, {"type": "Feature", "properties": {}, "geometry": {"type": "Polygon", "coordinates": [[[27.5390172, 37.248408], [27.5391989, 37.2483541], [27.5393521, 37.2481046], [27.5391882, 37.2476508], [27.5388533, 37.2474238], [27.5385754, 37.2475713], [27.5385255, 37.2479202], [27.5390172, 37.248408]]]}}, {"type": "Feature", "properties": {}, "geometry": {"type": "Polygon", "coordinates": [[[27.5594164, 37.2456409], [27.5586116, 37.2456331], [27.5570755, 37.2463793], [27.5561186, 37.2471098], [27.5556426, 37.2479965], [27.554931, 37.2487036], [27.552335, 37.2491489], [27.5519474, 37.249602], [27.55084125933683, 37.25], [27.5550653892243, 37.25], [27.5564818, 37.248645], [27.5581552, 37.2477621], [27.5597893, 37.247016], [27.5613891, 37.2465238], [27.5621252, 37.2464574], [27.5633815, 37.2460355], [27.5638919, 37.2456448], [27.5636269, 37.2450628], [27.5632588, 37.2446174], [27.5626748, 37.2444182], [27.5620369, 37.2445315], [27.5614627, 37.2447581], [27.5602555, 37.2454534], [27.5594164, 37.2456409]]]}}, {"type": "Feature", "properties": {}, "geometry": {"type": "Polygon", "coordinates": [[[27.772723081135428, 36.6], [27.773564, 36.60036], [27.773882, 36.600358], [27.7742, 36.600228], [27.774361, 36.600484], [27.7742947, 36.6010362], [27.774053, 36.601514], [27.7736795, 36.6019556], [27.7736317, 36.6021586], [27.7737058, 36.6024679], [27.7738896, 36.6026262], [27.7738337, 36.6027838], [27.7739087, 36.6030664], [27.7738474, 36.6032701], [27.7737118, 36.6033431], [27.7711915, 36.6037336], [27.770815, 36.6036127], [27.7701091, 36.6035934], [27.769898, 36.6037885], [27.7693806, 36.6036971], [27.7684078, 36.6038191], [27.7675206, 36.603741], [27.7672259, 36.6034115], [27.7664878, 36.6031602], [27.7656922, 36.6025676], [27.765293, 36.6036671], [27.765314, 36.603882], [27.7655757, 36.6040093], [27.7658588, 36.6039902], [27.766065, 36.6037049], [27.7668865, 36.6038148], [27.7672198, 36.6040518], [27.7672257, 36.604584], [27.7670232, 36.6047128], [27.7672659, 36.6054229], [27.7681657, 36.6070028], [27.7681824, 36.6076997], [27.7683181, 36.6078208], [27.7681849, 36.6080215], [27.7683208, 36.6081918], [27.7681666, 36.6084529], [27.768232, 36.609002], [27.7683538, 36.6091678], [27.768874, 36.609383], [27.7694649, 36.6099779], [27.769841, 36.610533], [27.7702596, 36.6107123], [27.7711807, 36.6104939], [27.7712103, 36.6106725], [27.771438, 36.610908], [27.7719931, 36.6112566], [27.7728004, 36.6115664], [27.7730504, 36.6114727], [27.7731376, 36.6112653], [27.7730689, 36.6109988], [27.7732855, 36.6104717], [27.7731673, 36.6100745], [27.7733747, 36.6097263], [27.7733755, 36.6092203], [27.7735873, 36.6089757], [27.7746455, 36.6084581], [27.7746991, 36.6082376], [27.7756073, 36.6078259], [27.7753035, 36.6074858], [27.7751851, 36.6063875], [27.7747234, 36.6055327], [27.77466, 36.6051658], [27.7746711, 36.6043589], [27.7750071, 36.6038953], [27.7757558, 36.6036388], [27.7761948, 36.6037809], [27.7769806, 36.6037407], [27.7775786, 36.6039225], [27.7786189, 36.6045007], [27.7793863, 36.6047693], [27.7794343, 36.6054611], [27.7795593, 36.6055229], [27.7794334, 36.6056355], [27.7794978, 36.6057212], [27.7797322, 36.6058183], [27.7803977, 36.6057308], [27.780785, 36.60558], [27.7809984, 36.605321], [27.7808453, 36.6045368], [27.7813034, 36.6035408], [27.7813071, 36.6033481], [27.7811567, 36.6031455], [27.7810423, 36.6022383], [27.7817002, 36.6019681], [27.7821152, 36.602228], [27.7824575, 36.6023028], [27.7842269, 36.602], [27.7843255, 36.6020903], [27.7843015, 36.6025598], [27.7849349, 36.6025868], [27.7851015, 36.6026865], [27.7853605, 36.6029364], [27.785622, 36.6036935], [27.7855818, 36.6038377], [27.7852798, 36.6040879], [27.7843158, 36.6045986], [27.7839963, 36.6049935], [27.7840545, 36.6054754], [27.7847347, 36.6059607], [27.7836706, 36.606839], [27.7837958, 36.6069952], [27.7843136, 36.6072126], [27.7844866, 36.6074068], [27.7844775, 36.6075118], [27.783679, 36.608131], [27.7836332, 36.6083832], [27.7838349, 36.6090993], [27.7841359, 36.6092623], [27.784176, 36.609926], [27.7854653, 36.6104613], [27.786094, 36.610555], [27.7867351, 36.6104194], [27.787352, 36.6107063], [27.7879632, 36.6107142], [27.788641, 36.610281], [27.789751, 36.6100838], [27.7906593, 36.6095783], [27.7915128, 36.6097941], [27.7921467, 36.6095801], [27.7925672, 36.609835], [27.7927849, 36.6101183], [27.7928446, 36.6102297], [27.7926933, 36.6105537], [27.7927404, 36.610682], [27.7925607, 36.6109111], [27.7923961, 36.6109364], [27.791998, 36.611416], [27.7914382, 36.6117797], [27.7912918, 36.6120605], [27.7914573, 36.6125097], [27.7917206, 36.6126585], [27.7932411, 36.6130158], [27.7941717, 36.6126202], [27.7957605, 36.6122974], [27.7961139, 36.6120666], [27.7962622, 36.6121242], [27.796626, 36.612027], [27.7968986, 36.6124612], [27.7972263, 36.6123767], [27.7979029, 36.6130075], [27.7979439, 36.6136983], [27.7977263, 36.613811], [27.797603, 36.614075], [27.797128, 36.614464], [27.7970275, 36.6146996], [27.797134, 36.614978], [27.796675, 36.6155724], [27.796507, 36.61601], [27.796512, 36.616524], [27.7961898, 36.6169134], [27.7975042, 36.6171261], [27.797795, 36.617286], [27.7978168, 36.6174996], [27.7979934, 36.6175675], [27.7978501, 36.6179646], [27.7980986, 36.6183238], [27.7980198, 36.6184543], [27.7982786, 36.6186083], [27.7981608, 36.6188647], [27.7982507, 36.61892], [27.7984314, 36.6188103], [27.7986805, 36.6189552], [27.798932, 36.619334], [27.7992226, 36.6193504], [27.7992889, 36.619534], [27.799555, 36.6194583], [27.799657, 36.6195624], [27.7993802, 36.6199707], [27.7988711, 36.6203992], [27.7980832, 36.6208733], [27.7981046, 36.6211354], [27.7985649, 36.621259], [27.7988581, 36.6211648], [27.7993252, 36.6212867], [27.7994256, 36.621853], [27.7991391, 36.6221924], [27.7993242, 36.62262], [27.7989702, 36.6231329], [27.798384, 36.6235761], [27.7981471, 36.6235029], [27.7981005, 36.6235785], [27.7975824, 36.6235633], [27.796742, 36.62333], [27.7962019, 36.6233829], [27.7956914, 36.6232077], [27.7953161, 36.6228659], [27.794787, 36.6228422], [27.7945145, 36.6226139], [27.7944137, 36.6226718], [27.7943038, 36.6225001], [27.7941808, 36.6225789], [27.7935785, 36.6225181], [27.7933116, 36.6225638], [27.7932793, 36.6226503], [27.7930023, 36.622573], [27.7929233, 36.6226713], [27.7930195, 36.622695], [27.7927178, 36.6227123], [27.7924713, 36.6229781], [27.791959, 36.623105], [27.7916895, 36.6232807], [27.7913368, 36.6231949], [27.7913408, 36.6233239], [27.7912386, 36.6233929], [27.791647, 36.62375], [27.791967, 36.623876], [27.7923274, 36.6243088], [27.7930913, 36.6245755], [27.793185, 36.6247793], [27.7931045, 36.6249939], [27.7931646, 36.6250574], [27.7933117, 36.6249111], [27.793412, 36.625023], [27.7936586, 36.6257974], [27.7933854, 36.6260845], [27.7933127, 36.6265014], [27.7942059, 36.626872], [27.7948331, 36.627508], [27.7949982, 36.6279126], [27.7955309, 36.6279201], [27.795836, 36.628218], [27.7961674, 36.6282679], [27.7965515, 36.6290937], [27.797122, 36.629237], [27.797652, 36.6297427], [27.798111, 36.6297392], [27.7983342, 36.6301238], [27.798851, 36.6302923], [27.799513, 36.6302136], [27.800623, 36.6306977], [27.8008709, 36.6306445], [27.8009783, 36.6303377], [27.800808, 36.6296996], [27.8003057, 36.6288617], [27.800388, 36.6286188], [27.8006088, 36.6285075], [27.80126, 36.628695], [27.8015096, 36.6288591], [27.8016764, 36.6287262], [27.8018466, 36.6289558], [27.8030202, 36.6294726], [27.8030868, 36.6293856], [27.803614, 36.6294306], [27.8036451, 36.6296816], [27.8040178, 36.6300871], [27.804577, 36.6311017], [27.805433, 36.631493], [27.805752, 36.631491], [27.8059354, 36.631589], [27.8068519, 36.6314625], [27.8073625, 36.6315702], [27.807664, 36.631478], [27.8080152, 36.6315647], [27.8081339, 36.6317025], [27.8083652, 36.6313292], [27.8085914, 36.6312112], [27.8088807, 36.6315125], [27.8094524, 36.6316085], [27.8101334, 36.631549], [27.8104879, 36.6316482], [27.8108706, 36.6315943], [27.8112424, 36.6312087], [27.8116749, 36.6310147], [27.8134608, 36.6310907], [27.8137082, 36.6316069], [27.8134681, 36.6322066], [27.8135474, 36.6323204], [27.81421, 36.63259], [27.8143145, 36.6332473], [27.8142502, 36.633419], [27.814061, 36.63349], [27.8140208, 36.6335979], [27.8131585, 36.6338439], [27.8131098, 36.6339361], [27.8134645, 36.6342763], [27.8134507, 36.6346969], [27.8133194, 36.6348306], [27.8124117, 36.6350607], [27.8120948, 36.6357183], [27.812176, 36.636201], [27.8128641, 36.6364139], [27.8134185, 36.6363834], [27.8140129, 36.6366579], [27.8143914, 36.6366115], [27.8146611, 36.6364028], [27.8151507, 36.6363205], [27.8151598, 36.6364522], [27.8154921, 36.6365058], [27.8154386, 36.6366722], [27.8156965, 36.6367], [27.8157114, 36.6368954], [27.816171, 36.637201], [27.8163059, 36.6374075], [27.816493, 36.637456], [27.8165604, 36.6375948], [27.8164509, 36.638198], [27.8167363, 36.6387722], [27.8171462, 36.6390571], [27.8175847, 36.6395849], [27.818591, 36.639882], [27.8186482, 36.6400078], [27.8187974, 36.6399316], [27.8191303, 36.6400438], [27.8194756, 36.6403434], [27.8197392, 36.640313], [27.820933, 36.6406108], [27.8213098, 36.6408606], [27.8231757, 36.6415858], [27.8234789, 36.6415409], [27.8234875, 36.6413626], [27.8237281, 36.6412212], [27.8239276, 36.6414424], [27.8247033, 36.64171], [27.825397, 36.6423498], [27.8256204, 36.6424276], [27.8277602, 36.6422952], [27.828501, 36.642383], [27.828681, 36.642506], [27.8289472, 36.6425294], [27.8289965, 36.6426931], [27.8291485, 36.6425158], [27.8292848, 36.6425834], [27.8293934, 36.6425224], [27.8297472, 36.6426079], [27.8306051, 36.6433661], [27.8314541, 36.6436208], [27.8322344, 36.6437446], [27.8330329, 36.6437334], [27.8332663, 36.6440072], [27.833771, 36.6440707], [27.8337305, 36.6439529], [27.8338172, 36.6439322], [27.8339849, 36.6440781], [27.8355536, 36.644116], [27.8372987, 36.643781], [27.8373127, 36.6423183], [27.8376626, 36.6413895], [27.8374541, 36.6411978], [27.8372789, 36.6407084], [27.8372581, 36.6403063], [27.8374624, 36.6402003], [27.8371357, 36.6400886], [27.836918, 36.639596], [27.8370913, 36.6394454], [27.8368029, 36.6393502], [27.8367798, 36.6392028], [27.8366416, 36.6391493], [27.8366573, 36.6390738], [27.8369087, 36.6390296], [27.8366727, 36.6388184], [27.8364477, 36.6388773], [27.8363185, 36.6388076], [27.8362562, 36.6388471], [27.8363329, 36.6389229], [27.8360556, 36.6390089], [27.8356883, 36.6388097], [27.8356962, 36.6386145], [27.8353976, 36.6386621], [27.8351562, 36.6384964], [27.8349312, 36.6378526], [27.834505, 36.637459], [27.8330599, 36.6374224], [27.8325833, 36.637581], [27.8317894, 36.6372489], [27.8273809, 36.6363409], [27.8249203, 36.6353211], [27.8245288, 36.6349108], [27.8233221, 36.634896], [27.8223467, 36.6346241], [27.8221043, 36.6344399], [27.8212406, 36.6333958], [27.8211091, 36.6329936], [27.8211359, 36.63181], [27.8216927, 36.6305693], [27.8216901, 36.6302432], [27.8212856, 36.6293929], [27.8212633, 36.6289984], [27.8214256, 36.6288253], [27.8212376, 36.6285834], [27.821453, 36.6283591], [27.8211035, 36.6282006], [27.8207097, 36.6278528], [27.8203414, 36.6276924], [27.8201156, 36.6277279], [27.8196832, 36.6272645], [27.8189944, 36.6268882], [27.8190604, 36.6266979], [27.8189215, 36.6265748], [27.8189394, 36.6264692], [27.8177613, 36.6255061], [27.8165847, 36.6252488], [27.8163323, 36.6250735], [27.8159061, 36.6249543], [27.8157485, 36.6248693], [27.8152136, 36.6241843], [27.8150365, 36.6240971], [27.8152301, 36.6234518], [27.8154135, 36.623223], [27.8155166, 36.6227432], [27.8157165, 36.6223414], [27.816155, 36.6218292], [27.8167372, 36.6216417], [27.8167598, 36.6217403], [27.8169466, 36.6217104], [27.816933, 36.6215982], [27.8170125, 36.6215776], [27.8171041, 36.6216753], [27.8179489, 36.6218735], [27.8179296, 36.621953], [27.8180556, 36.6218884], [27.8190829, 36.6221432], [27.819153, 36.6222759], [27.8201311, 36.6222861], [27.8201168, 36.6223593], [27.8203615, 36.6223154], [27.8207619, 36.6224193], [27.8206651, 36.6222214], [27.8206943, 36.6219305], [27.8206086, 36.6218785], [27.8206671, 36.6216039], [27.8211827, 36.6212485], [27.8225164, 36.621377], [27.8230869, 36.6214774], [27.8230843, 36.6215434], [27.8232696, 36.6215496], [27.8233748, 36.6214093], [27.8236608, 36.6214625], [27.8237965, 36.621363], [27.8243698, 36.6215806], [27.8243192, 36.6216803], [27.8245001, 36.621598], [27.8247089, 36.6219278], [27.8246214, 36.622285], [27.8247346, 36.6223314], [27.8247293, 36.6225128], [27.8256861, 36.6230283], [27.8275106, 36.6231108], [27.8280543, 36.6228555], [27.8288634, 36.622997], [27.8294658, 36.6231788], [27.8295475, 36.6233426], [27.8302258, 36.6238863], [27.8306992, 36.6241578], [27.8309406, 36.624106], [27.8320252, 36.6244693], [27.83245, 36.6241827], [27.8325296, 36.6239675], [27.8330314, 36.6239391], [27.833673, 36.6236479], [27.8341285, 36.6237265], [27.8341677, 36.6238128], [27.8348129, 36.6240317], [27.8353688, 36.6241356], [27.8356079, 36.6240781], [27.8358041, 36.6238511], [27.8360685, 36.622938], [27.8362021, 36.622763], [27.836521, 36.6226646], [27.8372779, 36.6227473], [27.8379349, 36.622501], [27.8387786, 36.6223401], [27.8392319, 36.6220038], [27.8392357, 36.621817], [27.8393763, 36.6217227], [27.8393203, 36.6215338], [27.8396476, 36.6208241], [27.8396168, 36.6206091], [27.8394532, 36.6204275], [27.838144, 36.6203976], [27.8373275, 36.6201746], [27.8372775, 36.6199733], [27.8371498, 36.6200007], [27.8377906, 36.6192638], [27.8381261, 36.6186237], [27.8386553, 36.6183735], [27.8387457, 36.6184231], [27.8387048, 36.6183534], [27.839219, 36.6181477], [27.8391547, 36.6177988], [27.8382433, 36.6174599], [27.8373719, 36.616839], [27.8361656, 36.6163201], [27.8354293, 36.6161445], [27.8355173, 36.6158919], [27.8358331, 36.6160323], [27.8359285, 36.6159637], [27.8358774, 36.6158495], [27.8359776, 36.6159297], [27.8365884, 36.6155147], [27.8371224, 36.6155602], [27.8379068, 36.6158848], [27.8386085, 36.6158239], [27.8396733, 36.6158869], [27.8405407, 36.6163564], [27.8408696, 36.6164313], [27.8418327, 36.6173122], [27.8428693, 36.6180274], [27.8431531, 36.6185274], [27.8441957, 36.6191513], [27.844615, 36.6196211], [27.8454758, 36.6202486], [27.8464269, 36.6206424], [27.8467149, 36.6210724], [27.8466426, 36.6213067], [27.846767, 36.62183], [27.8470356, 36.6219633], [27.8482112, 36.6234666], [27.8489936, 36.6241081], [27.8494268, 36.6247024], [27.85, 36.62486606813147], [27.85, 36.6], [27.772723081135428, 36.6]]]}}, {"type": "Feature", "properties": {}, "geometry": {"type": "Polygon", "coordinates": [[[27.7624833, 36.6012355], [27.7630212, 36.6014075], [27.7630539, 36.6010834], [27.7630393, 36.6009549], [27.762887, 36.6008824], [27.7624833, 36.6012355]]]}}, {"type": "Feature", "properties": {}, "geometry": {"type": "Polygon", "coordinates": [[[27.7760163, 36.6082498], [27.7764693, 36.6086143], [27.7765578, 36.6083636], [27.7764994, 36.6082896], [27.7767105, 36.6078708], [27.7766681, 36.607782], [27.7764291, 36.6077499], [27.7760224, 36.6080059], [27.7760163, 36.6082498]]]}}, {"type": "Feature", "properties": {}, "geometry": {"type": "Polygon", "coordinates": [[[27.7918114, 36.6310002], [27.7916052, 36.6312711], [27.7918591, 36.6316277], [27.792688, 36.632093], [27.793327, 36.632217], [27.7936067, 36.6315606], [27.7935216, 36.6313129], [27.793626, 36.6308485], [27.79358, 36.6306011], [27.7936851, 36.6304942], [27.7936351, 36.6303266], [27.793784, 36.630159], [27.793778, 36.629645], [27.7933011, 36.6294441], [27.7926665, 36.6299119], [27.792667, 36.630037], [27.7916563, 36.6303357], [27.791751, 36.6308167], [27.7915325, 36.6308545], [27.7918114, 36.6310002]]]}}, {"type": "Feature", "properties": {}, "geometry": {"type": "Polygon", "coordinates": [[[27.8125841, 36.6333672], [27.8120465, 36.6336292], [27.8122378, 36.6337089], [27.8125226, 36.6336474], [27.8126501, 36.6334902], [27.8125841, 36.6333672]]]}}, {"type": "Feature", "properties": {}, "geometry": {"type": "Polygon", "coordinates": [[[27.8084379, 36.6342472], [27.8087206, 36.6341326], [27.8087251, 36.6340051], [27.8084767, 36.6339695], [27.8084379, 36.6342472]]]}}, {"type": "Feature", "properties": {}, "geometry": {"type": "Polygon", "coordinates": [[[27.8109616, 36.6457577], [27.8099415, 36.6455927], [27.8098741, 36.6456996], [27.8093893, 36.6457695], [27.8088452, 36.6460998], [27.8088328, 36.6462442], [27.8090324, 36.6465078], [27.809432, 36.6465818], [27.8096393, 36.6467211], [27.8095913, 36.64683], [27.8100222, 36.647409], [27.8100448, 36.6475636], [27.8106782, 36.6481888], [27.8112728, 36.6479053], [27.8121044, 36.6472816], [27.8120611, 36.6472241], [27.8121836, 36.6471438], [27.8120795, 36.6466627], [27.8123083, 36.6460846], [27.8120547, 36.6460424], [27.8120712, 36.6458828], [27.8117648, 36.6457658], [27.8113574, 36.6457517], [27.811298, 36.6458571], [27.8110685, 36.6458803], [27.8109123, 36.6457971], [27.8109616, 36.6457577]]]}}, {"type": "Feature", "properties": {}, "geometry": {"type": "Polygon", "coordinates": [[[27.8287158, 36.6475719], [27.8290191, 36.6476681], [27.8291461, 36.6475577], [27.8290544, 36.6474926], [27.8287158, 36.6475719]]]}}, {"type": "Feature", "properties": {}, "geometry": {"type": "Polygon", "coordinates": [[[27.8172702, 36.6508983], [27.8177448, 36.6511483], [27.8176697, 36.6512537], [27.8173704, 36.6513063], [27.8173979, 36.6514561], [27.8169345, 36.6518079], [27.8171264, 36.6521981], [27.8166848, 36.6522577], [27.8165471, 36.6524176], [27.8161043, 36.6526071], [27.8160879, 36.6527533], [27.8168931, 36.6531427], [27.8173607, 36.6535311], [27.8184322, 36.6538605], [27.8184778, 36.6548326], [27.818732, 36.6552078], [27.8195757, 36.6558164], [27.8200477, 36.6559977], [27.8207261, 36.6553594], [27.8207129, 36.6551555], [27.820345, 36.6549], [27.8202011, 36.6541943], [27.8202356, 36.6540266], [27.8204637, 36.6537859], [27.8204742, 36.6535835], [27.8205916, 36.6535741], [27.8209868, 36.6531801], [27.8214773, 36.6532348], [27.8218304, 36.6525726], [27.8219976, 36.6524834], [27.821992, 36.6520188], [27.8218847, 36.651807], [27.8217515, 36.6517556], [27.8217318, 36.6515788], [27.8219181, 36.6511478], [27.8218099, 36.6510739], [27.821576, 36.6511054], [27.8212888, 36.6509126], [27.8212596, 36.6507312], [27.8211736, 36.6506998], [27.8199859, 36.6506701], [27.817843, 36.6502121], [27.8174317, 36.6504226], [27.8170517, 36.6504395], [27.81717, 36.6506201], [27.8170846, 36.6506893], [27.8172702, 36.6508983]]]}}, {"type": "Feature", "properties": {}, "geometry": {"type": "Polygon", "coordinates": [[[27.8451661, 36.6622396], [27.8462215, 36.6611607], [27.8464249, 36.6611186], [27.8465775, 36.6612545], [27.8473794, 36.6610404], [27.8481061, 36.6610518], [27.8477706, 36.6618804], [27.8485077, 36.6623762], [27.8487658, 36.6631481], [27.8489664, 36.663436], [27.8491881, 36.6634778], [27.8497041, 36.6638283], [27.85, 36.663075475386684], [27.85, 36.64639458902439], [27.8494931, 36.6464486], [27.8484815, 36.6462488], [27.8478429, 36.6464163], [27.847314, 36.6463369], [27.8469749, 36.6466368], [27.8466511, 36.646726], [27.8466023, 36.6466448], [27.8464532, 36.6467568], [27.8460703, 36.6464262], [27.8455671, 36.6463367], [27.8444756, 36.646537], [27.8439886, 36.6464783], [27.8428519, 36.6465849], [27.8415946, 36.6459661], [27.8407231, 36.6457618], [27.8403479, 36.6455762], [27.8387214, 36.6452691], [27.8386658, 36.6451361], [27.8379627, 36.6450418], [27.8353578, 36.6454371], [27.8338458, 36.6461479], [27.8335026, 36.6465035], [27.8333094, 36.6465946], [27.8332132, 36.6465351], [27.832218, 36.64711], [27.8314942, 36.6472921], [27.8316325, 36.647517], [27.8323833, 36.6473929], [27.832684, 36.6475227], [27.8329354, 36.6477721], [27.8330849, 36.6477847], [27.8336914, 36.6486291], [27.8342463, 36.6489643], [27.8345954, 36.649331], [27.8345474, 36.6494499], [27.834389, 36.6494926], [27.834203, 36.6494264], [27.832445, 36.6495148], [27.8321721, 36.6496403], [27.8315259, 36.6503699], [27.8304113, 36.6508465], [27.8300227, 36.6512122], [27.8300852, 36.6513784], [27.8298664, 36.6517664], [27.8296816, 36.6518783], [27.8297311, 36.6520974], [27.8295405, 36.6523453], [27.8295174, 36.6529346], [27.829275, 36.6532482], [27.8292738, 36.6535139], [27.8289162, 36.6538237], [27.8289177, 36.6539379], [27.8292228, 36.654325], [27.8294629, 36.6544114], [27.8297984, 36.6547292], [27.8304835, 36.6548511], [27.830713, 36.655043], [27.8312963, 36.6552467], [27.8320257, 36.6553044], [27.8322462, 36.6558838], [27.831914, 36.6563386], [27.8319095, 36.656514], [27.8322193, 36.6566985], [27.8324468, 36.6571405], [27.8323947, 36.6574503], [27.8322671, 36.6575277], [27.8323362, 36.6576677], [27.8322261, 36.6579286], [27.83234, 36.6580721], [27.833028, 36.6584936], [27.8342401, 36.658229], [27.8345474, 36.6579924], [27.8350776, 36.6578344], [27.8354495, 36.6582407], [27.83557, 36.6585685], [27.8364483, 36.6584436], [27.8368428, 36.6588213], [27.8371082, 36.6594412], [27.8382876, 36.6607714], [27.8383351, 36.6613232], [27.838459, 36.6615252], [27.8392258, 36.661709], [27.83945, 36.6616546], [27.839548, 36.661446], [27.839698, 36.660674], [27.8398454, 36.6603672], [27.8401147, 36.6599976], [27.8410457, 36.6591901], [27.8414092, 36.6585479], [27.8423082, 36.6590143], [27.8435317, 36.6587978], [27.8439039, 36.6598134], [27.8437292, 36.6606622], [27.8441697, 36.6616714], [27.8442222, 36.6621747], [27.8447163, 36.6624717], [27.8451661, 36.6622396]]]}}, {"type": "Feature", "properties": {}, "geometry": {"type": "Polygon", "coordinates": [[[27.6963236, 36.7181269], [27.6960127, 36.7181942], [27.6959959, 36.7183087], [27.6962732, 36.7184636], [27.6964496, 36.7183423], [27.6964496, 36.7182211], [27.6963236, 36.7181269]]]}}, {"type": "Feature", "properties": {}, "geometry": {"type": "Polygon", "coordinates": [[[27.7137902, 36.7259676], [27.7139078, 36.7260551], [27.7141934, 36.7260349], [27.714185, 36.7258868], [27.7140338, 36.7258733], [27.7140254, 36.7256982], [27.7138826, 36.725678], [27.7137145, 36.7253481], [27.7136473, 36.7254558], [27.7134961, 36.7253346], [27.7134793, 36.7255164], [27.7136389, 36.725604], [27.7135465, 36.7256915], [27.7136137, 36.7258127], [27.7137734, 36.725806], [27.7137902, 36.7259676]]]}}, {"type": "Feature", "properties": {}, "geometry": {"type": "Polygon", "coordinates": [[[27.7903438, 36.7523594], [27.7906989, 36.7525529], [27.790841, 36.752883], [27.7910896, 36.7529797], [27.791331, 36.7532301], [27.7915299, 36.7532301], [27.791537, 36.7530821], [27.7917714, 36.7530594], [27.791537, 36.7526326], [27.7912742, 36.7525586], [27.7905001, 36.7520692], [27.7902941, 36.7520692], [27.7902586, 36.7518644], [27.7900597, 36.7518644], [27.7901023, 36.7520863], [27.7903438, 36.7523594]]]}}, {"type": "Feature", "properties": {}, "geometry": {"type": "Polygon", "coordinates": [[[27.7618279, 36.7534225], [27.763169, 36.7536546], [27.7637108, 36.7534955], [27.7643492, 36.7535944], [27.7650037, 36.7534998], [27.7647194, 36.7532033], [27.7638342, 36.7529497], [27.7632871, 36.7526832], [27.763154, 36.7527174], [27.762241, 36.7521459], [27.76155, 36.7519574], [27.7612486, 36.751772], [27.7595749, 36.7514926], [27.7588775, 36.7515485], [27.7588882, 36.7517892], [27.7595159, 36.7523479], [27.759959, 36.7524814], [27.760602, 36.7529914], [27.7615597, 36.7530528], [27.7618279, 36.7534225]]]}}, {"type": "Feature", "properties": {}, "geometry": {"type": "Polygon", "coordinates": [[[27.7607711, 36.7536718], [27.76046, 36.7537792], [27.7604868, 36.7538953], [27.7606263, 36.7539683], [27.7608892, 36.753891], [27.7608892, 36.753762], [27.7607711, 36.7536718]]]}}, {"type": "Feature", "properties": {}, "geometry": {"type": "Polygon", "coordinates": [[[27.792385, 36.754693], [27.7924183, 36.7544918], [27.7921423, 36.7544577], [27.7919857, 36.7542105], [27.7920876, 36.7540794], [27.7919415, 36.7538513], [27.7917581, 36.7538723], [27.7918147, 36.7539916], [27.7914071, 36.7539405], [27.7918497, 36.754501], [27.7921593, 36.7546809], [27.792385, 36.754693]]]}}, {"type": "Feature", "properties": {}, "geometry": {"type": "Polygon", "coordinates": [[[27.7855231, 36.7543024], [27.7853973, 36.7540976], [27.7853417, 36.754139], [27.7852935, 36.7543439], [27.785429, 36.7544278], [27.7853376, 36.7545805], [27.7857234, 36.7549268], [27.7860752, 36.7548775], [27.7863145, 36.754627], [27.7860491, 36.7542451], [27.7858171, 36.7541698], [27.7857488, 36.7538896], [27.7856174, 36.7538342], [27.7854764, 36.7539468], [27.7856125, 36.7540864], [27.7856143, 36.7542408], [27.7855231, 36.7543024]]]}}, {"type": "Feature", "properties": {}, "geometry": {"type": "Polygon", "coordinates": [[[27.7740318, 36.7544458], [27.7736467, 36.7543657], [27.7735602, 36.7547617], [27.7730888, 36.7547325], [27.7729145, 36.754812], [27.772871, 36.7549744], [27.7732126, 36.7551555], [27.7737401, 36.7550165], [27.7740601, 36.7550341], [27.7743139, 36.7552054], [27.7745439, 36.7555757], [27.7746109, 36.7562216], [27.7747942, 36.7564965], [27.7751917, 36.7567353], [27.7757151, 36.7567774], [27.7761823, 36.7566129], [27.7764442, 36.75625], [27.7760642, 36.7558465], [27.7759303, 36.7555239], [27.7755116, 36.755221], [27.7756235, 36.7545713], [27.775536, 36.753563], [27.7749953, 36.7529279], [27.7745765, 36.7528106], [27.7747026, 36.7526901], [27.7746213, 36.75255], [27.7744871, 36.7526054], [27.7742742, 36.7525185], [27.7735636, 36.7520053], [27.7733812, 36.752001], [27.7733597, 36.7521171], [27.7736762, 36.75239], [27.7735114, 36.7526673], [27.7734463, 36.753107], [27.7738732, 36.7540777], [27.7740765, 36.7542796], [27.7740318, 36.7544458]]]}}, {"type": "Feature", "properties": {}, "geometry": {"type": "Polygon", "coordinates": [[[27.7923812, 36.7560814], [27.7926794, 36.7559539], [27.792703, 36.7556814], [27.7923829, 36.7558465], [27.7923812, 36.7560814]]]}}, {"type": "Feature", "properties": {}, "geometry": {"type": "Polygon", "coordinates": [[[27.8073461, 36.7603666], [27.8071711, 36.7597707], [27.8068102, 36.759189], [27.8058657, 36.7585732], [27.8050614, 36.7584218], [27.8049386, 36.7585331], [27.8049386, 36.7588733], [27.8051373, 36.7591238], [27.8053073, 36.7591604], [27.805668, 36.7598058], [27.8060594, 36.7602768], [27.8063954, 36.7605226], [27.806969, 36.7607052], [27.8072785, 36.7606432], [27.8073461, 36.7603666]]]}}, {"type": "Feature", "properties": {}, "geometry": {"type": "Polygon", "coordinates": [[[27.8259258, 36.8138089], [27.8262616, 36.8134927], [27.8260816, 36.8135035], [27.8259312, 36.8136519], [27.8259258, 36.8138089]]]}}, {"type": "Feature", "properties": {}, "geometry": {"type": "Polygon", "coordinates": [[[27.5918626, 36.9701439], [27.5919678, 36.971294], [27.5921749, 36.9716527], [27.5921986, 36.9721979], [27.5915134, 36.9727281], [27.5908549, 36.9729033], [27.589539, 36.9731489], [27.5889584, 36.9730141], [27.5887023, 36.9730947], [27.5885718, 36.9732811], [27.5884521, 36.9742599], [27.5885055, 36.9744404], [27.5882186, 36.9753454], [27.5883021, 36.9756829], [27.5881088, 36.9759037], [27.5880989, 36.9760901], [27.5877554, 36.9760145], [27.5875689, 36.97608], [27.5874669, 36.9766081], [27.5876044, 36.9772138], [27.5878341, 36.9775666], [27.5879401, 36.9780253], [27.5877104, 36.9780324], [27.5874631, 36.9786816], [27.5876184, 36.978905], [27.5882948, 36.9791278], [27.5886256, 36.9793877], [27.5888858, 36.9798293], [27.5895573, 36.9801074], [27.5905938, 36.9800147], [27.5911514, 36.9798716], [27.5919444, 36.9795007], [27.5920729, 36.9792791], [27.5922171, 36.9781019], [27.5921601, 36.9772824], [27.5922416, 36.9770767], [27.5927166, 36.9769469], [27.5938023, 36.9779731], [27.5943294, 36.9782835], [27.5947133, 36.9784185], [27.5953101, 36.9783348], [27.5971781, 36.9776112], [27.5978946, 36.9772414], [27.5991038, 36.9760935], [27.5997448, 36.9757871], [27.6000853, 36.9754989], [27.6002129, 36.9752842], [27.6001696, 36.9750505], [27.5991536, 36.9739618], [27.5985744, 36.9737311], [27.5978726, 36.9736686], [27.5967947, 36.9737946], [27.5965366, 36.9736202], [27.5964904, 36.9734508], [27.5967661, 36.9730408], [27.5970233, 36.9729319], [27.5971204, 36.9727012], [27.5984916, 36.9715288], [27.5985229, 36.9710956], [27.5983001, 36.9708315], [27.5979319, 36.9707359], [27.5980988, 36.9704741], [27.5975431, 36.969854], [27.5983343, 36.969491], [27.5990546, 36.9685659], [27.6005269, 36.9682868], [27.6011601, 36.9683242], [27.6014654, 36.9681961], [27.6015419, 36.9680177], [27.6008027, 36.9674585], [27.6022201, 36.9672257], [27.6024016, 36.9670081], [27.6020433, 36.9667722], [27.6015829, 36.9668523], [27.6014328, 36.9671108], [27.6011906, 36.9671358], [27.6006004, 36.9668506], [27.6004669, 36.9669736], [27.6002824, 36.9675119], [27.5999173, 36.9674896], [27.5995033, 36.9676087], [27.5991677, 36.9675522], [27.5988119, 36.9678999], [27.5983143, 36.9678737], [27.5977489, 36.9676357], [27.5974098, 36.9677851], [27.5976096, 36.9680599], [27.5972936, 36.9685749], [27.5966566, 36.9690919], [27.5963799, 36.9694616], [27.5965264, 36.9695778], [27.5963583, 36.9698679], [27.5956077, 36.9702906], [27.5950777, 36.9704176], [27.5945742, 36.9702835], [27.5939298, 36.9691825], [27.5933271, 36.9691614], [27.5925928, 36.9686543], [27.5920096, 36.9684729], [27.5916386, 36.9686594], [27.5915739, 36.9698316], [27.5918626, 36.9701439]]]}}, {"type": "Feature", "properties": {}, "geometry": {"type": "Polygon", "coordinates": [[[27.6563643, 36.9782654], [27.6560404, 36.9787397], [27.655692, 36.9789044], [27.6557018, 36.9790377], [27.6553239, 36.9789514], [27.6551375, 36.9790612], [27.6549755, 36.9794807], [27.6548037, 36.9796061], [27.6547988, 36.9800099], [27.6553141, 36.9799511], [27.6575813, 36.9783634], [27.65765, 36.9782301], [27.6575126, 36.9780498], [27.6571102, 36.9780537], [27.6568403, 36.9782144], [27.6565998, 36.9781791], [27.6563643, 36.9782654]]]}}, {"type": "Feature", "properties": {}, "geometry": {"type": "Polygon", "coordinates": [[[27.5821579, 36.9838867], [27.5820747, 36.9840395], [27.5823159, 36.9842455], [27.5827568, 36.9841392], [27.5827485, 36.9840063], [27.5825655, 36.9838535], [27.5821579, 36.9838867]]]}}]}