{"type":"FeatureCollection","features":[{"type":"Feature","properties":{"source_id":"emodnet:natura2000areas/GR4210007","source_name":"EMODnet Human Activities (European Commission DG MARE)","source_version":"2020-06-30Z","feature_type":"protected_area","restriction_class":"INFORMATIONAL","classification_rule":"Natura 2000 designation does not itself prohibit navigation","upstream_layer":"emodnet:natura2000areas","resource":null,"properties":{"sitecode":"GR4210007","sitename":"NOTIA NISYROS KAI  STRONGYLI, IFAISTIAKO PEDIO KAI PARAKTIA THALASSIA ZONI","ms":"GR","country":"Greece","sitetype":"B","sitedesc":"SCI (Special Conservation Interest)","directive":"http://ec.europa.eu/environment/nature/legislation/habitatsdirective/index_en.htm","area_ha":17844.27,"mar_perc":80.96,"coast_mar":1,"release_da":"2020-06-30Z","date_spa":null,"date_sci":"2006-08-31Z","date_sac":"2011-03-01Z","shape_leng":1.3896213459,"shape_area":0.0179527046484}},"geometry":{"type":"MultiPolygon","coordinates":[[[[27.20209731,36.6857555],[27.20215457,36.6856188],[27.2023536,36.6851177],[27.20263453,36.68429456],[27.20267643,36.68415827],[27.20274556,36.68392626],[27.20300918,36.68285493],[27.20318525,36.681772],[27.203273,36.68068212],[27.20327206,36.67958994],[27.20318244,36.67850016],[27.20300453,36.67741743],[27.2027391,36.67634639],[27.20238727,36.67529162],[27.20195058,36.67425765],[27.20143087,36.67324889],[27.2008304,36.67226967],[27.20015172,36.67132417],[27.19939774,36.67041646],[27.1985717,36.6695504],[27.19767714,36.66872971],[27.19700738,36.66818033],[27.19680359,36.66797478],[27.19659144,36.66776422],[27.19651258,36.66768643],[27.19561806,36.66686572],[27.19465884,36.66609389],[27.19363904,36.66537425],[27.19256301,36.66470987],[27.19143536,36.66410359],[27.19026093,36.66355802],[27.18977854,36.66335706],[27.18942238,36.66321343],[27.18868859,36.66293185],[27.18743584,36.66251441],[27.1861519,36.66216386],[27.18484226,36.6618817],[27.18351253,36.66166914],[27.18216839,36.66152708],[27.1808156,36.66145614],[27.1803203,36.66144803],[27.1800511,36.66144621],[27.17783802,36.66152669],[27.17649403,36.66166968],[27.17516452,36.66188318],[27.17385518,36.66216626],[27.17289659,36.66242155],[27.17265548,36.66249106],[27.1723305,36.66258722],[27.17230632,36.66259457],[27.17213594,36.66263562],[27.17159274,36.66277514],[27.17129544,36.66285515],[27.17055505,36.66306706],[27.16930272,36.66348536],[27.16817308,36.66393186],[27.16790238,36.6640472],[27.16781632,36.66408408],[27.16664244,36.66463046],[27.16578771,36.66508288],[27.16553348,36.66522481],[27.16526118,36.66537945],[27.16488032,36.6656134],[27.16460801,36.66479558],[27.16417187,36.66376144],[27.16365274,36.66275249],[27.16305673,36.66177895],[27.16290393,36.66154856],[27.16265148,36.66115896],[27.16255467,36.66101135],[27.16187655,36.6600656],[27.16112313,36.65915762],[27.16068231,36.65868043],[27.16010109,36.65807411],[27.15971641,36.65768494],[27.15882239,36.65686393],[27.15786365,36.65609178],[27.1568443,36.6553718],[27.15576871,36.65470706],[27.15568755,36.65466046],[27.15519016,36.65437628],[27.1541441,36.65381624],[27.15297006,36.65327028],[27.15175424,36.65278734],[27.15109429,36.65255753],[27.15054091,36.65237394],[27.14999239,36.65219927],[27.14942541,36.65198394],[27.14817303,36.65156607],[27.14688942,36.65121508],[27.14558008,36.65093248],[27.14425061,36.65071946],[27.14423543,36.65071744],[27.14400845,36.6506874],[27.14267973,36.6505469],[27.14132713,36.65047549],[27.13997164,36.65047551],[27.13861904,36.65054694],[27.13782476,36.65062248],[27.13744232,36.6501064],[27.13668928,36.64919824],[27.13650275,36.64899184],[27.13657357,36.64805537],[27.13657362,36.64696314],[27.13648501,36.64587326],[27.13630814,36.64479037],[27.13604376,36.64371913],[27.13569302,36.64266411],[27.1353427,36.64181581],[27.13506767,36.64101354],[27.13463208,36.63997926],[27.13436219,36.63943087],[27.13427451,36.63836223],[27.13409769,36.63727934],[27.13383338,36.63620808],[27.13348271,36.63515305],[27.13304718,36.63411876],[27.13252867,36.63310964],[27.13192939,36.63213001],[27.13128457,36.63122654],[27.13112891,36.63102338],[27.13109625,36.6309809],[27.13034348,36.63007268],[27.13010675,36.62982397],[27.13062406,36.62991119],[27.13184424,36.63031768],[27.13312743,36.63066886],[27.13380566,36.63082461],[27.13391774,36.63084869],[27.13454847,36.6309757],[27.13587757,36.63118885],[27.13722113,36.63133146],[27.13785836,36.63137406],[27.13805374,36.63138468],[27.13876878,36.63141354],[27.14012394,36.63141356],[27.1414762,36.63134212],[27.14281976,36.63119954],[27.14414886,36.63098642],[27.14545782,36.63070369],[27.14674102,36.63035255],[27.14722634,36.63019049],[27.1474388,36.63016051],[27.14756729,36.63014134],[27.14850256,36.62998376],[27.14981148,36.62970098],[27.14984387,36.62969295],[27.15004412,36.62979144],[27.15016887,36.62985883],[27.15119979,36.63041049],[27.15154895,36.63058162],[27.15163804,36.63062431],[27.15174379,36.63067466],[27.1523902,36.63134325],[27.15328384,36.63216433],[27.15354627,36.63238598],[27.15361208,36.63244056],[27.15430804,36.63299111],[27.15532705,36.63371113],[27.15640233,36.63437589],[27.15715058,36.63478821],[27.15720771,36.63481823],[27.1575864,36.63501256],[27.15876018,36.63555849],[27.15997576,36.63604136],[27.16122794,36.63645912],[27.16251135,36.63680996],[27.16382049,36.63709239],[27.16514976,36.6373052],[27.16625542,36.63742751],[27.16643147,36.6374431],[27.1666695,36.63746306],[27.16802187,36.63753419],[27.16937711,36.63753386],[27.17072942,36.63746209],[27.17207301,36.63731918],[27.17340212,36.63710573],[27.17471104,36.63682268],[27.17599418,36.63647122],[27.17693904,36.63615547],[27.17763278,36.63629867],[27.17896206,36.63651132],[27.18012985,36.63663892],[27.18024977,36.63664923],[27.18042567,36.63666375],[27.18177803,36.63673472],[27.18313325,36.63673423],[27.18313331,36.63673423],[27.18326036,36.63673084],[27.18344787,36.63672513],[27.18345536,36.63672531],[27.18461753,36.6367258],[27.1851879,36.63672289],[27.18541699,36.63674202],[27.18571539,36.63676384],[27.18583521,36.6367719],[27.18688918,36.63682099],[27.18824439,36.63682045],[27.18928368,36.63677151],[27.18939449,36.63676403],[27.18970746,36.63674099],[27.19105098,36.63659786],[27.19238001,36.63638421],[27.19330628,36.63619143],[27.19344058,36.6361608],[27.19382314,36.63607032],[27.1943594,36.63593251],[27.19446169,36.63590498],[27.19520845,36.63569113],[27.19591513,36.63546437],[27.19600196,36.63543501],[27.19654701,36.63524322],[27.19776208,36.63475958],[27.19893527,36.63421292],[27.19918439,36.6340859],[27.19926239,36.63404551],[27.20013957,36.63356518],[27.20121415,36.63289976],[27.2016023,36.63263621],[27.20167972,36.63258231],[27.20230985,36.63212522],[27.20326744,36.63135242],[27.20416024,36.63053081],[27.20438077,36.63030175],[27.2053276,36.62953759],[27.20597135,36.62895623],[27.20603993,36.6288913],[27.20628894,36.62865104],[27.20711311,36.6277841],[27.20786514,36.62687556],[27.20854182,36.62592933],[27.20855895,36.62590339],[27.20861943,36.62581165],[27.20920074,36.6248577],[27.20950855,36.62425751],[27.21037509,36.62355802],[27.21081911,36.62316287],[27.21121559,36.62283287],[27.21130802,36.62275379],[27.21135993,36.62270922],[27.2119033,36.62222206],[27.21201025,36.62212231],[27.21235949,36.62178779],[27.21318352,36.62092082],[27.21393542,36.62001225],[27.21406898,36.61983641],[27.21414782,36.61974146],[27.21426874,36.61961423],[27.21502061,36.61870566],[27.21517093,36.6184954],[27.21567139,36.61789062],[27.21634791,36.61694435],[27.21694619,36.61596443],[27.21746367,36.61495507],[27.21766775,36.61449668],[27.21769002,36.61444426],[27.21792041,36.61386816],[27.21824241,36.6129075],[27.21841564,36.61254822],[27.21868274,36.61193915],[27.21872588,36.61183436],[27.21885718,36.61150399],[27.2188917,36.61143803],[27.21906374,36.61112053],[27.21917445,36.61091028],[27.21942549,36.6104113],[27.21972711,36.60980049],[27.21996265,36.60926741],[27.22022475,36.60873276],[27.22055826,36.60795947],[27.22069105,36.60774967],[27.22078795,36.60759386],[27.22093468,36.60735311],[27.22130959,36.6069439],[27.22156338,36.6066513],[27.22162397,36.60657983],[27.22212186,36.60596381],[27.22258685,36.60532892],[27.22300938,36.60472119],[27.22360749,36.60374125],[27.22367667,36.60361651],[27.2240608,36.60319751],[27.22472801,36.60239759],[27.22481091,36.60229172],[27.22489531,36.60218301],[27.22520598,36.60176598],[27.22574542,36.60099996],[27.22623447,36.6002112],[27.22627161,36.60014712],[27.226355480711295,36.6],[27.135839161399016,36.6],[27.13589767,36.60007074],[27.13593804,36.60019127],[27.13590948,36.60025282],[27.13593525,36.60034155],[27.13605363,36.60041711],[27.13622504,36.60048769],[27.1363021,36.60052858],[27.13643363,36.60060021],[27.13663547,36.60065569],[27.13695106,36.60067241],[27.13742573,36.60067421],[27.13781925,36.60075325],[27.13814501,36.60080188],[27.13842014,36.60080536],[27.13865228,36.60084216],[27.13887839,36.60083977],[27.13958403,36.60084978],[27.1400048,36.60083511],[27.14035126,36.60084743],[27.14063468,36.60083638],[27.14084278,36.60082731],[27.14102887,36.6008224],[27.14136684,36.60098991],[27.14150229,36.601158],[27.14144257,36.60143495],[27.14135162,36.60159828],[27.14139764,36.60185814],[27.1414232,36.60205058],[27.14146328,36.60216396],[27.14151463,36.60222698],[27.1416612,36.60234113],[27.14175802,36.60243156],[27.14188839,36.60247461],[27.14209293,36.60248709],[27.14219971,36.60249501],[27.14230067,36.60257817],[27.14234593,36.60265618],[27.1423921,36.60277888],[27.14247389,36.60280248],[27.14260528,36.60287054],[27.1426485,36.60295165],[27.14271639,36.60320378],[27.14273505,36.6033356],[27.14292629,36.60356659],[27.14311834,36.60370815],[27.14331663,36.60378517],[27.14364909,36.60377997],[27.14397088,36.60362127],[27.14424763,36.60344587],[27.1444176,36.60326257],[27.14455627,36.60307294],[27.14467925,36.6029338],[27.14481625,36.60281216],[27.14492089,36.60274205],[27.14529057,36.60247777],[27.14567532,36.60223157],[27.14584861,36.60215681],[27.14613303,36.60203411],[27.14644032,36.60188294],[27.14684214,36.60172927],[27.14721161,36.60163681],[27.14747839,36.60171603],[27.14774002,36.60182355],[27.1479633,36.60186056],[27.14811365,36.60184944],[27.14825224,36.60176709],[27.14842307,36.60160522],[27.14868717,36.60155532],[27.14898279,36.60162618],[27.1491747,36.60176416],[27.14946291,36.60187097],[27.14990381,36.60202382],[27.15013479,36.60203201],[27.1504997,36.60184355],[27.15100261,36.60155844],[27.15125668,36.60148019],[27.15144451,36.60151814],[27.15159806,36.6015856],[27.15189885,36.60145196],[27.15200201,36.60138542],[27.15213273,36.60141486],[27.15234947,36.60155756],[27.15260442,36.60164618],[27.15269304,36.60164383],[27.15292619,36.60156017],[27.15331369,36.60145454],[27.15375675,36.60144281],[27.15406364,36.60153601],[27.15432223,36.60171393],[27.15459123,36.60178429],[27.15492814,36.60188861],[27.15528006,36.60199849],[27.15565633,36.60216137],[27.15602545,36.6023304],[27.1563545,36.60242301],[27.15656248,36.60244729],[27.15683123,36.60251169],[27.15696877,36.6026213],[27.15707798,36.60276145],[27.15743827,36.60289495],[27.15779336,36.60308222],[27.15801514,36.6030823],[27.15829444,36.6032239],[27.15854615,36.60341392],[27.15891529,36.60358294],[27.15943659,36.6036764],[27.16002216,36.6037145],[27.16022149,36.6038088],[27.160378,36.60389405],[27.16058836,36.60394032],[27.16077304,36.60395509],[27.16092376,36.60395288],[27.16117805,36.60394961],[27.16150604,36.60402677],[27.16176126,36.60412132],[27.16193475,36.60420612],[27.16212326,36.60429648],[27.16219279,36.60430162],[27.16234579,36.60429796],[27.1624251,36.60428513],[27.16257478,36.60425731],[27.16273523,36.60423993],[27.16313737,36.6041741],[27.16318263,36.60416454],[27.16332957,36.60416998],[27.16363142,36.60419968],[27.16382907,36.60422423],[27.16389493,36.6042266],[27.16398914,36.60418731],[27.16407515,36.60416763],[27.16417258,36.60416384],[27.16436476,36.60419927],[27.16447319,36.60424476],[27.16498477,36.60430986],[27.16529687,36.60434924],[27.16547815,36.60431698],[27.16563285,36.60426757],[27.16570615,36.60439675],[27.16579485,36.60455582],[27.1659141,36.60461893],[27.16606911,36.60479362],[27.16633829,36.60504872],[27.16654279,36.60516845],[27.16651049,36.60528256],[27.16638715,36.60533948],[27.16624489,36.60529558],[27.16606546,36.60524671],[27.1659288,36.60533975],[27.16591817,36.60544136],[27.16594209,36.60552765],[27.16612536,36.60560868],[27.16622264,36.60573893],[27.16642487,36.60598389],[27.16661088,36.60619352],[27.16675379,36.60643409],[27.16693179,36.60651523],[27.16719441,36.60651307],[27.16751738,36.60660103],[27.16781962,36.6068326],[27.16796702,36.60718273],[27.16798305,36.60735754],[27.16794562,36.60752662],[27.16775631,36.60777841],[27.16772641,36.60783486],[27.16773715,36.60796014],[27.16782832,36.6081221],[27.16785827,36.6081604],[27.16804832,36.60830172],[27.1681589,36.60840248],[27.16824008,36.60857916],[27.16830691,36.608616],[27.16848045,36.60874438],[27.16863273,36.60885238],[27.16877284,36.60887964],[27.16910194,36.60882797],[27.16940317,36.60874604],[27.16966349,36.60847505],[27.169817,36.60830163],[27.17002604,36.60817089],[27.17020335,36.60798736],[27.17030534,36.60777007],[27.17040807,36.60757064],[27.1705056,36.607425],[27.1706533,36.60742106],[27.1708273,36.60751775],[27.17103499,36.60771488],[27.17116834,36.60790206],[27.1714951,36.60829866],[27.17169272,36.60843049],[27.17191128,36.60853195],[27.17218007,36.60859631],[27.17243043,36.60857176],[27.1726551,36.60843877],[27.17279037,36.60829474],[27.17308387,36.60820467],[27.17316641,36.60827042],[27.17328462,36.60855694],[27.17351822,36.60873668],[27.17381063,36.60883617],[27.17400999,36.60893814],[27.17411487,36.60889958],[27.17431555,36.60903371],[27.17447177,36.60873271],[27.17454237,36.60872368],[27.17463501,36.60860319],[27.17483353,36.60857644],[27.1748978,36.60852108],[27.1749093,36.60845712],[27.17508221,36.60847098],[27.1751782,36.6083783],[27.17525562,36.60822912],[27.1753831,36.60802068],[27.17560198,36.60784945],[27.17575809,36.60769031],[27.17588442,36.60752601],[27.17594698,36.60742898],[27.17603907,36.60733115],[27.17619171,36.60726748],[27.17636303,36.60729867],[27.17655156,36.607389],[27.176697,36.60751029],[27.17683115,36.60753652],[27.17697122,36.60752682],[27.17712386,36.60746314],[27.1771756,36.60728295],[27.17724481,36.60716785],[27.17729235,36.60706526],[27.17738468,36.60697339],[27.17754068,36.60688065],[27.17778051,36.60686278],[27.17804666,36.60686283],[27.17850747,36.60677057],[27.17868939,36.60674522],[27.17883254,36.60670053],[27.17897012,36.60655923],[27.17913489,36.60651079],[27.17918735,36.60658929],[27.17930336,36.60678754],[27.17950669,36.60678807],[27.17979274,36.60673275],[27.17989505,36.60661379],[27.18009793,36.6064236],[27.18023997,36.60637212],[27.18033242,36.60628322],[27.18035246,36.60631418],[27.18046481,36.60648776],[27.18061341,36.60679373],[27.18080941,36.6073893],[27.18108498,36.60790645],[27.18141729,36.60836486],[27.18178299,36.60862354],[27.18213424,36.60853547],[27.18236851,36.60840762],[27.18269704,36.60819857],[27.18299985,36.60801166],[27.18327516,36.60801861],[27.18346714,36.60815652],[27.18352209,36.60820787],[27.18369779,36.60837208],[27.18379851,36.60844806],[27.18412136,36.60853241],[27.18425101,36.60866484],[27.184289,36.60869723],[27.18446248,36.60884515],[27.18450043,36.60887104],[27.18465416,36.60897592],[27.18483405,36.60903548],[27.1850813,36.6090074],[27.1854286,36.6089521],[27.18551318,36.60893863],[27.18570609,36.6088834],[27.18599824,36.60886843],[27.18631223,36.60895301],[27.18644545,36.6089566],[27.18656805,36.60891755],[27.18673201,36.60880588],[27.18692226,36.60868635],[27.18705372,36.60864706],[27.18717808,36.60865089],[27.18732252,36.60871139],[27.18753785,36.60877],[27.1877594,36.60876407],[27.18799632,36.60870051],[27.18817829,36.6085955],[27.18828879,36.6084781],[27.18836089,36.60829021],[27.18846311,36.60818733],[27.18865572,36.60812496],[27.1889133,36.60813236],[27.18913631,36.60816215],[27.1892648,36.608266],[27.1894751,36.60841772],[27.18956872,36.6085368],[27.18982392,36.60870162],[27.18998299,36.60878302],[27.1903326,36.60876293],[27.190568,36.6088891],[27.19093575,36.60898653],[27.19137647,36.60913207],[27.19166476,36.60923878],[27.19195247,36.60933121],[27.19235065,36.6095208],[27.19298395,36.60981852],[27.19366601,36.61000764],[27.19393441,36.61009511],[27.19398818,36.61007446],[27.19410733,36.61011501],[27.19424892,36.61024949],[27.194406,36.61041283],[27.19445903,36.61046797],[27.19472035,36.61063738],[27.19500945,36.61062008],[27.19536434,36.610334],[27.19572332,36.60998598],[27.19586215,36.61000891],[27.19586584,36.61000987],[27.19579127,36.61013735],[27.19571644,36.61026529],[27.19550224,36.61055939],[27.1954821,36.6105916],[27.1953476,36.61080683],[27.19527216,36.61086512],[27.19519054,36.61092819],[27.19515731,36.61096671],[27.19506321,36.61107577],[27.19492108,36.61130486],[27.19473703,36.61165222],[27.19459513,36.61183625],[27.19435381,36.61203195],[27.19408329,36.61226449],[27.19396989,36.61233554],[27.19389828,36.61238042],[27.19382792,36.61242451],[27.19347177,36.6126604],[27.19344508,36.61267808],[27.19338865,36.61271564],[27.19320441,36.61285574],[27.19311767,36.61294497],[27.19303354,36.61303154],[27.19293417,36.6131964],[27.19283811,36.61334783],[27.19280624,36.61339807],[27.19280209,36.61343467],[27.19277859,36.6136421],[27.19277177,36.6137576],[27.1927642,36.61388578],[27.19270018,36.61395958],[27.19250811,36.614181],[27.19218164,36.61451414],[27.19198199,36.6147718],[27.19178879,36.61496966],[27.1917561,36.61500313],[27.19155707,36.61522473],[27.19145064,36.61541817],[27.19140109,36.61550825],[27.19127327,36.61574596],[27.19117392,36.61592884],[27.19108243,36.61609779],[27.190961,36.61632203],[27.19075514,36.61668083],[27.19067747,36.61681621],[27.1905076,36.61698296],[27.19039294,36.61718427],[27.19037892,36.61730179],[27.19042396,36.61732614],[27.19052184,36.61737903],[27.19066248,36.61738429],[27.19070601,36.61748373],[27.19073267,36.61754462],[27.19065679,36.61759889],[27.19054944,36.61767568],[27.19051346,36.61774933],[27.19049147,36.61779437],[27.190492,36.6178945],[27.19049274,36.61802862],[27.1903891,36.61810743],[27.19030849,36.61816873],[27.19010029,36.61833955],[27.19008143,36.61835503],[27.18978253,36.61856128],[27.18957582,36.61874877],[27.18952661,36.61879342],[27.18948779,36.61882648],[27.18928634,36.61899808],[27.18898781,36.61921333],[27.1888086,36.61935059],[27.18873181,36.61940942],[27.18871638,36.61948246],[27.18868972,36.61960879],[27.18849196,36.6197943],[27.18824958,36.61999903],[27.18803278,36.62009024],[27.18795221,36.62012415],[27.18768185,36.62015842],[27.18741088,36.62013496],[27.1872843,36.620124],[27.18687302,36.6200449],[27.18654628,36.61999959],[27.18645291,36.61998091],[27.18634762,36.61995985],[27.1860797,36.61995927],[27.186036,36.61995918],[27.18580779,36.61996529],[27.18551082,36.61996423],[27.18526502,36.61995968],[27.18511228,36.61995687],[27.18485722,36.6199727],[27.18465804,36.62000506],[27.18449766,36.62002734],[27.18441698,36.62003854],[27.18436077,36.62005307],[27.18426147,36.62007874],[27.18426144,36.62007875],[27.18414702,36.62009983],[27.18407798,36.62010811],[27.18405039,36.62011143],[27.18395306,36.62012304],[27.18390753,36.62012847],[27.18385572,36.62013466],[27.18375839,36.62014627],[27.18372696,36.62015002],[27.18366106,36.62015788],[27.18356265,36.62016051],[27.18346285,36.62016318],[27.18336515,36.6201658],[27.18329686,36.62016139],[27.18326638,36.62015943],[27.18316798,36.62016206],[27.1830706,36.62015566],[27.18301752,36.62015223],[27.18297182,36.62014928],[27.1829129,36.62013999],[27.18287407,36.62013388],[27.1827767,36.62012747],[27.18268308,36.62011258],[27.18267965,36.62011204],[27.1825826,36.62009661],[27.18254538,36.62008713],[27.18248658,36.62007215],[27.18240248,36.62005831],[27.18239232,36.62005664],[27.1823438,36.62004408],[27.18229769,36.62003214],[27.18220376,36.62000762],[27.18217651,36.62000039],[27.18211123,36.61998306],[27.18205943,36.61996942],[27.18201799,36.61995853],[27.18197148,36.6199413],[27.18192718,36.6199249],[27.18183777,36.61989125],[27.18174905,36.61985758],[27.18169095,36.61983552],[27.18166032,36.6198239],[27.18157404,36.61978116],[27.1814895,36.61974738],[27.18141622,36.61971011],[27.18140531,36.61970457],[27.18138721,36.61969453],[27.18126588,36.6196272],[27.18118937,36.61961482],[27.18117023,36.61961173],[27.18107491,36.61958724],[27.18102493,36.61957902],[27.18098066,36.61957175],[27.18088602,36.61954724],[27.18079432,36.6195231],[27.18079279,36.61952269],[27.18069919,36.61948915],[27.18060736,36.61946457],[27.18051552,36.61943999],[27.18042471,36.61940637],[27.1803339,36.61937276],[27.18030885,36.61936317],[27.18027571,36.61935048],[27.18024588,36.61933907],[27.18015718,36.6193054],[27.18006985,36.61927169],[27.18001678,36.61924605],[27.17998146,36.61922899],[27.17989623,36.61919522],[27.17982967,36.61916196],[27.17981065,36.61915246],[27.17972782,36.6191096],[27.17964502,36.61906677],[27.17960058,36.61904356],[27.17956292,36.6190239],[27.17951921,36.61900067],[27.1794822,36.61898101],[27.17943486,36.61895014],[27.17940253,36.61892907],[27.17932461,36.61888609],[27.17924702,36.6188341],[27.1791999,36.61880192],[27.17917083,36.61878208],[27.1790637,36.61871204],[27.17905164,36.61870415],[27.17904691,36.61870187],[27.17896326,36.61866147],[27.17893668,36.61865129],[27.17887524,36.61862777],[27.17878513,36.61859413],[27.17869469,36.61856951],[27.17860319,36.61853591],[27.17855054,36.61852182],[27.17851136,36.61851134],[27.17848175,36.61850063],[27.17841845,36.61847777],[27.17836842,36.6184647],[27.17832453,36.61845325],[27.1782306,36.61842872],[27.1781767,36.61841985],[27.17813634,36.61841321],[27.17804102,36.61838872],[27.17794537,36.61837325],[27.17784972,36.61835779],[27.17782451,36.61835374],[27.17775337,36.61834234],[27.17765907,36.61832747],[27.17765562,36.61832692],[27.17755858,36.61831149],[27.1774612,36.61830508],[27.17742188,36.61829888],[27.17736346,36.61828967],[27.17730881,36.6182861],[27.17726538,36.61828327],[27.17716731,36.61827688],[27.17714532,36.61827546],[27.17706854,36.61827051],[27.17697027,36.61827313],[27.17697014,36.61827313],[27.17687137,36.61826676],[27.17677297,36.61826939],[27.17667528,36.618272],[27.17657688,36.61827462],[27.17647708,36.61827729],[27.17637973,36.61828889],[27.17628731,36.61829991],[27.1762824,36.61830049],[27.1761847,36.6183031],[27.17608667,36.61831473],[27.17601791,36.61832898],[27.17598692,36.61833541],[27.17567892,36.6183211],[27.17561732,36.61831824],[27.17559421,36.61831784],[27.17520554,36.61831121],[27.17465069,36.61830798],[27.17454262,36.61831262],[27.17409833,36.61833171],[27.17393266,36.61833906],[27.17358785,36.61835435],[27.17342518,36.61836249],[27.1732037,36.61837359],[27.17272153,36.61842248],[27.1725656,36.61845368],[27.17246521,36.61848455],[27.17243728,36.61849314],[27.17242469,36.61849549],[27.17238113,36.61850364],[27.17236581,36.61852207],[27.17235116,36.61852246],[27.17209603,36.61943937],[27.17201506,36.61942538],[27.17187014,36.61940034],[27.17193282,36.61894182],[27.17196904,36.61867682],[27.17177014,36.61868212],[27.17155749,36.61869906],[27.1714303,36.6187092],[27.17110309,36.61875396],[27.17098542,36.61877327],[27.17077553,36.61880774],[27.17063463,36.61884753],[27.17040626,36.61893471],[27.17027944,36.6190282],[27.17022274,36.61911081],[27.17019421,36.6192315],[27.17017988,36.61929217],[27.1701804,36.61937338],[27.17018093,36.61945434],[27.1701892,36.61950948],[27.17019439,36.61954409],[27.17022594,36.61964354],[27.17023691,36.61967812],[27.17134483,36.61981081],[27.17134347,36.61998205],[27.17035057,36.61994543],[27.17029313,36.62001003],[27.17026773,36.62003207],[27.17020745,36.62008441],[27.17006654,36.6201242],[27.1698531,36.62018396],[27.16955477,36.6203541],[27.1693567,36.62056661],[27.16918622,36.62080543],[27.16890194,36.62102927],[27.1688446,36.62103517],[27.16854781,36.62106573],[27.16829225,36.62101846],[27.16809292,36.62082553],[27.1680868,36.62081403],[27.16793697,36.62053232],[27.16776569,36.62023952],[27.16752655,36.61987643],[27.16732703,36.61959338],[27.16728728,36.61951454],[27.16715669,36.6192555],[27.16710052,36.61916665],[27.16699981,36.61900736],[27.16699273,36.6190015],[27.16678866,36.61883277],[27.16664167,36.61858319],[27.16653263,36.61839804],[27.16649781,36.61820161],[27.16647539,36.61807516],[27.16644275,36.61804602],[27.16635285,36.61796578],[27.16625705,36.6178809],[27.16624918,36.61787393],[27.16624474,36.61787367],[27.1658234,36.61784921],[27.16541151,36.61795928],[27.16521018,36.61796956],[27.16504339,36.61797808],[27.16464505,36.61788956],[27.16438925,36.61756294],[27.16417584,36.61746949],[27.16400048,36.6174463],[27.16372207,36.61740947],[27.16367593,36.61737465],[27.16353751,36.6172702],[27.16317157,36.61773111],[27.16302592,36.61791456],[27.16294198,36.61782668],[27.16298403,36.61777139],[27.16342464,36.61719209],[27.16331029,36.61707799],[27.16316872,36.61696461],[27.16285682,36.61666652],[27.16276775,36.6166242],[27.16251555,36.61650441],[27.16227189,36.61648264],[27.16220422,36.61647661],[27.16190685,36.61644846],[27.16155141,36.61634977],[27.16128165,36.61617671],[27.16117676,36.61605875],[27.16105464,36.61592142],[27.16085685,36.61578251],[27.1607301,36.61568984],[27.16048814,36.61551295],[27.16007589,36.61525483],[27.16000491,36.61521039],[27.1595502,36.61502422],[27.15899686,36.61475055],[27.15844115,36.61440367],[27.15842913,36.61439616],[27.15799017,36.6142366],[27.1579843,36.61423415],[27.15756375,36.61405868],[27.15696778,36.61373206],[27.15664177,36.61351543],[27.15617389,36.61319443],[27.15577608,36.61301575],[27.15552459,36.612913],[27.15523757,36.61279574],[27.15501009,36.6127001],[27.15497301,36.61268452],[27.15485446,36.61263468],[27.1543994,36.61261069],[27.15434744,36.61262107],[27.15414146,36.6126622],[27.15377505,36.61273537],[27.15362024,36.61273947],[27.15324957,36.61274929],[27.15306174,36.61273437],[27.15301992,36.61273105],[27.15282414,36.6127155],[27.15228919,36.61263263],[27.15222798,36.61262315],[27.15201214,36.61258904],[27.15178851,36.6125537],[27.15120579,36.61255109],[27.15120456,36.61255123],[27.15059598,36.6126213],[27.15019835,36.61270391],[27.1496021,36.61274672],[27.14905258,36.61274503],[27.14899143,36.61274485],[27.14896203,36.61274287],[27.14850948,36.61271255],[27.14799047,36.6127098],[27.1479414,36.61270954],[27.14747328,36.612794],[27.14728822,36.61282142],[27.14710316,36.61284885],[27.14672973,36.61290841],[27.14649374,36.61294605],[27.14619547,36.61298097],[27.145742,36.61306504],[27.14554248,36.61310635],[27.14547322,36.61315778],[27.14542924,36.61319044],[27.14540031,36.61320813],[27.1453522,36.61323753],[27.14531439,36.61325951],[27.145271,36.61328474],[27.14522938,36.61330872],[27.14518908,36.61333195],[27.1451061,36.61337019],[27.14501824,36.61340856],[27.14496402,36.61343223],[27.14493039,36.61344693],[27.14488378,36.6134621],[27.14484005,36.61347634],[27.14474834,36.6135058],[27.14470075,36.61351623],[27.14465486,36.61352629],[27.14462038,36.61353375],[27.14455998,36.61354682],[27.14446441,36.61356736],[27.14445263,36.61356988],[27.14436814,36.61358793],[27.14427152,36.61359949],[27.14417172,36.61360213],[27.1441038,36.6136102],[27.14407438,36.61361371],[27.14397598,36.61361631],[27.14394679,36.61361441],[27.14393032,36.61361335],[27.14387721,36.61360991],[27.14377984,36.61360347],[27.14371101,36.613599],[27.14368108,36.61359706],[27.1436088,36.61359228],[27.14358371,36.61359062],[27.14356481,36.61358761],[27.14348668,36.61357516],[27.14342585,36.6135653],[27.1434255,36.61356525],[27.14339103,36.61355967],[27.14329643,36.61353513],[27.14326107,36.61352588],[27.14320252,36.61351057],[27.1431107,36.61348597],[27.14301991,36.61345232],[27.14296329,36.61343098],[27.14293051,36.61341863],[27.14276575,36.61338694],[27.14273336,36.61338173],[27.14266942,36.61337146],[27.14261603,36.61336281],[27.14257378,36.61335597],[27.14255913,36.61335365],[27.14247605,36.61334052],[27.14242692,36.61333282],[27.14237762,36.61332512],[27.14230534,36.61332022],[27.14228164,36.61331862],[27.14220201,36.61330603],[27.14218392,36.61330318],[27.14208584,36.61329676],[27.14202119,36.61329248],[27.14198848,36.61329031],[27.14190651,36.613285],[27.1418897,36.61328391],[27.14179234,36.61327747],[27.14175154,36.61327482],[27.14169358,36.61327106],[27.14168946,36.61327079],[27.14159552,36.61326464],[27.14153976,36.61326102],[27.14149675,36.61325823],[27.14144948,36.61325948],[27.14139975,36.61326079],[27.14130097,36.6132544],[27.14120119,36.61325703],[27.1411035,36.61325961],[27.1410051,36.6132622],[27.14090671,36.6132648],[27.1408076,36.61326741],[27.1407092,36.61327001],[27.1406122,36.61327257],[27.14051416,36.61328416],[27.14041437,36.61328679],[27.14038216,36.61329062],[27.14031704,36.61329837],[27.14021971,36.61330995],[27.1401595,36.61331711],[27.14012237,36.61332153],[27.14004036,36.61333128],[27.14002504,36.6133331],[27.1399277,36.61334468],[27.13989127,36.61334901],[27.13983038,36.61335627],[27.13974322,36.61337487],[27.1397341,36.61337682],[27.13963746,36.61338838],[27.1394309,36.61340925],[27.13941752,36.6134106],[27.13939603,36.61341277],[27.13912676,36.61347394],[27.13881372,36.61364439],[27.13865766,36.61379267],[27.13865753,36.61394839],[27.13865744,36.61406302],[27.13877242,36.61415911],[27.13887409,36.614202],[27.13891316,36.61421847],[27.13902756,36.61438667],[27.13901201,36.61443514],[27.13899841,36.61447756],[27.13890996,36.61448784],[27.13889828,36.6144892],[27.13868021,36.61443759],[27.13865845,36.61443244],[27.13861676,36.61440352],[27.13857579,36.61437511],[27.13844568,36.61428486],[27.13827441,36.61412718],[27.13816485,36.61403146],[27.13810627,36.61398029],[27.1381042,36.61397849],[27.13792707,36.61393485],[27.13790591,36.61392964],[27.13790102,36.61392905],[27.13788025,36.61392655],[27.13753734,36.61388529],[27.13753289,36.61388404],[27.13733256,36.61382776],[27.13706812,36.61375348],[27.13700042,36.61372939],[27.13671441,36.61362763],[27.13635795,36.61352429],[27.136344,36.61352025],[27.13596268,36.61336809],[27.13573424,36.61324796],[27.13557846,36.61316194],[27.13536476,36.61307746],[27.1352902,36.61310596],[27.13523818,36.61312586],[27.13519547,36.61324412],[27.13515728,36.61326658],[27.13506719,36.61331959],[27.13499104,36.61335527],[27.13492458,36.61338642],[27.1348004,36.61340771],[27.13470236,36.6134193],[27.13460466,36.61342187],[27.13456265,36.61342684],[27.13450663,36.61343347],[27.13444973,36.61342977],[27.13440786,36.61342706],[27.1343091,36.61342065],[27.13423123,36.61341549],[27.13421173,36.6134142],[27.13417725,36.61341191],[27.13411437,36.61340775],[27.13406004,36.61339388],[27.13401837,36.61338325],[27.1340108,36.61338202],[27.13392272,36.61336774],[27.13391984,36.613367],[27.13391268,36.61336515],[27.13382742,36.61334322],[27.1337363,36.61331858],[27.13364412,36.61328496],[27.13364224,36.61328425],[27.13355543,36.61325125],[27.13348181,36.61322279],[27.13346813,36.61321751],[27.13338394,36.61317467],[27.13332868,36.61314577],[27.13330189,36.61313177],[27.13322191,36.61308882],[27.13314574,36.61303676],[27.13307238,36.61298462],[27.13300144,36.61292341],[27.13296919,36.61289772],[27.13293574,36.61287108],[27.132909,36.61284541],[27.13287178,36.61280968],[27.13283656,36.61277344],[27.132812,36.61274818],[27.13275535,36.61267759],[27.13270395,36.61261586],[27.13268583,36.61258887],[27.13265637,36.61254502],[27.13261298,36.61247407],[27.13259543,36.61245969],[27.13257035,36.61243915],[27.13233423,36.61228748],[27.13231429,36.61227467],[27.13228167,36.61225076],[27.13201766,36.61205721],[27.13186107,36.61191714],[27.13171413,36.61176315],[27.13167653,36.61172375],[27.13161396,36.61164937],[27.13153562,36.61155626],[27.13123767,36.61137486],[27.13091059,36.61130236],[27.13090894,36.61130234],[27.13080543,36.61130161],[27.13064085,36.61130044],[27.1303146,36.61130002],[27.13030959,36.61129803],[27.13013894,36.61123031],[27.13005901,36.61119859],[27.12974716,36.6110536],[27.1296964,36.61084602],[27.12969024,36.61082081],[27.12976094,36.61073784],[27.12981388,36.61070699],[27.12987423,36.6106718],[27.12998819,36.6105877],[27.13005973,36.61038758],[27.13004545,36.61026376],[27.13003175,36.61014501],[27.12997471,36.60984014],[27.12987581,36.60953637],[27.12980196,36.60931701],[27.12973448,36.60911656],[27.1294938,36.60874442],[27.12940652,36.60868264],[27.12913781,36.60849247],[27.12885584,36.60840714],[27.12869934,36.6083598],[27.12840053,36.60826027],[27.12827307,36.60821782],[27.12801034,36.60812954],[27.12787507,36.60808409],[27.12763527,36.60802731],[27.12759322,36.60799515],[27.12746442,36.60789663],[27.12744287,36.60778677],[27.1274222,36.60768148],[27.12747879,36.60750878],[27.12750465,36.60739128],[27.12753662,36.60724594],[27.12753582,36.60710932],[27.12753518,36.60700268],[27.12748005,36.60680194],[27.12746638,36.60675217],[27.12729612,36.60654939],[27.12726638,36.60647659],[27.12713951,36.60616604],[27.12707887,36.60593964],[27.12705562,36.60585285],[27.12704119,36.60556487],[27.12702725,36.60538899],[27.12701268,36.60520518],[27.12699886,36.60486312],[27.12702087,36.60462855],[27.12702767,36.60455598],[27.12702802,36.60433971],[27.12700063,36.60402504],[27.12699092,36.60384154],[27.12698587,36.60374608],[27.12697102,36.60341307],[27.12696359,36.6033297],[27.12693015,36.60295457],[27.1269079,36.60270139],[27.1269017,36.60263092],[27.12688251,36.60251186],[27.12685976,36.6023707],[27.12674604,36.60195917],[27.12670226,36.60179179],[27.12666178,36.60163699],[27.12664411,36.60155752],[27.12659008,36.60131447],[27.1265798,36.60121428],[27.12657965,36.60121283],[27.12654858,36.60091006],[27.12649213,36.60051506],[27.1264815,36.60045545],[27.12643615,36.60020114],[27.126387610936042,36.6],[27.105180774892574,36.6],[27.10527543,36.60060366],[27.10541968,36.6014418],[27.10551257,36.60186283],[27.10559749,36.60222106],[27.10576837,36.60287138],[27.10611849,36.60392652],[27.10614988,36.60400931],[27.10615346,36.60402688],[27.10620225,36.60425575],[27.10627387,36.60457828],[27.10628792,36.60464088],[27.10629692,36.60540271],[27.10631064,36.60574478],[27.10631065,36.60574481],[27.10634166,36.60626564],[27.10635465,36.6064302],[27.10635927,36.60652279],[27.1064415,36.60748243],[27.10661784,36.60856539],[27.10680835,36.60937322],[27.10682172,36.60942319],[27.10696237,36.61028622],[27.10700454,36.61050139],[27.10702613,36.61060928],[27.10728996,36.61168062],[27.10764015,36.61273575],[27.1080752,36.61377016],[27.10859326,36.61477941],[27.1091921,36.61575918],[27.10986916,36.61670528],[27.11062156,36.61761364],[27.11082115,36.61783096],[27.11087547,36.61793676],[27.11147436,36.61891652],[27.11215149,36.6198626],[27.11290394,36.62077095],[27.1137285,36.62163768],[27.11462164,36.62245907],[27.1153705,36.62306304],[27.1151454,36.6230391],[27.11379329,36.62296736],[27.11243827,36.62296704],[27.11221143,36.62297297],[27.11085926,36.62304407],[27.10951575,36.62318629],[27.10818666,36.62339901],[27.10687765,36.62368134],[27.10559435,36.62403205],[27.10434224,36.62444966],[27.10312668,36.62493236],[27.10195287,36.62547811],[27.10082584,36.62608455],[27.09975041,36.62674911],[27.09873119,36.62746892],[27.09863183,36.62754436],[27.09785039,36.6281046],[27.09689172,36.62887659],[27.09599773,36.62969746],[27.09517225,36.63056369],[27.09481492,36.63097828],[27.09480287,36.63099009],[27.09426717,36.63153868],[27.09411171,36.63170492],[27.0938219,36.63202255],[27.09306842,36.63293043],[27.09239022,36.63387608],[27.0917902,36.63485545],[27.09127092,36.63586435],[27.09083462,36.63689846],[27.09058676,36.63761235],[27.09052903,36.63779407],[27.09042543,36.63813507],[27.09016033,36.63920623],[27.08998273,36.64028907],[27.08990236,36.64119255],[27.08983273,36.64125211],[27.08893852,36.64207293],[27.08811284,36.64293912],[27.0873592,36.64384697],[27.0872333,36.64401204],[27.087005,36.64431533],[27.08645252,36.64509588],[27.08585235,36.64607523],[27.08533292,36.64708411],[27.08489649,36.6481182],[27.08454491,36.64917308],[27.08428011,36.65024223],[27.08427453,36.65026142],[27.08400931,36.65133257],[27.08398629,36.65144695],[27.08394031,36.65156722],[27.08358871,36.65262209],[27.08332347,36.65369324],[27.08314575,36.65477607],[27.0830563,36.65586595],[27.08304622,36.65622714],[27.0829978,36.65693979],[27.08299701,36.65803205],[27.08306001,36.65890233],[27.08315564,36.66024656],[27.08325666,36.66093156],[27.08324822,36.66105741],[27.08323244,36.66131013],[27.08321777,36.66159285],[27.08321699,36.6626851],[27.08325472,36.66328928],[27.08320134,36.66405331],[27.08320056,36.66514557],[27.08328846,36.66623552],[27.08346467,36.66731852],[27.08372843,36.66838991],[27.08407861,36.6694451],[27.08451373,36.67047959],[27.08503192,36.67148893],[27.08511903,36.67164197],[27.08524504,36.67187088],[27.08584409,36.67285076],[27.08652143,36.67379697],[27.0868399,36.67419717],[27.08700507,36.67445165],[27.08768244,36.67539786],[27.08843521,36.67630634],[27.08926014,36.67717322],[27.09015372,36.67799477],[27.09111211,36.67876748],[27.09213121,36.67948804],[27.09320665,36.68015336],[27.09433383,36.68076059],[27.09550793,36.68130713],[27.09612799,36.68156365],[27.09629852,36.6816313],[27.09689443,36.68185829],[27.09814708,36.68227669],[27.0981604,36.68228073],[27.09890007,36.6825184],[27.09952835,36.68269983],[27.09979844,36.68277389],[27.10045412,36.68294395],[27.10176388,36.68322704],[27.10309383,36.68344051],[27.10443827,36.68358345],[27.10579145,36.68365524],[27.10591248,36.68365818],[27.10694237,36.68370629],[27.10702302,36.68370831],[27.10745052,36.68414264],[27.10834437,36.68496405],[27.10877236,36.68532149],[27.10908464,36.68557465],[27.10961531,36.68598976],[27.11063467,36.68671014],[27.11096241,36.68692244],[27.11118849,36.68707413],[27.11184561,36.6874911],[27.11202557,36.68761642],[27.11221913,36.68788672],[27.11257105,36.68855049],[27.11317058,36.68953021],[27.11350157,36.69001004],[27.11355862,36.69008965],[27.11390546,36.69055584],[27.11465869,36.69146414],[27.11548408,36.69233081],[27.11637811,36.69315215],[27.11733694,36.69392462],[27.11835648,36.69464494],[27.11943236,36.69531],[27.12055996,36.69591696],[27.12173446,36.69646321],[27.12295082,36.69694643],[27.12420384,36.69736453],[27.12548815,36.69771574],[27.12679823,36.69799853],[27.12790079,36.69818037],[27.12811463,36.69821079],[27.12834234,36.69824212],[27.12877634,36.69829605],[27.12882699,36.69830562],[27.13003495,36.6985022],[27.13008981,36.69850977],[27.1301908,36.6985235],[27.13035957,36.69854609],[27.13038089,36.69854893],[27.13042,36.6985541],[27.13064852,36.69858413],[27.13195414,36.69872158],[27.13269408,36.69876953],[27.13282083,36.69877615],[27.13353677,36.69880503],[27.13363333,36.6988074],[27.133709,36.6988095],[27.13506524,36.69880952],[27.13518052,36.69880648],[27.13518062,36.69880648],[27.13518068,36.69880648],[27.13529456,36.69880348],[27.13664794,36.69873204],[27.13672338,36.69872594],[27.13681944,36.69871851],[27.13753145,36.698652],[27.13765735,36.69863871],[27.1383919,36.69855189],[27.13969537,36.69834379],[27.13997648,36.69829132],[27.14000328,36.6982863],[27.14005697,36.69827616],[27.14022214,36.69824476],[27.14147855,36.69797216],[27.14218705,36.6977878],[27.14233061,36.69774838],[27.14250921,36.69769891],[27.14308791,36.69753133],[27.14434094,36.69711327],[27.14436303,36.6971052],[27.14452221,36.69704693],[27.14472209,36.69697272],[27.14492804,36.69689518],[27.14592244,36.6964943],[27.14629645,36.69632927],[27.14724668,36.69588105],[27.14759033,36.69570512],[27.14795377,36.69551414],[27.14866322,36.69512232],[27.14897698,36.69493759],[27.14899449,36.69492708],[27.14955992,36.69461199],[27.15063579,36.69394697],[27.15165533,36.69322669],[27.15261417,36.69245426],[27.1535082,36.69163297],[27.15412549,36.69099616],[27.15460371,36.69047984],[27.15535694,36.68957159],[27.15603478,36.6886256],[27.15604545,36.6886095],[27.15621536,36.68835268],[27.15675696,36.6874726],[27.15691356,36.68719812],[27.15696084,36.68711463],[27.15698301,36.68707149],[27.15716356,36.6876137],[27.15759976,36.68864786],[27.15796975,36.68938527],[27.15809845,36.68962515],[27.15824772,36.68989671],[27.15870614,36.69065899],[27.15881969,36.69083619],[27.15896138,36.69105336],[27.15963976,36.69199911],[27.16039352,36.69290709],[27.16121941,36.69377341],[27.16211392,36.69459438],[27.16307321,36.69536647],[27.16379954,36.69588875],[27.16403989,36.69605356],[27.16433351,36.69625118],[27.16540977,36.6969158],[27.16653773,36.69752231],[27.16771255,36.69806809],[27.16892919,36.69855082],[27.17018245,36.69896843],[27.17146696,36.69931912],[27.1727772,36.6996014],[27.17410758,36.69981405],[27.17545238,36.69995617],[27.17680585,36.70002714],[27.17707958,36.7000328],[27.17729372,36.70003609],[27.17837633,36.70002995],[27.17972972,36.69995802],[27.18107437,36.69981496],[27.1824045,36.69960136],[27.18341146,36.69939028],[27.18366071,36.69935829],[27.18499083,36.69914467],[27.18630074,36.69886144],[27.18758483,36.69850982],[27.18841516,36.69824112],[27.18855721,36.69819226],[27.18897965,36.69804244],[27.19019573,36.69755883],[27.19041105,36.6974647],[27.19045431,36.69744552],[27.19063877,36.69736275],[27.19076378,36.69730932],[27.19180206,36.69683023],[27.19219367,36.69663867],[27.19332091,36.69603135],[27.19434154,36.69540212],[27.19448451,36.69530818],[27.19453936,36.695272],[27.19555848,36.69455137],[27.19651686,36.69377861],[27.19741042,36.69295701],[27.19823532,36.6920901],[27.19898803,36.69118159],[27.19934358,36.69070278],[27.20002033,36.68975727],[27.20061931,36.68877741],[27.20113743,36.68776809],[27.20135734,36.68727299],[27.20186132,36.68628886],[27.20209731,36.6857555]],[[27.13252918,36.68173502],[27.1325163,36.6817117],[27.13250989,36.68170009],[27.13249974,36.68168174],[27.13235816,36.68170225],[27.13227176,36.68171478],[27.13203187,36.68174813],[27.13192449,36.68175715],[27.13171968,36.68177436],[27.13150587,36.68174394],[27.13149381,36.68172712],[27.13148898,36.68172038],[27.13144881,36.68166436],[27.13148978,36.6816157],[27.13153332,36.681564],[27.13153417,36.68156299],[27.13156554,36.68142053],[27.13159205,36.68130013],[27.13158204,36.68124425],[27.13154866,36.68105799],[27.13137865,36.68090027],[27.13132984,36.68085095],[27.13126564,36.68078609],[27.13121143,36.68070646],[27.13118528,36.68066805],[27.13115114,36.6806179],[27.13130743,36.68052367],[27.13129338,36.68028074],[27.13115151,36.68004118],[27.13098123,36.67992852],[27.13070219,36.67982206],[27.13058352,36.67977679],[27.1305335,36.67975241],[27.13028536,36.67963145],[27.13007228,36.67941177],[27.13007258,36.67912941],[27.13007267,36.67904232],[27.13010065,36.67866312],[27.13010152,36.67843263],[27.1301016,36.67841079],[27.1300692,36.67833808],[27.13004036,36.67827334],[27.13000238,36.67818812],[27.1299395,36.6781246],[27.12988937,36.67807395],[27.12981896,36.6780053],[27.12979037,36.67797744],[27.12971837,36.67794328],[27.12976108,36.67780699],[27.12967975,36.67763919],[27.12966189,36.67760235],[27.12964029,36.67758363],[27.12952058,36.67747993],[27.12940629,36.67741985],[27.12939239,36.67726702],[27.12938231,36.67723709],[27.12936134,36.67717485],[27.12935026,36.67714198],[27.12929674,36.67706966],[27.12929186,36.67706307],[27.12926521,36.67702707],[27.12921319,36.67702338],[27.12908009,36.67701393],[27.12892075,36.67697542],[27.12881107,36.67694891],[27.12856895,36.6768922],[27.12822789,36.67677501],[27.1281049,36.67668322],[27.12802962,36.67662704],[27.12787242,36.6764059],[27.12781672,36.67610098],[27.12776394,36.67600157],[27.12773051,36.67593859],[27.12767518,36.67583437],[27.12765922,36.67581791],[27.12754747,36.67570257],[27.12744196,36.67560807],[27.12736176,36.67553623],[27.12724929,36.67512468],[27.12707945,36.67484981],[27.12683776,36.67463088],[27.12673418,36.67447249],[27.12672012,36.67445099],[27.12671031,36.674436],[27.1265766,36.6744131],[27.12648222,36.67439694],[27.12636223,36.67438994],[27.12626916,36.67438451],[27.12610821,36.67438089],[27.12608442,36.67438036],[27.12597128,36.67459057],[27.12595552,36.67464082],[27.12590006,36.67481773],[27.12578283,36.67494467],[27.12577213,36.67495626],[27.12548852,36.67492766],[27.12536495,36.67483063],[27.12513322,36.67464865],[27.12500669,36.6745506],[27.12486327,36.67443947],[27.12470341,36.67437118],[27.12456517,36.67431214],[27.12439293,36.67420737],[27.12433794,36.67417392],[27.12399633,36.67392157],[27.12378416,36.67381],[27.12356267,36.67363047],[27.12347188,36.67355687],[27.12340231,36.67339383],[27.12327415,36.67309349],[27.12323113,36.67284231],[27.12316843,36.67268511],[27.12313759,36.67260778],[27.12313154,36.67259262],[27.12307586,36.6722877],[27.12306627,36.67224206],[27.12303254,36.6720816],[27.1229598,36.6719842],[27.12295654,36.67197983],[27.12293352,36.67194902],[27.12289994,36.67191386],[27.1228669,36.67188068],[27.12286496,36.67187873],[27.12286086,36.67187435],[27.12283207,36.67184355],[27.12280022,36.67179933],[27.12277542,36.67177095],[27.12276944,36.67176411],[27.12273828,36.67171986],[27.12273549,36.67171634],[27.12273343,36.67171375],[27.12271028,36.67168455],[27.12268394,36.67164339],[27.12268193,36.67164025],[27.12265533,36.67160491],[27.12263546,36.67157134],[27.12262906,36.67156052],[27.1226042,36.67151613],[27.12258038,36.67148072],[27.12255831,36.67143623],[27.12253484,36.6713918],[27.12251556,36.67134724],[27.12249488,36.67130273],[27.12247878,36.67126411],[27.12247631,36.67125816],[27.12245982,36.67121354],[27.12245456,36.67120285],[27.1224423,36.67117796],[27.1224286,36.67113329],[27.12242194,36.67111353],[27.12241835,36.67110291],[27.12241352,36.6710886],[27.12240741,36.67106759],[27.12240237,36.67105025],[27.12240052,36.67104389],[27.12239962,36.6710396],[27.12239444,36.67101484],[27.12238926,36.67099011],[27.12237697,36.67094538],[27.12237507,36.67093487],[27.12236886,36.67090054],[27.12236598,36.67088695],[27.12235936,36.67085573],[27.12235265,36.67081085],[27.12234664,36.67076596],[27.1223441,36.6707445],[27.12234132,36.67072104],[27.12233987,36.67070431],[27.12233741,36.67067609],[27.12233559,36.67063108],[27.12233341,36.67057707],[27.12233269,36.67054832],[27.12233228,36.67053205],[27.12233325,36.67048696],[27.12233562,36.67044185],[27.12233799,36.67039674],[27.12233992,36.67037373],[27.12234177,36.67035158],[27.12234833,36.67030635],[27.12235387,36.67026814],[27.12235489,36.67026112],[27.12235601,36.67025412],[27.12236215,36.67021588],[27.1223715,36.67017058],[27.12237955,36.67013662],[27.12238225,36.67012524],[27.1223923,36.67007992],[27.12240444,36.67003454],[27.12241535,36.669998],[27.122418,36.66998914],[27.1224213,36.66997806],[27.12243154,36.66994372],[27.12243587,36.66993168],[27.12244788,36.66989824],[27.12246491,36.66985274],[27.12248195,36.66980724],[27.12250178,36.66976166],[27.12251682,36.66973345],[27.12252127,36.66972511],[27.12252598,36.66971531],[27.1225432,36.66967947],[27.12256442,36.66963386],[27.12257318,36.66961819],[27.12259506,36.66957899],[27.12262845,36.66947162],[27.1226798,36.66930645],[27.12278002,36.66908755],[27.12277316,36.66888547],[27.12276616,36.66867927],[27.12276535,36.6686554],[27.12274452,36.66861473],[27.12265939,36.66844852],[27.12261051,36.66835309],[27.1223272,36.66807217],[27.12195772,36.66783857],[27.12164495,36.66769359],[27.12113647,36.66734198],[27.12110553,36.66732027],[27.1206798,36.6670611],[27.12009788,36.66674295],[27.11964357,36.66652058],[27.11934551,36.66639323],[27.11889188,36.66615281],[27.11846484,36.66594774],[27.11806723,36.66579596],[27.11768509,36.66571586],[27.11741474,36.66566888],[27.11718705,36.66565682],[27.1169447,36.66564515],[27.11670413,36.66566046],[27.11644823,36.6656942],[27.11607948,36.66568583],[27.11586603,36.66562834],[27.11565409,36.66541762],[27.11553968,36.66526743],[27.11548105,36.66519777],[27.1153987,36.66509992],[27.11514227,36.66501652],[27.11492953,36.66495901],[27.1146603,36.66495705],[27.11430426,36.66503846],[27.11400635,36.66522647],[27.11380681,36.66535785],[27.11356462,36.6654543],[27.1131393,36.6654474],[27.11278429,36.66551977],[27.1124854,36.66552759],[27.11203111,36.66553046],[27.11163364,36.66546876],[27.11123656,36.66543409],[27.1108668,36.66545277],[27.11036974,36.6655739],[27.11005696,36.66563614],[27.10982968,36.66566911],[27.10953121,36.66572197],[27.10928979,36.66587245],[27.10913432,36.66605674],[27.10897715,36.6662681],[27.10877812,36.6665166],[27.10870663,36.66658154],[27.10855049,36.66678387],[27.10828043,36.6669351],[27.10796762,36.66697931],[27.10762687,36.66702426],[27.10742778,36.66699341],[27.10727225,36.66689835],[27.10710077,36.6668758],[27.10684566,36.66698158],[27.10661859,36.66691542],[27.1064762,36.6669732],[27.10620616,36.66689915],[27.10588047,36.66672743],[27.10545331,36.66665748],[27.1052828,36.66658984],[27.10517055,36.66623232],[27.10510004,36.66600889],[27.10491512,36.66586053],[27.10467359,36.66569561],[27.1046184,36.66543573],[27.10451924,36.66519503],[27.10436127,36.66509102],[27.10412158,36.66498913],[27.10410629,36.6648003],[27.10390839,36.66460722],[27.103937,36.66434515],[27.10410831,36.66424156],[27.10416478,36.6639247],[27.10406562,36.66368398],[27.10399425,36.66333441],[27.10408116,36.66306181],[27.10416574,36.66287037],[27.10416609,36.66261806],[27.10403828,36.66236007],[27.10392415,36.66214678],[27.10393986,36.66189406],[27.10401099,36.66157682],[27.10416789,36.66141052],[27.10447965,36.66137536],[27.10477843,36.66129547],[27.10496302,36.66120956],[27.10497774,36.66100192],[27.10490592,36.66083259],[27.10463747,36.66062333],[27.10446651,36.66047459],[27.10433915,36.66027967],[27.10421142,36.66007575],[27.10408428,36.65979972],[27.10408476,36.65939421],[27.10412706,36.65917684],[27.10408597,36.65900671],[27.10387253,36.65893117],[27.10377398,36.65861835],[27.10388784,36.6583901],[27.1040006,36.65813485],[27.10400121,36.65781945],[27.10383097,36.6576707],[27.10370293,36.65749382],[27.10381775,36.65720247],[27.10390196,36.65700203],[27.10390303,36.65676772],[27.10377508,36.6566449],[27.10376114,36.65641998],[27.1039604,36.65609039],[27.10420208,36.65589485],[27.10434462,36.6557019],[27.10438647,36.65542146],[27.10438751,36.65516912],[27.1043599,36.65489951],[27.10433203,36.65469299],[27.10441772,36.65454657],[27.10444594,36.65425748],[27.10444636,36.65405923],[27.10451762,36.65383209],[27.10465969,36.65355805],[27.1047168,36.65320513],[27.10471647,36.65297085],[27.10494473,36.65266753],[27.10522808,36.65257002],[27.10558468,36.65241654],[27.10586887,36.65216583],[27.10612465,36.65207805],[27.10645021,36.65195241],[27.10665001,36.65177598],[27.10664962,36.65150566],[27.10666346,36.65141519],[27.10693466,36.65136305],[27.10714816,36.65124934],[27.10721847,36.65086003],[27.10721959,36.65066176],[27.10738926,36.65041403],[27.10763068,36.65029959],[27.10787309,36.65014007],[27.10795809,36.6500117],[27.1082427,36.64982404],[27.10845524,36.64977344],[27.1086263,36.64976897],[27.10872495,36.64966727],[27.10882389,36.64952051],[27.10903798,36.64933469],[27.10913774,36.64927802],[27.10930772,36.64924655],[27.10956362,36.64924887],[27.1096488,36.64924665],[27.10976261,36.64924367],[27.10987605,36.6492317],[27.11000403,36.64912923],[27.11013236,36.64903577],[27.11023174,36.64895207],[27.11030313,36.64883306],[27.11033135,36.64878727],[27.1103731,36.64869607],[27.110388,36.64861458],[27.11040154,36.64856917],[27.11040245,36.64847002],[27.11047376,36.64829695],[27.11054507,36.64812387],[27.11060177,36.64798723],[27.1108295,36.64758479],[27.1110144,36.64726456],[27.11114201,36.6471531],[27.1114688,36.6469373],[27.11171133,36.64686788],[27.11199517,36.64664419],[27.11206597,36.64637201],[27.11199503,36.64608551],[27.11198036,36.6458426],[27.11212355,36.64564962],[27.11237933,36.64557985],[27.11274892,36.64550711],[27.11289183,36.64535919],[27.11289067,36.64505285],[27.11263452,36.64487032],[27.112281,36.64471736],[27.1122813,36.64444702],[27.11228084,36.64414065],[27.11215357,36.64399981],[27.11196909,36.6438965],[27.11179828,36.64381987],[27.1116861,36.64374169],[27.11162869,36.64363507],[27.11153015,36.64356556],[27.11128801,36.6434187],[27.11111779,36.64326995],[27.11120295,36.64302443],[27.11128861,36.64287801],[27.1113035,36.64279652],[27.11130337,36.64270642],[27.11124606,36.64267187],[27.11121879,36.64263654],[27.11116084,36.64263806],[27.11097674,36.64254375],[27.11077831,36.6424408],[27.11063679,36.64234537],[27.11059414,36.64206714],[27.11059429,36.64193197],[27.11065197,36.64175024],[27.11080742,36.64158398],[27.111049,36.64159569],[27.1113326,36.64169641],[27.11154535,36.64180799],[27.11187213,36.64183549],[27.11205597,36.64174959],[27.11218509,36.64148489],[27.11217083,36.64128702],[27.11194342,36.64117583],[27.11165976,36.64103906],[27.11156067,36.6408344],[27.1116893,36.64071389],[27.11190249,36.64064523],[27.11198666,36.64044479],[27.11200214,36.6402912],[27.11217171,36.6402327],[27.11262716,36.64017573],[27.11272577,36.64005601],[27.11278347,36.6398923],[27.11278398,36.63976613],[27.11288296,36.63965541],[27.11310984,36.63964948],[27.11337953,36.6397866],[27.11350695,36.63979228],[27.1136626,36.63999547],[27.113635,36.64021245],[27.11363398,36.64046479],[27.11367619,36.64067995],[27.11353496,36.64100805],[27.11340582,36.64125472],[27.1133067,36.64150062],[27.11329217,36.64181638],[27.11329218,36.64205968],[27.11327728,36.64236645],[27.11310692,36.64259618],[27.11303621,36.64269715],[27.11296387,36.64287927],[27.11296461,36.64314057],[27.11303494,36.64348115],[27.11316187,36.6438563],[27.11324748,36.64414241],[27.1133613,36.64438273],[27.11350172,36.64467643],[27.11372919,36.64504894],[27.11394112,36.6452957],[27.11415497,36.64543428],[27.11446649,36.64551624],[27.11492183,36.64559443],[27.1151482,36.64569664],[27.1152462,36.64585628],[27.11514744,36.64611118],[27.11504833,36.64635707],[27.11504734,36.64662743],[27.11507627,36.64682491],[27.11520291,36.64700182],[27.11551566,36.64720088],[27.11565789,36.64729628],[27.11587117,36.64750696],[27.1158273,36.64780548],[27.11562798,36.64804499],[27.11543016,36.64835654],[27.1152868,36.64866667],[27.11523002,36.64897454],[27.11524384,36.64933462],[27.11525878,36.64951445],[27.11518644,36.64969656],[27.11507182,36.64985275],[27.11504501,36.64989851],[27.11501853,36.64993525],[27.11499312,36.64998097],[27.11496804,36.65001767],[27.11494541,36.65006331],[27.11492279,36.65010896],[27.11489911,36.65014563],[27.11487858,36.65019122],[27.11486084,36.65023674],[27.11484101,36.65028231],[27.11482361,36.65031881],[27.11480727,36.65036429],[27.11479163,36.65040976],[27.11477739,36.65045519],[27.11476384,36.6505006],[27.11475239,36.65054595],[27.11474094,36.65059131],[27.11473018,36.65063664],[27.11472222,36.65068191],[27.11471356,36.65072719],[27.1147063,36.65077244],[27.11470044,36.65081764],[27.11469597,36.65086282],[27.11469256,36.65091697],[27.11469088,36.65096207],[27.11468781,36.65100721],[27.11468892,36.65105223],[27.11468934,36.65109728],[27.11469116,36.65114229],[27.11469437,36.65118726],[27.11469828,36.65123221],[27.11470394,36.65128613],[27.11470995,36.65133103],[27.11471735,36.65137589],[27.11472614,36.65142071],[27.11473424,36.65146556],[27.11474653,36.65151029],[27.11475742,36.65155506],[27.11477041,36.65159978],[27.11478409,36.65164447],[27.11479917,36.65168913],[27.11481495,36.65173378],[27.11483213,36.65177838],[27.1148493,36.65182299],[27.11486927,36.65186752],[27.11488924,36.65191205],[27.1149106,36.65195655],[27.1149323,36.65199202],[27.11495576,36.65203647],[27.11497992,36.65208089],[27.11500581,36.65211626],[27.11503066,36.65216066],[27.11505831,36.65220499],[27.11506691,36.65221557],[27.115087,36.65224029],[27.11511674,36.65228456],[27.11512941,36.65229977],[27.11514612,36.65231984],[27.11517656,36.6523641],[27.11520803,36.65239931],[27.1152409,36.65243449],[27.11527554,36.65247865],[27.11530911,36.65251381],[27.11534547,36.6525489],[27.11538114,36.65258401],[27.11545316,36.65265421],[27.11560959,36.65289342],[27.11579342,36.65301476],[27.11579337,36.65342928],[27.11570807,36.65380997],[27.11573491,36.65423279],[27.11587718,36.65457149],[27.11604679,36.65475627],[27.1162749,36.65505668],[27.11636017,36.65533379],[27.11644477,36.65562894],[27.11665648,36.65616406],[27.11682711,36.65654707],[27.11701154,36.65682158],[27.11729523,36.65716557],[27.11745085,36.65753997],[27.11760679,36.65790533],[27.11777696,36.65820725],[27.11794682,36.65853621],[27.11806081,36.65886663],[27.11811727,36.65901834],[27.11814534,36.65910771],[27.11984962,36.65891886],[27.11989284,36.65908894],[27.11828676,36.6593383],[27.11838548,36.65949791],[27.11854238,36.65980017],[27.11874067,36.66000222],[27.11898293,36.66018511],[27.11919479,36.66056703],[27.11935038,36.6609234],[27.11950635,36.66128876],[27.11981063,36.66165817],[27.11981875,36.66166804],[27.12008837,36.66192229],[27.12035699,36.6622036],[27.12061298,36.6624492],[27.12072764,36.6625363],[27.12079759,36.66260655],[27.12116653,36.66230852],[27.12149397,36.66203861],[27.1217073,36.66181675],[27.121964,36.66185508],[27.12184835,36.66202031],[27.12152201,36.66231723],[27.12098197,36.662827],[27.1213654,36.66328551],[27.12155051,36.66352396],[27.12194664,36.66405423],[27.12209319,36.6642364],[27.1223868,36.66460136],[27.12284091,36.6651301],[27.12285324,36.66514104],[27.12311052,36.66536632],[27.12352186,36.66578806],[27.12396089,36.66627214],[27.12430567,36.6667092],[27.12431607,36.66672238],[27.12460084,36.66703929],[27.1247988,36.66723234],[27.1248946,36.66733975],[27.12503796,36.66750048],[27.12509986,36.66756989],[27.1251679,36.66764616],[27.1254234,36.66779264],[27.12552189,36.66782583],[27.12572108,36.66789295],[27.12623249,36.66800567],[27.12626786,36.66800905],[27.12660235,36.66804101],[27.1270757,36.66798908],[27.12714246,36.66798176],[27.12734067,36.66790446],[27.12770813,36.66777824],[27.12790882,36.6677093],[27.1282218,36.66756591],[27.12878948,36.66749692],[27.12916153,36.66743541],[27.12937281,36.66740048],[27.12964231,36.66735735],[27.12982656,36.66731919],[27.13004095,36.66727477],[27.13027103,36.66727394],[27.13043797,36.66727334],[27.13064739,36.66731599],[27.13110412,36.667409],[27.13149005,36.66747866],[27.13175767,36.66752697],[27.13211411,36.66757627],[27.13246915,36.66762538],[27.13270376,36.66765326],[27.1329658,36.66768439],[27.13349115,36.66771117],[27.13354866,36.6677141],[27.13364268,36.66771569],[27.13417338,36.66772468],[27.13491061,36.66776834],[27.13522393,36.66782316],[27.13532814,36.66785065],[27.13572073,36.66795424],[27.13573361,36.66796172],[27.13583683,36.66802168],[27.13604721,36.66814386],[27.13623039,36.66826176],[27.13630278,36.66830835],[27.13678584,36.66837672],[27.13719463,36.66845238],[27.137212,36.66845559],[27.13749591,36.66845711],[27.13764965,36.66844005],[27.13770887,36.66843348],[27.13800707,36.66823638],[27.13807795,36.6681399],[27.13814883,36.66804341],[27.13824906,36.66786055],[27.13829149,36.66776933],[27.13859032,36.66772539],[27.1387304,36.66773651],[27.13876075,36.66773892],[27.13910241,36.66763079],[27.13934297,36.6674262],[27.1393983,36.66740061],[27.13952893,36.66734019],[27.13970011,36.6672967],[27.13972683,36.66728992],[27.13987536,36.6672907],[27.14001142,36.66729142],[27.14030811,36.66722952],[27.14035733,36.66722046],[27.14047951,36.66719797],[27.14060948,36.66716703],[27.14064984,36.66715742],[27.140714,36.66716592],[27.14087686,36.66718748],[27.1410332,36.66731851],[27.14104932,36.66735251],[27.14114715,36.6675588],[27.14122679,36.66759211],[27.1414309,36.66767746],[27.14209829,36.66772292],[27.14265262,36.6678074],[27.14292937,36.66789922],[27.14320609,36.66799102],[27.14370153,36.6682741],[27.14370354,36.66827525],[27.1440153,36.66860041],[27.14428473,36.66888165],[27.14458313,36.66934234],[27.14478276,36.66964342],[27.14478196,36.66973883],[27.14478134,36.66981468],[27.14459606,36.67007188],[27.14442021,36.67045292],[27.14439819,36.67050063],[27.14438502,36.67052668],[27.14422738,36.67083855],[27.14404224,36.67116784],[27.14381532,36.67138108],[27.14358709,36.6714592],[27.14344453,36.67159813],[27.14345932,36.67184104],[27.14350174,36.67211024],[27.14347238,36.67228223],[27.14341847,36.67232934],[27.14330225,36.6724309],[27.14301753,36.67237535],[27.14287928,36.67232614],[27.14280543,36.67229985],[27.14252131,36.67237944],[27.14246801,36.67241937],[27.14242158,36.67245416],[27.14210931,36.67259758],[27.14195895,36.67264409],[27.14185452,36.6726764],[27.14169616,36.67267699],[27.14145608,36.6726779],[27.14128253,36.67261781],[27.14121427,36.67259418],[27.14112941,36.67255374],[27.14094548,36.67246611],[27.14066017,36.67246463],[27.14027759,36.67254681],[27.14012964,36.67265911],[27.14000698,36.6727522],[27.14006399,36.67298498],[27.14026697,36.67331909],[27.14029029,36.67335747],[27.14029121,36.67335851],[27.14068749,36.67380653],[27.14083041,36.67403706],[27.14083069,36.67437045],[27.14090084,36.6745308],[27.14093449,36.67465923],[27.14094305,36.67469189],[27.14078624,36.67485822],[27.14082927,36.67509137],[27.1408289,36.6752716],[27.14065846,36.67544731],[27.1406905,36.67561822],[27.14071562,36.67575217],[27.14071502,36.67599548],[27.14070786,36.6760257],[27.14067206,36.67617684],[27.14055915,36.67630597],[27.14038803,36.67631049],[27.1403629,36.67631237],[27.14020263,36.67632439],[27.14011793,36.67659696],[27.14005405,36.67683341],[27.14004682,36.67686015],[27.13991962,36.67699867],[27.13986215,36.6770813],[27.13979943,36.67709282],[27.13974764,36.67710233],[27.13963456,36.67714136],[27.13943184,36.67718056],[27.13936469,36.67719354],[27.13906617,36.67722846],[27.13891293,36.67728548],[27.13890983,36.67728663],[27.13875447,36.677507],[27.13874329,36.67757789],[27.13871167,36.67777846],[27.13859717,36.67817796],[27.13851129,36.67838748],[27.13845516,36.67881248],[27.13838292,36.67903065],[27.13831917,36.67911342],[27.13825541,36.6791962],[27.13815633,36.67944212],[27.13815517,36.67994677],[27.1380841,36.68022797],[27.13792745,36.68050244],[27.13775749,36.68075924],[27.13758667,36.68092594],[27.13754194,36.68097986],[27.13748735,36.68104569],[27.13731005,36.68113676],[27.13730242,36.68114068],[27.13710383,36.68120899],[27.137058,36.68123887],[27.13700301,36.68127473],[27.13690466,36.68134941],[27.13686105,36.68137759],[27.13681781,36.68141478],[27.13681262,36.68141803],[27.13677284,36.68144299],[27.13672851,36.6814712],[27.13668211,36.68149946],[27.13663782,36.68152768],[27.1365907,36.68155594],[27.13654325,36.6815752],[27.13649615,36.68160348],[27.13644836,36.68163177],[27.13641362,36.68164568],[27.13640019,36.68165106],[27.136351,36.68167939],[27.1363018,36.68170772],[27.13629755,36.68170938],[27.13625225,36.68172706],[27.13622305,36.68173844],[27.13620268,36.68174638],[27.13615209,36.68177475],[27.13611954,36.68178696],[27.13610043,36.68179414],[27.13604948,36.68181351],[27.13599782,36.68183288],[27.13598156,36.68183898],[27.13594618,36.68185226],[27.13589312,36.68187168],[27.13584007,36.6818911],[27.1358024,36.68190489],[27.13578702,36.68191052],[27.13576264,36.68191533],[27.1357343,36.68192092],[27.13567986,36.68194038],[27.13564003,36.68194806],[27.13562574,36.68195082],[27.13560562,36.68195801],[27.13557128,36.68197028],[27.13551717,36.68198071],[27.13550464,36.68198514],[27.13546203,36.68200019],[27.13542595,36.68200714],[27.13540791,36.68201063],[27.13538079,36.68201574],[27.1353524,36.6820211],[27.13529689,36.68203157],[27.13526957,36.68203662],[27.13523998,36.68204209],[27.13518447,36.68205256],[27.13515124,36.68205869],[27.13512755,36.68206307],[27.13507204,36.68207354],[27.13504197,36.68207915],[27.13501583,36.68208404],[27.13495855,36.68208555],[27.13491796,36.68209312],[27.13490234,36.68209604],[27.13484507,36.68209754],[27.13478816,36.68210806],[27.13473158,36.68210955],[27.1346736,36.68211107],[27.13465309,36.68211486],[27.13461669,36.68212159],[27.13455943,36.6821231],[27.13450285,36.68212459],[27.13444488,36.68212612],[27.13438758,36.68212763],[27.13435059,36.68212281],[27.13432995,36.68212013],[27.13427337,36.68212162],[27.1342154,36.68212315],[27.13415776,36.68211565],[27.13410048,36.68211716],[27.13404353,36.68210966],[27.13398627,36.68211117],[27.13396518,36.68210838],[27.13392932,36.68210365],[27.13387308,36.68209612],[27.13383943,36.68209175],[27.13381544,36.68208863],[27.1337578,36.68208114],[27.1337258,36.68207685],[27.13370155,36.6820736],[27.13364531,36.68206608],[27.13363816,36.68206512],[27.13358906,36.68205856],[27.13358903,36.68205855],[27.13355984,36.68205452],[27.13353422,36.68205098],[27.13347761,36.68203445],[27.13342275,36.68202689],[27.13336684,36.68201033],[27.133312,36.68200277],[27.13327774,36.68199263],[27.13325609,36.68198622],[27.1332378,36.68198057],[27.13320228,36.68196962],[27.13317904,36.68196636],[27.13314813,36.68196203],[27.13311349,36.68195149],[27.13309361,36.68194544],[27.13305826,36.68193438],[27.1330405,36.68192882],[27.13302933,36.68192542],[27.13298597,36.68191224],[27.1329329,36.68189562],[27.13293286,36.68189561],[27.13287975,36.68187899],[27.13282695,36.68185335],[27.13278028,36.68183852],[27.13277455,36.6818367],[27.13276706,36.68183425],[27.13272353,36.68182003],[27.13267144,36.68179437],[27.13262405,36.68177864],[27.13262111,36.68177766],[27.13257515,36.68175635],[27.13252918,36.68173502]],[[27.11604372,36.6460314],[27.116138,36.64604695],[27.11623085,36.64609633],[27.11628648,36.64617597],[27.11629123,36.6462592],[27.11618986,36.64639702],[27.11608179,36.64643815],[27.11598753,36.64644062],[27.11585462,36.64638553],[27.11579853,36.64629463],[27.11579545,36.64621812],[27.11589385,36.64607587],[27.11604372,36.6460314]],[[27.12156191,36.65268338],[27.12166764,36.65270538],[27.12172341,36.65275348],[27.12172641,36.65282774],[27.12165685,36.65288814],[27.12153266,36.65289365],[27.1214534,36.6528349],[27.12146118,36.65273333],[27.12156191,36.65268338]],[[27.13889969,36.65710454],[27.13901097,36.65714216],[27.13904632,36.65723809],[27.13901509,36.65729523],[27.13896218,36.65733493],[27.13885766,36.65736021],[27.13873205,36.65731396],[27.13869512,36.65721356],[27.13876305,36.65713067],[27.13889969,36.65710454]],[[27.13589383,36.66464265],[27.13579043,36.66455349],[27.13575187,36.66452024],[27.13563758,36.66446017],[27.13531139,36.66443272],[27.13512986,36.66448376],[27.13509919,36.66449238],[27.13489924,36.66456075],[27.1347527,36.66463454],[27.13472935,36.6646463],[27.13460169,36.66472175],[27.13448999,36.66470356],[27.13445883,36.66469849],[27.13444961,36.66468292],[27.13443181,36.66465285],[27.1344168,36.6646275],[27.13441604,36.66440223],[27.13445958,36.66414878],[27.13445969,36.66404364],[27.13445983,36.66389647],[27.13446041,36.66374173],[27.13446077,36.66364417],[27.13446077,36.66364413],[27.13448842,36.66329198],[27.13457403,36.6629383],[27.13463724,36.66285388],[27.13477363,36.66267172],[27.13494437,36.66246898],[27.13528401,36.66222574],[27.13552748,36.66209317],[27.1355872,36.66204016],[27.13561116,36.66201889],[27.13564511,36.66203933],[27.13565415,36.66204478],[27.13572398,36.66199012],[27.13579711,36.66193288],[27.13598099,36.66186495],[27.13623473,36.66177427],[27.1363076,36.66174822],[27.13649855,36.66167582],[27.13656302,36.66165137],[27.13674841,36.66160745],[27.13677696,36.66160068],[27.13689096,36.66158323],[27.13699024,36.66156803],[27.13711806,36.66158372],[27.13723191,36.6615977],[27.13748656,36.66165406],[27.13789822,36.66165221],[27.13796446,36.66165467],[27.13804034,36.66165748],[27.13815371,36.66172612],[27.13818271,36.66174367],[27.13818296,36.66174383],[27.13814519,36.66183961],[27.13809678,36.66196238],[27.13787001,36.66207649],[27.13769881,36.66219814],[27.13761421,36.66233554],[27.13757651,36.66245589],[27.13754305,36.6625627],[27.13753887,36.66260464],[27.13752865,36.66270724],[27.13742909,36.66287207],[27.13741475,36.66305266],[27.13744217,36.66316045],[27.13745801,36.66322273],[27.13745659,36.66339397],[27.13735732,36.66353177],[27.13730864,36.66358308],[27.13724336,36.66365191],[27.13724439,36.6638321],[27.13724936,36.66387408],[27.13725824,36.66394889],[27.13718499,36.66411917],[27.13717199,36.6641494],[27.13714826,36.66416516],[27.137059,36.66422446],[27.13695867,36.66435326],[27.13695903,36.66441589],[27.13695971,36.66453346],[27.13690612,36.66462112],[27.13688694,36.66465252],[27.13683635,36.66466852],[27.13673165,36.66470167],[27.13670331,36.66486462],[27.13669403,36.6649156],[27.1366753,36.66501854],[27.13662384,36.66506314],[27.13658955,36.66509289],[27.13651956,36.66509105],[27.13641808,36.66508839],[27.13634852,36.66504998],[27.13627791,36.66501099],[27.13609257,36.66485368],[27.13589383,36.66464265]],[[27.12529805,36.67547332],[27.12521485,36.67552507],[27.12505421,36.67552929],[27.12494459,36.67544657],[27.12494049,36.6753453],[27.12501431,36.67526902],[27.12517173,36.67521983],[27.12530653,36.6752681],[27.12535126,36.67533676],[27.12534597,36.67541349],[27.12529805,36.67547332]],[[27.12573357,36.6754371],[27.12583457,36.67547951],[27.12587702,36.67554372],[27.12583985,36.67561003],[27.1257391,36.67565998],[27.12563801,36.67561533],[27.12561909,36.67552797],[27.12565425,36.67546397],[27.12573357,36.6754371]],[[27.12559468,36.67611658],[27.12551302,36.67610295],[27.12545141,36.67606628],[27.12539538,36.67597764],[27.12544734,36.6758794],[27.12558092,36.67582859],[27.12570418,36.67586815],[27.12574466,36.67595269],[27.12571168,36.6760707],[27.12559468,36.67611658]],[[27.12518269,36.67644053],[27.12509047,36.67637312],[27.12508692,36.67628536],[27.1251468,36.67622747],[27.12525509,36.67619083],[27.12536429,36.67622851],[27.12540167,36.67628835],[27.12539723,36.67635155],[27.12535645,36.67639767],[27.12529268,36.67642863],[27.12518269,36.67644053]],[[27.12978606,36.67990591],[27.12970574,36.67990802],[27.12958503,36.67987966],[27.12951675,36.67983414],[27.12946081,36.67974776],[27.12948425,36.67961873],[27.1296038,36.67953224],[27.12977945,36.67951861],[27.12989212,36.67953817],[27.12998234,36.67960788],[27.13001761,36.67970157],[27.1299894,36.67979918],[27.12990753,36.67986667],[27.12978606,36.67990591]]],[[[27.01108764,36.6001377],[27.01115885,36.60031613],[27.01148071,36.60106173],[27.01199744,36.60207147],[27.01259498,36.60305179],[27.01327078,36.6039985],[27.01402195,36.60490754],[27.01484527,36.60577501],[27.01573721,36.60659721],[27.01656765,36.60727417],[27.01673761,36.60740503],[27.01686393,36.60750147],[27.01788139,36.60822275],[27.01895521,36.60888882],[27.01896972,36.60889722],[27.01923845,36.60905261],[27.02034951,36.60965222],[27.02152202,36.61019957],[27.02263292,36.6106457],[27.0229732,36.61077223],[27.0230767,36.61081044],[27.02432783,36.61122969],[27.02561029,36.61158207],[27.02691861,36.61186605],[27.02824717,36.61208043],[27.02959029,36.61222428],[27.0309422,36.61229699],[27.03139509,36.61230537],[27.03165157,36.61230785],[27.0325536,36.61230072],[27.03390571,36.61223052],[27.03524923,36.61208916],[27.03657839,36.61187725],[27.03788751,36.6115957],[27.03917097,36.61124571],[27.04042327,36.61082878],[27.04152647,36.61039474],[27.04228947,36.61032253],[27.04499526,36.6102533],[27.04633871,36.61011182],[27.0476678,36.60989979],[27.04852813,36.60972303],[27.04875526,36.60967216],[27.04920397,36.60956724],[27.05048733,36.60921714],[27.05088271,36.60909377],[27.05109587,36.60902523],[27.05195269,36.60873155],[27.05316837,36.60824936],[27.0543423,36.6077041],[27.05520905,36.60724582],[27.05556447,36.60704747],[27.05582489,36.60689973],[27.05688076,36.60624856],[27.05717964,36.60605165],[27.05719935,36.60603865],[27.05821872,36.60531919],[27.05917751,36.6045475],[27.06007164,36.60372691],[27.06089728,36.60286091],[27.06165087,36.60195323],[27.0622362,36.60114619],[27.06239198,36.60091691],[27.06248499,36.60077846],[27.062962108080736,36.6],[27.011034396825256,36.6],[27.01108764,36.6001377]]]]}},{"type":"Feature","properties":{"source_id":"emodnet:natura2000areas/GR4210008","source_name":"EMODnet Human Activities (European Commission DG MARE)","source_version":"2020-06-30Z","feature_type":"protected_area","restriction_class":"INFORMATIONAL","classification_rule":"Natura 2000 designation does not itself prohibit navigation","upstream_layer":"emodnet:natura2000areas","resource":null,"properties":{"sitecode":"GR4210008","sitename":"KOS: AKROTIRIO LOUROS - LIMNI PSALIDI - OROS DIKAIOS - ALYKI - PARAKTIA THALASSIA ZONI","ms":"GR","country":"Greece","sitetype":"B","sitedesc":"SCI (Special Conservation Interest)","directive":"http://ec.europa.eu/environment/nature/legislation/habitatsdirective/index_en.htm","area_ha":10124.1,"mar_perc":17.55,"coast_mar":1,"release_da":"2020-06-30Z","date_spa":null,"date_sci":"2006-08-31Z","date_sac":"2011-03-01Z","shape_leng":0.745487987477,"shape_area":0.0102165841542}},"geometry":{"type":"Polygon","coordinates":[[[27.18983311,36.89446062],[27.19050288,36.89234264],[27.19167274,36.89063835],[27.19233054,36.88962749],[27.19238198,36.88959406],[27.19239425,36.88955858],[27.1924158,36.88949631],[27.19242653,36.88946529],[27.19241443,36.88943285],[27.19238369,36.88935044],[27.19225099,36.88919993],[27.19224273,36.88913142],[27.19232468,36.88903506],[27.19260617,36.88870405],[27.19311878,36.88727022],[27.19311608,36.88722963],[27.19284486,36.8871481],[27.19288172,36.88706691],[27.19316115,36.88653155],[27.19338015,36.88606712],[27.19353999,36.88567231],[27.19354497,36.88557211],[27.19360464,36.88542295],[27.19374238,36.88544952],[27.19382728,36.88543786],[27.19393404,36.88493541],[27.19391827,36.88459517],[27.19377456,36.88397504],[27.19382325,36.88393963],[27.19442837,36.88399253],[27.19462844,36.8840565],[27.19487168,36.88421672],[27.19494558,36.8842174],[27.19548481,36.88352345],[27.19555465,36.88331895],[27.19558961,36.88298934],[27.19563063,36.88295464],[27.1960187,36.88303269],[27.19602848,36.88300921],[27.19617729,36.88264007],[27.19622539,36.8824379],[27.19633056,36.88213229],[27.19648326,36.88180872],[27.19665771,36.88157992],[27.19693052,36.88129006],[27.19709986,36.88097438],[27.1971034,36.88080804],[27.19714099,36.88078942],[27.19722551,36.88080173],[27.197865,36.88099862],[27.1979168,36.88099149],[27.19816131,36.88068697],[27.19819932,36.88063962],[27.19847502,36.88071381],[27.19873797,36.88075679],[27.19881837,36.8807469],[27.19908228,36.88075492],[27.19915013,36.88077368],[27.19939246,36.88098597],[27.19943007,36.88101747],[27.1995712,36.88095049],[27.19978985,36.88085639],[27.20004001,36.88073521],[27.20019814,36.8806487],[27.20031871,36.88055128],[27.20042988,36.88038722],[27.20052776,36.88022737],[27.20054671,36.88014819],[27.20053711,36.87996267],[27.20053845,36.87983036],[27.20072997,36.8791406],[27.20077988,36.87911764],[27.20085026,36.87912003],[27.20106269,36.87919584],[27.20126296,36.87927057],[27.20132601,36.8791782],[27.20165377,36.87927865],[27.20170661,36.87922282],[27.20207986,36.87873785],[27.20246631,36.8782282],[27.2028663,36.87765411],[27.20312856,36.8773024],[27.20278558,36.87720987],[27.20251836,36.8770645],[27.20205731,36.87767772],[27.20134091,36.87757783],[27.20124562,36.87813827],[27.20095274,36.87808895],[27.2006377,36.87902157],[27.20029927,36.87891507],[27.20023956,36.87886524],[27.20028668,36.87856594],[27.20027778,36.87855734],[27.19982082,36.87845203],[27.19975432,36.87849997],[27.19962324,36.87881594],[27.19945388,36.87879204],[27.19943343,36.878558],[27.19937695,36.87844222],[27.19927992,36.87840744],[27.19914612,36.8783913],[27.19897394,36.87835422],[27.19865921,36.87827926],[27.19890901,36.87777796],[27.19910119,36.87733992],[27.19934647,36.87681775],[27.2002347,36.87493994],[27.20033522,36.87496295],[27.2003808,36.87488734],[27.20052435,36.87464916],[27.20056489,36.87463814],[27.20069175,36.8746636],[27.20112111,36.87481891],[27.20111026,36.87491456],[27.20131619,36.87495305],[27.20154946,36.87426458],[27.20068862,36.87407441],[27.20097315,36.87342662],[27.20117991,36.87297491],[27.20198976,36.87318194],[27.20173224,36.87393568],[27.20205778,36.87397711],[27.20213531,36.87387966],[27.20242192,36.87396387],[27.20265651,36.8733224],[27.20298363,36.87339737],[27.20314363,36.87315512],[27.2034002,36.87290383],[27.20339174,36.87270141],[27.20356587,36.87241851],[27.20365872,36.87239484],[27.20422775,36.87259838],[27.20426837,36.87262679],[27.2040857,36.87285298],[27.20399753,36.87296215],[27.2038226,36.87320718],[27.20359005,36.87352721],[27.2039025,36.87361891],[27.20399118,36.8734687],[27.20437456,36.87355372],[27.20529766,36.87377198],[27.20539067,36.87358351],[27.20604321,36.87371847],[27.20614863,36.87369894],[27.20627424,36.87350959],[27.20681524,36.87367378],[27.20869025,36.87423106],[27.20888873,36.87471919],[27.20911067,36.87482409],[27.20935044,36.87531514],[27.20969017,36.87530584],[27.2099234,36.87530759],[27.21119602,36.87531104],[27.2114628,36.87530332],[27.21154762,36.87541546],[27.21164157,36.87539146],[27.21171307,36.87532968],[27.2117577,36.87521976],[27.21184905,36.87488997],[27.21194187,36.87476825],[27.21200845,36.87472831],[27.21225836,36.87481452],[27.2124875,36.87488306],[27.21288422,36.87429201],[27.21305248,36.87405859],[27.21337773,36.87403071],[27.21337579,36.873945],[27.21337096,36.87373227],[27.21336806,36.87360438],[27.21364572,36.87353241],[27.21418528,36.87352019],[27.21470772,36.87353916],[27.21475378,36.87345824],[27.21526947,36.87307478],[27.21551007,36.87283593],[27.21565195,36.87277072],[27.21583023,36.87275015],[27.21600901,36.87268618],[27.21629716,36.87246166],[27.21657633,36.87196258],[27.21671635,36.87183609],[27.21726422,36.87156159],[27.21740832,36.87143388],[27.21763359,36.87095265],[27.2177689,36.87078922],[27.21793775,36.87068356],[27.21820529,36.87066677],[27.21846702,36.87056813],[27.21862366,36.87041871],[27.21881424,36.8703331],[27.21889438,36.87034091],[27.21897813,36.87039734],[27.21918367,36.87053582],[27.21934962,36.87057045],[27.22019083,36.87042504],[27.22027434,36.86984341],[27.22030992,36.86982702],[27.22097415,36.86985767],[27.22103351,36.86983263],[27.22111363,36.86967603],[27.22115182,36.86966138],[27.22192632,36.86961783],[27.22231786,36.86971908],[27.22241523,36.86970808],[27.22250841,36.86955337],[27.22256281,36.86954401],[27.22319208,36.86972309],[27.22327448,36.86973204],[27.22368639,36.86890167],[27.22378108,36.8688099],[27.22388765,36.86880493],[27.22415069,36.8686799],[27.224423,36.86858413],[27.22464539,36.8685481],[27.22487457,36.86854293],[27.2250599,36.86857339],[27.22529346,36.8686918],[27.22561082,36.86890034],[27.22574422,36.86897803],[27.22578309,36.86898731],[27.22591438,36.86901865],[27.22618391,36.86900966],[27.22630527,36.86904385],[27.22650754,36.86899886],[27.22661375,36.86904119],[27.22678921,36.86903642],[27.22691194,36.86901973],[27.22692373,36.86898497],[27.22700668,36.86862109],[27.22705461,36.86851358],[27.22712721,36.86849662],[27.22724699,36.86846865],[27.22798984,36.86862394],[27.22800439,36.8686143],[27.22806255,36.8683756],[27.2280791,36.86830768],[27.22824553,36.8678605],[27.22844445,36.86790973],[27.22896073,36.86809813],[27.22958524,36.86849179],[27.22972427,36.86851661],[27.23001027,36.86849708],[27.23023688,36.86844102],[27.23070955,36.86816185],[27.23077285,36.86815065],[27.23122154,36.86821133],[27.2314918,36.86830775],[27.23179192,36.868332],[27.23196657,36.86830818],[27.23212516,36.86812839],[27.23252112,36.86800509],[27.23287135,36.86792308],[27.23321386,36.86788323],[27.23345502,36.86791672],[27.23361424,36.86803267],[27.23388133,36.86811188],[27.2343863,36.86812494],[27.23465141,36.86807898],[27.23476153,36.86792503],[27.23485498,36.86780523],[27.23492694,36.86775261],[27.23498558,36.86773611],[27.23506564,36.86778757],[27.23515261,36.86782692],[27.23525214,36.86781229],[27.23533075,36.86774161],[27.23540616,36.86768293],[27.2355325,36.86768843],[27.23562329,36.86773065],[27.23577556,36.86773544],[27.23588834,36.86777111],[27.23600714,36.86777383],[27.23625887,36.86778452],[27.23631825,36.86768195],[27.23642651,36.86758965],[27.23655619,36.8675267],[27.2367981,36.8673293],[27.2368628,36.86736767],[27.23693346,36.86746683],[27.23698984,36.86750916],[27.23707881,36.86751237],[27.23717659,36.86749071],[27.23725631,36.86746756],[27.23733448,36.86746352],[27.23740247,36.86749981],[27.23746802,36.86753426],[27.23760325,36.86753248],[27.23768909,36.86754159],[27.23786201,36.86753306],[27.23799836,36.86755795],[27.23824724,36.86766178],[27.23838921,36.86776749],[27.23846054,36.86777031],[27.23855238,36.86774882],[27.23862182,36.86770687],[27.2386602,36.86766005],[27.23865067,36.86760309],[27.23859465,36.86754538],[27.23859786,36.86750909],[27.23865873,36.86726426],[27.23874683,36.86724278],[27.23906743,36.86738662],[27.23915073,36.86753215],[27.23918318,36.86756568],[27.23915265,36.86771806],[27.23913939,36.86776523],[27.239167,36.86780071],[27.23931079,36.86783303],[27.2394555,36.86783099],[27.23956288,36.86778801],[27.23978793,36.86766834],[27.23988565,36.86763217],[27.23989961,36.86760735],[27.2400048,36.8676329],[27.24009599,36.86765506],[27.24043301,36.86766909],[27.2407714,36.86771529],[27.24111074,36.86778417],[27.24144686,36.86777658],[27.24152632,36.86774004],[27.241608,36.86770249],[27.24169707,36.86764333],[27.24177546,36.86759127],[27.24210873,36.8675167],[27.24222076,36.8675996],[27.24228474,36.86764694],[27.24235805,36.86771569],[27.24245604,36.86778739],[27.24255912,36.86781128],[27.24264407,36.86779942],[27.24279717,36.86770614],[27.24283528,36.86767699],[27.24281136,36.86761661],[27.2428437,36.86753944],[27.24294625,36.86749468],[27.24306428,36.86753533],[27.24316351,36.8675803],[27.24320025,36.86766321],[27.24323678,36.8676851],[27.24326785,36.86768997],[27.24332354,36.86765984],[27.24339998,36.86767111],[27.24352733,36.86770768],[27.2436008,36.86776098],[27.24364958,36.86778493],[27.2438185,36.86792716],[27.24389124,36.86796332],[27.24396001,36.86797574],[27.24418169,36.86795538],[27.24432452,36.86793882],[27.24479176,36.86781592],[27.24510962,36.86769852],[27.24542036,36.86758132],[27.24556607,36.86754682],[27.24562491,36.86759099],[27.24573394,36.86757883],[27.24582003,36.86759734],[27.24593558,36.86769848],[27.24608498,36.86781062],[27.24625101,36.8678776],[27.24639305,36.86790352],[27.24663015,36.86789704],[27.24685883,36.86786694],[27.24713849,36.86781459],[27.24724786,36.86776988],[27.24726694,36.86769486],[27.24735968,36.8676953],[27.24756344,36.86768973],[27.24765374,36.86772004],[27.24770021,36.86776645],[27.24771052,36.86783471],[27.24770075,36.86795418],[27.2477159,36.86804912],[27.24782404,36.86815047],[27.24799441,36.86823223],[27.24812635,36.86828226],[27.24826637,36.86826055],[27.24840298,36.86815847],[27.24849388,36.86802784],[27.24858014,36.8679629],[27.24879329,36.86782893],[27.24897267,36.86777336],[27.24917285,36.86777086],[27.2494406,36.86778737],[27.24962668,36.86780636],[27.24964932,36.86810739],[27.24975865,36.86846768],[27.24986796,36.86866674],[27.2500273,36.86882009],[27.25020175,36.86903055],[27.25031818,36.8691199],[27.25100977,36.86968505],[27.25170458,36.86997595],[27.25194269,36.86999327],[27.25220034,36.86977165],[27.25233489,36.86944612],[27.25269368,36.86936253],[27.25292027,36.86956761],[27.25314184,36.86975464],[27.25332306,36.86972464],[27.25347315,36.8696955],[27.25366997,36.86971871],[27.25379596,36.86975102],[27.25390185,36.86983395],[27.25402987,36.86980898],[27.25425217,36.86971472],[27.25453642,36.86968424],[27.25468879,36.86970867],[27.25484913,36.86971143],[27.25507985,36.86969437],[27.25521014,36.86972299],[27.2554678,36.86981605],[27.25578705,36.86999717],[27.25619766,36.87014634],[27.25654616,36.87014275],[27.25691024,36.8701566],[27.25724164,36.87009983],[27.25756177,36.87012681],[27.25797897,36.870169],[27.25842278,36.87013894],[27.2586502,36.87007906],[27.25897108,36.87012389],[27.25928944,36.87010919],[27.25959785,36.87003517],[27.25994458,36.86998989],[27.26026597,36.87004662],[27.26083985,36.8699355],[27.26117505,36.86996802],[27.26142006,36.86997321],[27.26172949,36.86992299],[27.26201029,36.86989739],[27.26226145,36.86987261],[27.26243674,36.86980819],[27.26248168,36.86968442],[27.26264444,36.86955643],[27.26284323,36.86920767],[27.2629576,36.86917592],[27.26332594,36.8692552],[27.26346451,36.86926927],[27.26366855,36.86925293],[27.26377251,36.86918571],[27.26391432,36.86917108],[27.26435196,36.86920554],[27.26474831,36.86941993],[27.26494118,36.86949987],[27.26549022,36.86956929],[27.26615656,36.86953904],[27.26652626,36.86951099],[27.267186,36.86932596],[27.26776118,36.86907173],[27.2680985,36.86880616],[27.26848231,36.86858699],[27.26889734,36.86806452],[27.26938858,36.86756084],[27.26961786,36.86742674],[27.26976527,36.86737691],[27.26989175,36.8673925],[27.27000888,36.86746746],[27.27011373,36.86764386],[27.270308,36.86771205],[27.2706511,36.86775624],[27.27086881,36.86764296],[27.27134616,36.86718281],[27.27166647,36.86706998],[27.27176872,36.86706717],[27.27195096,36.86716585],[27.2720938,36.86727992],[27.27213145,36.86744951],[27.27222239,36.86755203],[27.27232586,36.86754321],[27.27247655,36.86743499],[27.27258875,36.86743027],[27.27284899,36.86756298],[27.27307124,36.86766056],[27.27343559,36.86775064],[27.27351891,36.86786197],[27.27369441,36.86797633],[27.27384259,36.86797225],[27.27410199,36.8679577],[27.27418783,36.86796678],[27.27422968,36.86800186],[27.27437176,36.86804944],[27.27453807,36.86799717],[27.2745784,36.86783013],[27.27461988,36.86768976],[27.27476331,36.86754658],[27.27503269,36.867397],[27.27518031,36.86741439],[27.27540119,36.86747982],[27.27574547,36.86751681],[27.27609328,36.86753224],[27.27632981,36.86754717],[27.27637689,36.86738143],[27.27633707,36.86719652],[27.27632238,36.86706104],[27.27639843,36.86696596],[27.27648456,36.86674046],[27.27671196,36.86648156],[27.2769178,36.86629946],[27.27707193,36.86615693],[27.27722708,36.86603822],[27.2773573,36.86589158],[27.27743089,36.86580849],[27.27767962,36.86579686],[27.2779073,36.86584779],[27.2782251,36.86592484],[27.27852329,36.86595952],[27.27887075,36.86589748],[27.2792642,36.86580079],[27.27957264,36.86584128],[27.27980327,36.86588548],[27.2799711,36.86632424],[27.28001357,36.86638332],[27.28023394,36.86645836],[27.28064108,36.86647333],[27.28098578,36.86641613],[27.2814014,36.86609234],[27.28152112,36.86585659],[27.28149765,36.86548175],[27.2814355,36.86502831],[27.28151125,36.86489064],[27.28261135,36.86459799],[27.28327943,36.86443648],[27.28338544,36.86448719],[27.28345236,36.86466414],[27.28359925,36.86480312],[27.28373157,36.86494846],[27.28381612,36.86519048],[27.28391174,36.86514186],[27.28399881,36.86506888],[27.28412282,36.86508262],[27.28424456,36.86504301],[27.28436743,36.86503008],[27.28463745,36.86496331],[27.28491984,36.86497031],[27.28513668,36.86502283],[27.2855278,36.86514909],[27.28577996,36.86514807],[27.28585763,36.86505652],[27.28630038,36.86465687],[27.28661258,36.86449923],[27.28683241,36.86441382],[27.28695785,36.86438831],[27.28707781,36.86432016],[27.28723913,36.86436337],[27.2873441,36.86440396],[27.28744712,36.8644438],[27.28765797,36.864617],[27.28777881,36.86466729],[27.2881191,36.86473237],[27.28822563,36.86470856],[27.28837789,36.86465829],[27.28852294,36.86471653],[27.28875276,36.86474831],[27.28911773,36.86474036],[27.28918696,36.86479537],[27.28927556,36.86478576],[27.28942772,36.86473625],[27.28958642,36.86477],[27.28964528,36.8646897],[27.28974724,36.86460666],[27.28979966,36.86465111],[27.28985177,36.86474204],[27.29017418,36.86482251],[27.2905662,36.86488316],[27.29089334,36.86498734],[27.29103321,36.8649626],[27.29132266,36.86479366],[27.29168262,36.86471216],[27.29191842,36.86476224],[27.29209278,36.86484979],[27.29226791,36.86486877],[27.29255966,36.86483982],[27.29269685,36.864839],[27.29281961,36.86493393],[27.29300674,36.86497344],[27.29319285,36.86490272],[27.29337429,36.86487033],[27.29356827,36.86483569],[27.2938102,36.8648558],[27.29429841,36.86499721],[27.29454424,36.86504497],[27.29483445,36.86503215],[27.29528122,36.86499676],[27.29573124,36.86500531],[27.29577952,36.86502763],[27.29591633,36.86510429],[27.29613131,36.86510131],[27.29627122,36.86510633],[27.29638324,36.86517034],[27.29645131,36.86523521],[27.29653807,36.86525187],[27.29663494,36.86522773],[27.29667734,36.86517887],[27.29673528,36.86514627],[27.29679438,36.86507162],[27.29693476,36.86498364],[27.29717056,36.86520101],[27.29678764,36.86561096],[27.29630303,36.86589858],[27.29615041,36.86593738],[27.29603607,36.86607287],[27.29593416,36.86629026],[27.29658924,36.86668927],[27.29720907,36.86713098],[27.29748883,36.86725433],[27.29780665,36.86722762],[27.29809991,36.86697512],[27.29836426,36.86639561],[27.29891762,36.8663266],[27.29939199,36.8659737],[27.29980246,36.86568793],[27.29998506,36.8657098],[27.30018662,36.86563626],[27.30062775,36.86544162],[27.30107822,36.86525745],[27.30134784,36.86521419],[27.30170546,36.86525073],[27.30190657,36.86527017],[27.30205511,36.86530895],[27.30225422,36.86528196],[27.30251519,36.86525512],[27.30268342,36.86532724],[27.30276528,36.86536787],[27.30292185,36.86534907],[27.30300197,36.8653839],[27.30339439,36.86550213],[27.30366276,36.86560194],[27.30384733,36.86568502],[27.30415155,36.86572185],[27.30436616,36.86574448],[27.3047364,36.86579854],[27.30495917,36.86580426],[27.30511951,36.86580695],[27.30520994,36.86577106],[27.30540071,36.8656537],[27.30553312,36.86555942],[27.30566799,36.86545316],[27.30576892,36.86531684],[27.30591719,36.86524596],[27.30603011,36.86524997],[27.30607589,36.86527969],[27.30614305,36.86539225],[27.3062472,36.86546802],[27.30640694,36.86552556],[27.30664434,36.86559523],[27.30676453,36.86569917],[27.30688812,36.86588167],[27.3069602,36.8660394],[27.30707776,36.86621969],[27.30712887,36.86630409],[27.30731776,36.86648716],[27.30755129,36.86660463],[27.30796305,36.86672666],[27.30864829,36.86692928],[27.30872208,36.8669516],[27.30882867,36.86698385],[27.30913576,36.8670182],[27.30935383,36.86698352],[27.30983265,36.86680329],[27.3100745,36.86670119],[27.31029618,36.86658068],[27.31051683,36.86650052],[27.31083944,36.86648199],[27.31099998,36.86648943],[27.31130074,36.86651442],[27.31157675,36.86651626],[27.31173219,36.86654291],[27.3119278,36.86660659],[27.31209481,36.86669491],[27.31214509,36.86671143],[27.31250146,36.86686106],[27.31275139,36.8669601],[27.3127656,36.86696573],[27.31287214,36.86699375],[27.31294076,36.86699831],[27.31305116,36.86705475],[27.31312485,36.86709243],[27.31339984,36.86723304],[27.31354295,36.86738639],[27.31355971,36.86744138],[27.31357753,36.86749986],[27.31358062,36.86757129],[27.31364246,36.86762916],[27.31375928,36.86765451],[27.3138721,36.86765613],[27.31408366,36.86774559],[27.31420191,36.86780427],[27.31429401,36.8678756],[27.31438609,36.8678778],[27.31445291,36.86784494],[27.31462681,36.86774949],[27.314706,36.86772821],[27.31476007,36.86774339],[27.31486085,36.86780971],[27.31493424,36.86786011],[27.31512565,36.86765493],[27.31523758,36.86767046],[27.31535236,36.86771732],[27.31545773,36.86775252],[27.31566059,36.86777785],[27.31580253,36.86776673],[27.31597931,36.86773795],[27.31607742,36.86774237],[27.3161689,36.86779941],[27.31623138,36.8679407],[27.3162169,36.8680174],[27.31620598,36.86806695],[27.31618466,36.86816372],[27.31621106,36.86821488],[27.31626684,36.86829724],[27.3162649,36.86836214],[27.31627546,36.86838664],[27.31630518,36.86852503],[27.31645396,36.86872685],[27.31652618,36.86880494],[27.31677878,36.86899241],[27.31691126,36.8690917],[27.31698321,36.86910876],[27.31708737,36.86910204],[27.31720842,36.86904716],[27.31724242,36.86900998],[27.3172115,36.86895363],[27.31711248,36.86891443],[27.31702507,36.8688692],[27.31692054,36.86875768],[27.31680636,36.86858732],[27.31674041,36.86843468],[27.31661329,36.86823988],[27.31657157,36.86815332],[27.31662674,36.86811173],[27.31668339,36.86810442],[27.31681954,36.86817881],[27.31699508,36.86823112],[27.31708061,36.86828786],[27.3171283,36.86834756],[27.31715784,36.86842683],[27.31723094,36.86847056],[27.31731009,36.86848933],[27.31734746,36.86853024],[27.31738111,36.86864946],[27.31741605,36.86874384],[27.31749635,36.86878928],[27.31760143,36.86885881],[27.31763825,36.8689417],[27.31769925,36.86898005],[27.31780848,36.86898081],[27.31793469,36.86893532],[27.31808168,36.86893122],[27.31822533,36.86895962],[27.31830481,36.86898601],[27.31840956,36.86904793],[27.3185165,36.86905066],[27.31856177,36.86899981],[27.3185803,36.86893444],[27.31865273,36.86890763],[27.31873752,36.86894721],[27.31882551,36.86900579],[27.31885955,36.86907921],[27.31886917,36.86924424],[27.31889587,36.86931262],[27.31901616,36.86934979],[27.31918467,36.86933554],[27.31928234,36.86926129],[27.3192769,36.86920423],[27.31921619,36.86923007],[27.3191697,36.86919531],[27.31912932,36.86915352],[27.31918977,36.86904217],[27.31928378,36.86902047],[27.31934436,36.86898063],[27.31941757,36.86882124],[27.31951542,36.86868262],[27.31960154,36.86861584],[27.31978201,36.86860365],[27.31998281,36.86858134],[27.32011779,36.86854658],[27.32025832,36.86847212],[27.32032364,36.86836679],[27.32037195,36.86831776],[27.32049366,36.86831912],[27.32065066,36.86838148],[27.32079144,36.86847593],[27.32079734,36.86847989],[27.32084355,36.86851913],[27.3208995,36.8686463],[27.32092069,36.86872438],[27.32098681,36.86874398],[27.32119519,36.86875961],[27.32136862,36.86879052],[27.32155177,36.86884023],[27.3216079,36.86890302],[27.3215793,36.86892766],[27.3212957,36.86888792],[27.32116285,36.86890355],[27.3211552,36.86893238],[27.32155024,36.86907867],[27.32156039,36.86917613],[27.32151028,36.86932057],[27.32148787,36.86948807],[27.32154727,36.86955793],[27.32166398,36.86958089],[27.32181244,36.86951475],[27.321924,36.86941866],[27.32192507,36.86930658],[27.32205493,36.86922189],[27.32217661,36.86915412],[27.32226177,36.86899678],[27.32233819,36.86870618],[27.32239122,36.86869754],[27.32248405,36.86878553],[27.32249818,36.86883758],[27.32245723,36.86891979],[27.32245584,36.86898438],[27.32256725,36.86906213],[27.3226136,36.8690927],[27.32269554,36.86914675],[27.32276979,36.86928533],[27.32280166,36.86947277],[27.32282721,36.86971999],[27.32285424,36.86977227],[27.32290494,36.86987039],[27.32302627,36.86993136],[27.32317928,36.86996999],[27.32330967,36.86996634],[27.32344221,36.86994356],[27.32357006,36.86994951],[27.32372602,36.86998806],[27.32388147,36.8700147],[27.32398937,36.86997115],[27.32411787,36.8698555],[27.32422185,36.86972147],[27.3243201,36.86959237],[27.32445113,36.86953416],[27.32467407,36.86954432],[27.32472263,36.86956918],[27.32479044,36.86969602],[27.32493624,36.86984213],[27.32517907,36.86989969],[27.32541189,36.86993131],[27.32555903,36.86990335],[27.32570476,36.86991119],[27.32575118,36.86995519],[27.32572313,36.87006087],[27.32569763,36.87015694],[27.32572288,36.87019199],[27.32584718,36.87025288],[27.32587113,36.87032611],[27.32579752,36.87047598],[27.3257226,36.87066403],[27.32567648,36.8708322],[27.32569912,36.87094361],[27.32576987,36.87100123],[27.32582991,36.87102199],[27.32599316,36.87101877],[27.32614125,36.87104681],[27.32625223,36.87104012],[27.32637014,36.87109046],[27.32646675,36.87116285],[27.32654713,36.87127145],[27.32667899,36.8713357],[27.32675813,36.87141573],[27.32673972,36.87154941],[27.3268286,36.87160332],[27.32690486,36.87165125],[27.32712606,36.8717571],[27.32723472,36.87179935],[27.32733707,36.87190138],[27.32763154,36.87219112],[27.32799176,36.87235505],[27.32824567,36.87246237],[27.32907334,36.8721821],[27.32961579,36.87203279],[27.32978913,36.87201005],[27.3299079,36.87218254],[27.32979681,36.87227207],[27.32952536,36.87241218],[27.32946002,36.87254752],[27.32934796,36.87283674],[27.3292746,36.8730605],[27.32923817,36.87321932],[27.32920054,36.87349603],[27.3292006,36.87359973],[27.32922944,36.87364898],[27.32938034,36.8737413],[27.32942226,36.87388674],[27.3294613,36.87406802],[27.32947789,36.87414265],[27.32937166,36.87415636],[27.32908224,36.87415375],[27.32896179,36.8742501],[27.32886037,36.87437453],[27.32885945,36.87466063],[27.32894733,36.87473684],[27.32909026,36.87485084],[27.32945931,36.87494419],[27.32958074,36.87497297],[27.32971923,36.87508709],[27.3298542,36.87522277],[27.33002351,36.87532887],[27.33014509,36.87536122],[27.33033656,36.875363],[27.33040707,36.87534672],[27.33049785,36.87538709],[27.33054283,36.87550026],[27.3306137,36.87559482],[27.33073679,36.87563779],[27.33095023,36.8756569],[27.33116689,36.87572591],[27.33125675,36.87578646],[27.33130445,36.8758186],[27.33135838,36.87603522],[27.33133761,36.87617169],[27.33125826,36.87629193],[27.33112031,36.87659976],[27.33111928,36.87667845],[27.33120116,36.87671907],[27.33133625,36.87664057],[27.33150353,36.87676767],[27.33154643,36.87690808],[27.33157473,36.87695809],[27.33151395,36.87703451],[27.33135368,36.8771706],[27.33123778,36.87723488],[27.33116585,36.87727313],[27.33112761,36.87732189],[27.33115723,36.87734776],[27.33125565,36.87731829],[27.3313173,36.87726714],[27.33147045,36.87717225],[27.33162229,36.87711554],[27.33177407,36.87712558],[27.33192044,36.8771477],[27.33201428,36.87719036],[27.33199644,36.87725761],[27.33196491,36.87735147],[27.33201734,36.87753357],[27.33204757,36.87768291],[27.33207288,36.87778709],[27.33220005,36.87784551],[27.33244395,36.87792687],[27.33268956,36.87811546],[27.33290749,36.87835012],[27.33295692,36.87846317],[27.33304161,36.87856807],[27.33311127,36.87866862],[27.33314312,36.87878693],[27.33316853,36.87889349],[27.33324374,36.87905349],[27.33331788,36.87912054],[27.33338889,36.87918798],[27.33352998,36.87925912],[27.33358783,36.87936119],[27.33363546,36.87953508],[27.33354667,36.87974498],[27.3335305,36.87988489],[27.33351831,36.88001397],[27.33335411,36.88015687],[27.33331432,36.88022725],[27.33351543,36.88034795],[27.3336314,36.880626],[27.33365469,36.88077117],[27.33367953,36.88087509],[27.33373836,36.88108132],[27.33377985,36.88127088],[27.33381825,36.88149866],[27.33384477,36.88154697],[27.33386982,36.88159257],[27.33399307,36.88164251],[27.33407314,36.88168222],[27.33379446,36.88178251],[27.33380397,36.88179655],[27.33383248,36.88187103],[27.33409175,36.88237333],[27.33419994,36.88255803],[27.33423965,36.88257351],[27.3342641,36.88258304],[27.33435341,36.88258948],[27.33445987,36.88264907],[27.334589,36.88280338],[27.33463813,36.88290927],[27.33465555,36.88293572],[27.33466021,36.88294278],[27.33488205,36.88327939],[27.33491005,36.88330634],[27.33498887,36.88338218],[27.33518699,36.88358928],[27.33522206,36.88362594],[27.33532368,36.88371768],[27.33559662,36.88396407],[27.33614081,36.88444942],[27.33618468,36.8845197],[27.33615776,36.88458304],[27.33553194,36.88494928],[27.33550729,36.88504555],[27.33550657,36.88504833],[27.33563219,36.88529213],[27.33580359,36.88560767],[27.33581053,36.88562043],[27.335975,36.8859232],[27.33606165,36.88605885],[27.33606728,36.88606766],[27.33609842,36.8861164],[27.33618392,36.88629391],[27.33620038,36.8863281],[27.33623319,36.88648511],[27.33627042,36.88657346],[27.33632606,36.88665832],[27.33633749,36.88667575],[27.33638169,36.88674318],[27.33644414,36.88689936],[27.3364464,36.88703637],[27.3364614,36.88712535],[27.33650846,36.88718363],[27.33697704,36.88746547],[27.33743805,36.88773678],[27.33744443,36.88774054],[27.33747963,36.88776126],[27.33750216,36.88778462],[27.33758076,36.88784926],[27.3376195,36.88790632],[27.33763946,36.88794988],[27.33763964,36.88802794],[27.33761721,36.88810903],[27.33754238,36.88817967],[27.33743973,36.88829281],[27.33739245,36.88834732],[27.33728077,36.88847608],[27.33719599,36.88856895],[27.33713559,36.88863512],[27.3369899,36.88878225],[27.33695888,36.88883676],[27.33719855,36.88897306],[27.33719917,36.88898732],[27.33720075,36.88902366],[27.33711857,36.88918093],[27.33701452,36.88937],[27.3370082,36.88941293],[27.33700536,36.88943224],[27.33700511,36.88943382],[27.33698573,36.88955622],[27.33695659,36.88970485],[27.33699091,36.88981116],[27.33717327,36.88997768],[27.33729672,36.89008626],[27.33744981,36.890194],[27.33755923,36.89025291],[27.33765544,36.89028119],[27.33775164,36.89030948],[27.33793579,36.89038059],[27.33815041,36.89046359],[27.3383422,36.89051219],[27.33846985,36.89059443],[27.33863204,36.8906385],[27.33870083,36.89068489],[27.3387173,36.890696],[27.33924799,36.8919167],[27.33959213,36.89361253],[27.33962406,36.8937175],[27.34176144,36.89276017],[27.34525329,36.89119605],[27.34673706,36.89027122],[27.3475226,36.8900058],[27.34862773,36.88946555],[27.34998318,36.88855781],[27.35031239,36.88839084],[27.35148292,36.8882249],[27.35198304,36.88811842],[27.35248531,36.88806144],[27.35282436,36.88811944],[27.35309587,36.88821989],[27.35344833,36.88842393],[27.35354488,36.88853158],[27.35366842,36.88882317],[27.35383958,36.88895349],[27.35397629,36.88900143],[27.3543774,36.88900362],[27.3547997,36.88886554],[27.35496544,36.88872795],[27.35541878,36.88809794],[27.35598001,36.88765859],[27.35698652,36.88710979],[27.35913224,36.88616158],[27.35979,36.8858141],[27.36030086,36.88540995],[27.3611337,36.88446733],[27.3617295,36.8840022],[27.36255003,36.8835307],[27.36469567,36.88258465],[27.3658248,36.88197374],[27.36644295,36.88152372],[27.3666535,36.88129024],[27.36692076,36.88087945],[27.36709336,36.88073941],[27.36876049,36.87999382],[27.36882291,36.87995964],[27.37079961,36.87887724],[27.37222825,36.8778906],[27.37343085,36.87683378],[27.37416645,36.87606052],[27.37483624,36.87527336],[27.37517528,36.87474339],[27.37523842,36.87442624],[27.37500531,36.87416256],[27.37414885,36.8734323],[27.37358338,36.87279964],[27.37312187,36.87207617],[27.37271598,36.87111911],[27.3723758,36.87058816],[27.37203406,36.87021268],[27.37136417,36.86972263],[27.37029647,36.8690479],[27.3672239,36.86737584],[27.36695331,36.86716727],[27.36665887,36.86686251],[27.36401346,36.86321403],[27.36396639,36.86298785],[27.3640533,36.86244478],[27.36403973,36.8620397],[27.36392746,36.86163743],[27.36379312,36.86137092],[27.36321194,36.86072739],[27.3630913,36.86030958],[27.36284115,36.8599112],[27.36238425,36.85948039],[27.36174211,36.85899625],[27.36123243,36.85873587],[27.3604531,36.85828714],[27.3592095,36.85757448],[27.35791266,36.85682953],[27.3557611,36.85559288],[27.35499822,36.85524088],[27.35251338,36.85409431],[27.34941909,36.85255979],[27.34483778,36.85023362],[27.34065944,36.84836898],[27.33888143,36.84752471],[27.33654735,36.84631536],[27.33397151,36.84489424],[27.33266831,36.84405682],[27.33182906,36.84335053],[27.33144241,36.84282076],[27.33124069,36.84201549],[27.33093225,36.84175383],[27.33061435,36.84166138],[27.33032693,36.84167395],[27.33006854,36.84174201],[27.32987458,36.84185783],[27.32933043,36.84236415],[27.32900837,36.84251509],[27.32863048,36.84262254],[27.32780192,36.84272686],[27.32661092,36.84269715],[27.32476383,36.8424673],[27.32186048,36.84188854],[27.32011835,36.84142817],[27.31851214,36.84085361],[27.31705176,36.84015105],[27.31582359,36.83939018],[27.31531366,36.83898769],[27.31494275,36.83860834],[27.31473692,36.83828746],[27.31461376,36.83788543],[27.31436767,36.83762199],[27.31394954,36.8373656],[27.31343803,36.83720191],[27.31293255,36.83717772],[27.31257829,36.83724842],[27.31222945,36.83737979],[27.31161104,36.83772592],[27.31094741,36.83793364],[27.31027883,36.83802661],[27.30930723,36.8380627],[27.30839219,36.83802962],[27.30724764,36.83792184],[27.30582417,36.83772994],[27.30166637,36.83716933],[27.29619345,36.83627839],[27.29472153,36.83598585],[27.29335135,36.83564767],[27.29180178,36.83516126],[27.29023502,36.83455142],[27.28874577,36.83386957],[27.2853096,36.83215582],[27.28445326,36.83178981],[27.28368213,36.83151603],[27.28258081,36.83120408],[27.28128193,36.8309246],[27.27960975,36.83064401],[27.27614083,36.83006185],[27.27241576,36.8294482],[27.2661364,36.82807348],[27.26440379,36.82775619],[27.26004114,36.82706956],[27.25926325,36.82691214],[27.25835519,36.82672837],[27.25698611,36.82639198],[27.25519342,36.82581264],[27.25373397,36.8254922],[27.25195703,36.82510159],[27.25074036,36.82503804],[27.24860579,36.82480359],[27.24646913,36.8245196],[27.24326992,36.82410522],[27.24305087,36.82407685],[27.24042737,36.82375874],[27.23810476,36.82338281],[27.23676385,36.82320024],[27.23511328,36.82297549],[27.23285089,36.82259781],[27.23089427,36.82226134],[27.22881453,36.82187862],[27.22679092,36.82139747],[27.22543473,36.82089592],[27.22377292,36.82035534],[27.22127063,36.82003351],[27.21875403,36.81936961],[27.21660337,36.81874531],[27.21383045,36.81774584],[27.21276968,36.81731716],[27.21111372,36.81664792],[27.20864397,36.81564238],[27.20810735,36.81537081],[27.20672128,36.81466933],[27.20518953,36.8143187],[27.20499152,36.81429061],[27.20201464,36.81386818],[27.19808575,36.81280262],[27.19561353,36.81174731],[27.19370696,36.8112737],[27.189952,36.81027528],[27.18854601,36.80990197],[27.18672537,36.80941855],[27.18596066,36.80921549],[27.18293294,36.80840458],[27.18250481,36.80917745],[27.18200106,36.81010328],[27.18017343,36.81122887],[27.18014907,36.81128313],[27.18010686,36.8113379],[27.18008139,36.8113672],[27.18003637,36.81138986],[27.17999273,36.8114101],[27.17994107,36.81147263],[27.17983116,36.81142553],[27.17963986,36.81171059],[27.17944424,36.81199894],[27.17927094,36.81255788],[27.17931162,36.81275571],[27.17926047,36.81291682],[27.17923163,36.81300818],[27.17905819,36.81299016],[27.17855281,36.81293769],[27.17822416,36.81296734],[27.17803981,36.81309373],[27.17788553,36.81311691],[27.17763121,36.81309749],[27.17740409,36.81309045],[27.17712514,36.8130848],[27.17697466,36.81310746],[27.17678854,36.81310633],[27.17660537,36.81308652],[27.17625101,36.81305348],[27.17615581,36.8130712],[27.17612398,36.81308907],[27.17603253,36.81318358],[27.17584726,36.81328885],[27.17561422,36.81332594],[27.1753596,36.81336612],[27.17529287,36.81339659],[27.17518532,36.81350387],[27.17505059,36.81359257],[27.17498205,36.81360408],[27.17486444,36.81358521],[27.17479804,36.81355646],[27.17468294,36.81347016],[27.17464313,36.81344792],[27.17460615,36.81347828],[27.17452235,36.81345954],[27.17442046,36.81346226],[27.17434116,36.8134949],[27.17427757,36.81356335],[27.17421232,36.81364901],[27.17415071,36.81370788],[27.17405727,36.8137428],[27.17396209,36.81379302],[27.17389644,36.81386916],[27.17382661,36.81395876],[27.17373047,36.81409685],[27.17368731,36.81417142],[27.17366222,36.81420062],[27.17338463,36.81448524],[27.17314696,36.81502317],[27.17305056,36.81503498],[27.17296294,36.81521088],[27.17287135,36.81527054],[27.17274339,36.81533118],[27.17265175,36.81540992],[27.17257053,36.81556848],[27.17249761,36.81569822],[27.1723882,36.81580604],[27.17220605,36.81587575],[27.1719555,36.81595492],[27.17178844,36.81598799],[27.17151262,36.81602968],[27.17128742,36.81609101],[27.17108165,36.81616325],[27.17090621,36.81628047],[27.17074641,36.81631715],[27.17055195,36.81631853],[27.17031524,36.81627335],[27.17006621,36.81621706],[27.16976347,36.81612405],[27.16951974,36.81608096],[27.16943562,36.8160546],[27.16928605,36.81593652],[27.16914058,36.81580308],[27.1689864,36.81580337],[27.16886287,36.81579904],[27.16876444,36.81589529],[27.16851121,36.81572187],[27.16816152,36.81544151],[27.16746753,36.8149384],[27.16714083,36.81479072],[27.16679003,36.81456802],[27.16673955,36.81458147],[27.16668302,36.81469214],[27.16661422,36.81494715],[27.16650222,36.81506508],[27.16636344,36.81514952],[27.16617284,36.81519554],[27.16605592,36.81520389],[27.16587795,36.81526356],[27.16455633,36.81592885],[27.16416248,36.81610202],[27.16348086,36.81659035],[27.16326863,36.81670588],[27.16244791,36.81701249],[27.16219855,36.81708012],[27.16187755,36.81713464],[27.16183012,36.81720369],[27.16169859,36.81725011],[27.16149913,36.81715886],[27.1612144,36.81694114],[27.16099393,36.81677177],[27.16078128,36.81668445],[27.1603567,36.81663495],[27.16005354,36.81661798],[27.15956778,36.81659514],[27.15928314,36.81659556],[27.15898248,36.81663931],[27.15841194,36.81682614],[27.15806223,36.81697491],[27.15778654,36.81719323],[27.15766918,36.817368],[27.15752216,36.81768661],[27.15745026,36.81788521],[27.15734462,36.81802034],[27.15716968,36.81809293],[27.15701906,36.81810767],[27.15674524,36.81804699],[27.15653997,36.81803099],[27.15636489,36.81810001],[27.15623971,36.81819274],[27.15614472,36.8183705],[27.15600315,36.818714],[27.15586725,36.81897867],[27.15571702,36.8191114],[27.15546342,36.81921827],[27.15516364,36.81928345],[27.15499123,36.81930948],[27.15481022,36.81939674],[27.15468503,36.81950735],[27.15438783,36.819852],[27.15417842,36.82007809],[27.15412536,36.8201378],[27.15395875,36.82032531],[27.15377205,36.82056272],[27.15368779,36.8207676],[27.1536286,36.82095096],[27.1535091,36.8210197],[27.15337283,36.82104119],[27.15324844,36.82099086],[27.15313544,36.82085677],[27.15309846,36.82077769],[27.1530501,36.82067427],[27.15290785,36.8205499],[27.15261329,36.82041765],[27.15218926,36.82029181],[27.15199204,36.8202732],[27.15178652,36.82032336],[27.15161258,36.82042036],[27.15108652,36.82078895],[27.15038304,36.82126059],[27.14993908,36.82155249],[27.14917521,36.82208831],[27.1489314,36.82219908],[27.14856909,36.82231298],[27.14801766,36.82251535],[27.14781803,36.82261898],[27.1477233,36.82274964],[27.147661,36.82294798],[27.1476024,36.82314622],[27.14748187,36.82328054],[27.1472389,36.82341214],[27.14699472,36.82351398],[27.14694666,36.82360763],[27.14699881,36.82369656],[27.14702238,36.82373675],[27.14736272,36.82390059],[27.14748658,36.82402843],[27.14748813,36.82415653],[27.14727596,36.82440653],[27.14713036,36.82456237],[27.14706009,36.82465662],[27.14701996,36.82494377],[27.14700327,36.82526011],[27.14700168,36.8254926],[27.146967,36.82573193],[27.14700985,36.82596325],[27.1471458,36.82611462],[27.14742764,36.82620631],[27.14761169,36.82626618],[27.14794146,36.82635281],[27.14813568,36.82647879],[27.14814883,36.8266185],[27.14808718,36.82674232],[27.1478501,36.82692741],[27.14760932,36.8271126],[27.14748496,36.82724404],[27.14741037,36.8273235],[27.14737688,36.82741082],[27.14733594,36.82758773],[27.14728735,36.82775888],[27.14714878,36.8279056],[27.14688688,36.82811817],[27.14668015,36.82832033],[27.14657292,36.82850794],[27.14653617,36.82869667],[27.14661079,36.82907019],[27.14689019,36.8297363],[27.1469111,36.82988475],[27.14686451,36.83001413],[27.14673619,36.83013972],[27.14656707,36.830174],[27.14635586,36.83017661],[27.14614649,36.83022388],[27.14598672,36.83030559],[27.14584705,36.83042552],[27.14577192,36.83058247],[27.14570216,36.83087042],[27.14557198,36.83104075],[27.14551919,36.8312001],[27.14556761,36.83135184],[27.14573343,36.83151911],[27.14597802,36.83169764],[27.14631081,36.83197185],[27.14636721,36.83205033],[27.1464327,36.83214147],[27.1465569,36.83236765],[27.14659246,36.83260214],[27.14660076,36.83280457],[27.14656795,36.83299914],[27.14619479,36.83359886],[27.14616448,36.83364758],[27.14607018,36.83387955],[27.14602724,36.83409824],[27.14605629,36.83426436],[27.14606069,36.83437152],[27.14599394,36.8345521],[27.14594844,36.83470827],[27.14597932,36.83491904],[27.14619081,36.83537536],[27.14630411,36.8356972],[27.14646621,36.83594323],[27.14660885,36.83607654],[27.14666147,36.83627482],[27.14668987,36.83651546],[27.14666684,36.836677],[27.14652248,36.8370444],[27.14652475,36.83719036],[27.14660717,36.83730142],[27.14680305,36.8373767],[27.1470568,36.83745781],[27.1472163,36.8375088],[27.14760831,36.8376653],[27.14798949,36.83773864],[27.1483021,36.8379479],[27.14860319,36.83823794],[27.14878658,36.83837016],[27.14904986,36.83846152],[27.14933419,36.83843313],[27.14961187,36.83833338],[27.14982648,36.83823232],[27.14991837,36.8381226],[27.15008246,36.83805567],[27.15026887,36.83808052],[27.15041774,36.83809446],[27.15059392,36.83805104],[27.15069038,36.83796206],[27.15088303,36.83777814],[27.15097986,36.83773848],[27.15123308,36.83763475],[27.15145325,36.83748884],[27.15177727,36.83725375],[27.1520182,36.83707153],[27.15226833,36.83702317],[27.15253307,36.83715025],[27.15282375,36.83727664],[27.15342299,36.83748401],[27.15365598,36.83759454],[27.15389122,36.8376169],[27.1541372,36.83768428],[27.15442583,36.83782879],[27.15455564,36.83791907],[27.15493315,36.83826368],[27.15521505,36.83844692],[27.15542352,36.83855761],[27.15565752,36.83861279],[27.15635382,36.83878365],[27.15735918,36.8389225],[27.15754309,36.83893523],[27.15782877,36.8389673],[27.15807395,36.83892836],[27.15828438,36.83885219],[27.15847966,36.83869633],[27.1585398,36.8385715],[27.15867388,36.83857216],[27.15890257,36.83853676],[27.15910569,36.83864341],[27.15919384,36.83876742],[27.15917563,36.83891406],[27.15911976,36.83912939],[27.15926468,36.83933534],[27.15944777,36.83938769],[27.15952359,36.83979487],[27.15956202,36.83984362],[27.15962599,36.8401573],[27.15951586,36.84024219],[27.15950618,36.84027861],[27.15952663,36.84034171],[27.15946838,36.84037082],[27.15943804,36.84042646],[27.15944424,36.84053405],[27.15945456,36.84054813],[27.15969197,36.84089657],[27.16003093,36.84136171],[27.16003499,36.8413746],[27.16033981,36.8414062],[27.16044677,36.84141051],[27.16065925,36.84127611],[27.16094002,36.84117924],[27.16123736,36.8411606],[27.16161451,36.84124354],[27.16162426,36.84137202],[27.16198691,36.84142674],[27.16223862,36.8413807],[27.162353,36.84134904],[27.16246008,36.84146421],[27.16280056,36.84130494],[27.16294526,36.84146917],[27.16333069,36.84164486],[27.16339998,36.84181467],[27.16324885,36.84192598],[27.16301302,36.84181782],[27.16283707,36.84165086],[27.16257128,36.84167939],[27.16237169,36.84180272],[27.16234956,36.84202145],[27.16239042,36.8421491],[27.16225212,36.84246391],[27.16213177,36.84267453],[27.16195266,36.84264712],[27.1617672,36.84257338],[27.16181064,36.8424399],[27.16201467,36.84231646],[27.16200878,36.84217357],[27.16179769,36.84212555],[27.16159609,36.84198429],[27.16143568,36.84187055],[27.16138223,36.84176111],[27.16127112,36.84176407],[27.16110117,36.84185084],[27.16094546,36.84185141],[27.16071544,36.841668],[27.16049337,36.84167748],[27.16047126,36.84178893],[27.16055373,36.84195481],[27.16040474,36.84203574],[27.16041831,36.84205403],[27.16050504,36.84208665],[27.16049604,36.84219563],[27.16049055,36.84231114],[27.16057399,36.84239237],[27.16069865,36.84247288],[27.16070589,36.84257005],[27.16090015,36.84258674],[27.16094183,36.84263442],[27.16103804,36.84286916],[27.16108031,36.84293592],[27.16118946,36.8430648],[27.16156343,36.84293702],[27.16172602,36.84285163],[27.16180602,36.84284951],[27.16195317,36.84289327],[27.16191925,36.84307775],[27.16199399,36.84316397],[27.16224316,36.84323601],[27.16230332,36.84318434],[27.16243399,36.84318802],[27.16276108,36.84327944],[27.16282605,36.84334446],[27.16281793,36.84343528],[27.16275026,36.84352052],[27.1626888,36.84361275],[27.16264463,36.84369261],[27.16263967,36.8437881],[27.16267362,36.8438921],[27.16274445,36.84399992],[27.16308505,36.84408464],[27.16315994,36.84410241],[27.16318661,36.84410482],[27.16321968,36.84410781],[27.16321374,36.84417949],[27.16342414,36.84446236],[27.16365776,36.84423542],[27.16396384,36.8438172],[27.1640315,36.84380348],[27.16417453,36.84403307],[27.164584,36.84425366],[27.16443632,36.84434104],[27.16433781,36.84452478],[27.16441167,36.84451831],[27.16511989,36.84477704],[27.16516008,36.84481178],[27.1652737,36.84491002],[27.16537174,36.84492444],[27.16554193,36.84491933],[27.16569966,36.84489333],[27.16584159,36.84482829],[27.16650064,36.84442856],[27.16679787,36.84436814],[27.1668391,36.84435976],[27.16722496,36.84443978],[27.16745413,36.84449091],[27.16753502,36.84450896],[27.16770192,36.84459987],[27.16789727,36.84466141],[27.16810152,36.84472272],[27.1682614,36.84485911],[27.16849011,36.84504909],[27.16862163,36.84515834],[27.16899554,36.84546893],[27.16927116,36.84575005],[27.16939174,36.84586842],[27.16955648,36.84590694],[27.16977189,36.84595126],[27.16985267,36.84603969],[27.16992012,36.84609273],[27.1700896,36.84617403],[27.17023419,36.84622739],[27.17050017,36.84627512],[27.1708828,36.84634597],[27.1711075,36.84639957],[27.17117455,36.84644308],[27.17120871,36.84655184],[27.1711754,36.84675061],[27.17117271,36.8469724],[27.17128602,36.84717203],[27.1715204,36.84706763],[27.17154242,36.84699678],[27.17150588,36.84691352],[27.17172873,36.84670731],[27.17206862,36.84653373],[27.17209917,36.84620043],[27.17216874,36.84613429],[27.17234602,36.8461401],[27.1724589,36.84628728],[27.17259968,36.84635559],[27.1727007,36.84632705],[27.17288539,36.84617865],[27.17288094,36.84614655],[27.17265028,36.84602244],[27.1726341,36.84596311],[27.17271378,36.84577981],[27.17253989,36.84564281],[27.17252754,36.84559694],[27.17257118,36.84540389],[27.17264933,36.8453623],[27.17293695,36.84536617],[27.17304924,36.84549906],[27.17322209,36.84560891],[27.17335576,36.84563915],[27.17366703,36.84558984],[27.17372578,36.84556015],[27.17373339,36.84550412],[27.17346852,36.84527656],[27.17347232,36.84524592],[27.17364626,36.84514585],[27.1737023,36.8450842],[27.17366499,36.84495211],[27.17368419,36.84491274],[27.17385822,36.84483374],[27.17413468,36.84484781],[27.17427735,36.84493967],[27.17436819,36.84494719],[27.17459271,36.84481617],[27.17464543,36.84481116],[27.1747985,36.84489081],[27.17485444,36.84488597],[27.17491692,36.8448269],[27.17521385,36.84447566],[27.17527846,36.84431658],[27.17548099,36.84406543],[27.17567799,36.84387959],[27.1759484,36.84377194],[27.17604669,36.84379978],[27.17611377,36.84385795],[27.17627258,36.84387828],[27.17632801,36.84388538],[27.1763911,36.84389345],[27.17658694,36.84410994],[27.176397,36.84425091],[27.17642218,36.84442904],[27.17626615,36.8445509],[27.17613869,36.84457027],[27.17585015,36.84454908],[27.17577539,36.84458419],[27.17563546,36.84477193],[27.17522298,36.84512627],[27.17520769,36.84516022],[27.17518805,36.84520384],[27.17507628,36.84545204],[27.17492366,36.84563493],[27.17482825,36.8456947],[27.17472349,36.84586424],[27.17452461,36.84583323],[27.17435473,36.84585684],[27.17421154,36.84595222],[27.17399249,36.84616406],[27.1739504,36.84627946],[27.17384804,36.84612192],[27.17370942,36.84600624],[27.17340958,36.84629429],[27.17311355,36.84659592],[27.17294828,36.84671023],[27.17292066,36.84671712],[27.17277171,36.84677355],[27.17249791,36.84682378],[27.1723456,36.84687076],[27.1719356,36.84713796],[27.17189115,36.84716543],[27.17170314,36.84725984],[27.17147673,36.84749311],[27.1713821,36.84760258],[27.17143241,36.8481019],[27.17162226,36.84881921],[27.17175815,36.84894909],[27.17179548,36.84898238],[27.17187545,36.8490537],[27.17198916,36.8491551],[27.1720968,36.84931911],[27.17228011,36.84944772],[27.17241533,36.84948941],[27.17245899,36.84954224],[27.17248146,36.84958908],[27.1724725,36.84964523],[27.17245271,36.84976923],[27.17233107,36.84996619],[27.17228235,36.85011076],[27.17226336,36.85024112],[27.17227667,36.85032867],[27.17230065,36.85039614],[27.17229206,36.85048796],[27.17226078,36.85055517],[27.1722252,36.85058362],[27.17213733,36.85061848],[27.17193249,36.85065742],[27.17187608,36.85072807],[27.17182052,36.85083268],[27.17179901,36.85087317],[27.17159729,36.85101683],[27.17133363,36.85124083],[27.17126882,36.85132362],[27.17123888,36.85138879],[27.17123265,36.85145332],[27.17126534,36.85152636],[27.17142396,36.85163179],[27.17160708,36.85175564],[27.17164342,36.85184527],[27.17164668,36.852108],[27.17167735,36.85223535],[27.17164533,36.85232203],[27.17152136,36.85239283],[27.1714444,36.85248475],[27.17142415,36.85261376],[27.17127973,36.85282795],[27.17183467,36.85277552],[27.17189281,36.85283655],[27.1718328,36.85290967],[27.17140704,36.85310581],[27.17101758,36.85330693],[27.17102135,36.85342964],[27.17102362,36.85350387],[27.1710368,36.85360723],[27.17101751,36.85378655],[27.1708914,36.85395384],[27.17089095,36.85395443],[27.17079086,36.85409574],[27.17076815,36.8541278],[27.17074379,36.8541622],[27.17061776,36.85425756],[27.17061058,36.85426298],[27.1706096,36.85426848],[27.17044513,36.85432652],[27.17029213,36.85439318],[27.17025471,36.85447464],[27.17054302,36.85445205],[27.17083171,36.85443838],[27.17088885,36.85444377],[27.17094641,36.85452174],[27.17104801,36.85475444],[27.17104891,36.85490016],[27.17099191,36.85499436],[27.17105068,36.85518798],[27.17102286,36.8552998],[27.17095147,36.85542475],[27.17074167,36.85545491],[27.17060348,36.8554133],[27.17049512,36.85537566],[27.17042498,36.85540137],[27.17043376,36.85547028],[27.17057037,36.85554531],[27.17064988,36.85560279],[27.17071458,36.85572383],[27.17062435,36.85579705],[27.17062796,36.8558786],[27.170462,36.85595456],[27.17032803,36.85605111],[27.17023777,36.85623591],[27.17014511,36.85657811],[27.17007765,36.85688388],[27.16996916,36.85705843],[27.16980805,36.85715645],[27.16944716,36.85720588],[27.16894097,36.85730521],[27.16858788,36.85751967],[27.16828988,36.85791861],[27.16805373,36.85823484],[27.16770833,36.858492],[27.16763738,36.8586417],[27.16785327,36.85898402],[27.16801898,36.85926092],[27.16834294,36.85960338],[27.1685883,36.85982745],[27.16843988,36.86011274],[27.16815766,36.86060662],[27.1678182,36.86072057],[27.16748846,36.86063878],[27.16709194,36.86052061],[27.16695007,36.86053393],[27.16692257,36.86073016],[27.16696817,36.86097212],[27.16706714,36.86106961],[27.16714535,36.86123918],[27.16720902,36.86149707],[27.1673731,36.86158118],[27.16764397,36.86167409],[27.16782553,36.86175984],[27.16782512,36.86189336],[27.16790097,36.86200578],[27.16802958,36.86210248],[27.1680829,36.8622441],[27.16815342,36.86237096],[27.1680313,36.86243143],[27.16772762,36.86240616],[27.16743757,36.86242343],[27.16712043,36.86250341],[27.1668762,36.86262436],[27.16636208,36.86267622],[27.16615245,36.86262936],[27.16611329,36.86283067],[27.16616647,36.86308862],[27.16610139,36.86323698],[27.16610135,36.86345155],[27.16601463,36.86361479],[27.16590182,36.86379303],[27.16590713,36.86392163],[27.16592578,36.86404987],[27.16589137,36.86418668],[27.1657977,36.86428931],[27.16532952,36.86448741],[27.16525081,36.86458577],[27.16517882,36.86474282],[27.16507303,36.86511241],[27.16505878,36.86534702],[27.1650739,36.865685],[27.16503437,36.86594665],[27.16503038,36.8660909],[27.16508264,36.86643576],[27.16506779,36.86661496],[27.16501538,36.86671107],[27.16490308,36.86690924],[27.16483587,36.86702782],[27.16468327,36.86698714],[27.16465557,36.86697772],[27.16381707,36.86679145],[27.16314327,36.86664639],[27.16230297,36.86646547],[27.16183172,36.86763172],[27.1616566,36.86806509],[27.16157674,36.86826273],[27.16116781,36.86930175],[27.1611505,36.86934571],[27.16097578,36.86978965],[27.16087428,36.87006838],[27.16064593,36.87069544],[27.1604896,36.87109401],[27.16015925,36.8719362],[27.15996654,36.87243269],[27.15975017,36.87299013],[27.15954401,36.87356779],[27.15945897,36.87379512],[27.15943686,36.87385423],[27.15889989,36.87371563],[27.15870819,36.8736703],[27.15864327,36.87365373],[27.15859998,36.87364644],[27.15859935,36.87364633],[27.15856259,36.87364014],[27.15838807,36.87359413],[27.15817396,36.87353768],[27.15754619,36.87337217],[27.15725064,36.87414842],[27.15698549,36.8741331],[27.15696737,36.87415176],[27.15707258,36.87520705],[27.15707352,36.87521647],[27.15706619,36.87525632],[27.15713751,36.87585195],[27.15715329,36.87601055],[27.15720649,36.87654511],[27.15723879,36.87686965],[27.15662464,36.87673302],[27.15562488,36.87647065],[27.15529796,36.87638484],[27.15521508,36.87660126],[27.15522187,36.87664412],[27.15526811,36.8766634],[27.15523225,36.87684003],[27.15519464,36.87702524],[27.1551011,36.87700245],[27.15504769,36.87715474],[27.15502462,36.87722049],[27.15466126,36.87715038],[27.15463231,36.87723272],[27.15454171,36.87749031],[27.15478539,36.87755238],[27.1547568,36.87761666],[27.1546929,36.87776036],[27.15468538,36.87777726],[27.15460608,36.87795559],[27.15459129,36.87800643],[27.15429407,36.87793415],[27.15423089,36.87809954],[27.15406847,36.878454],[27.15406722,36.87845674],[27.15399998,36.87860348],[27.15391216,36.87883468],[27.15390898,36.87888112],[27.15387276,36.87901508],[27.15369386,36.8789385],[27.15362941,36.87906759],[27.15351456,36.87929763],[27.15351146,36.87930382],[27.15345446,36.87941799],[27.15330475,36.8797319],[27.15323839,36.8798272],[27.15320589,36.87984522],[27.15315172,36.87991342],[27.15304533,36.88009744],[27.15291483,36.88027796],[27.1528162,36.88041441],[27.15268566,36.88057166],[27.15248357,36.88083512],[27.15236417,36.88093365],[27.152283,36.88107416],[27.15222199,36.88142098],[27.15217925,36.88157231],[27.15217003,36.88160494],[27.1521748,36.88170793],[27.15217515,36.88171555],[27.15204969,36.88195538],[27.15192619,36.88209468],[27.15188748,36.88216297],[27.1518156,36.88225234],[27.1517405,36.88239177],[27.1517334,36.88251004],[27.15173155,36.88254087],[27.15172935,36.88257737],[27.15062339,36.88357696],[27.14972056,36.88518169],[27.14915633,36.88618454],[27.14826248,36.88736079],[27.14739974,36.88849607],[27.14707379,36.88892496],[27.14461439,36.89236015],[27.14352147,36.89456027],[27.1433625,36.89488027],[27.14276261,36.89786068],[27.14470611,36.8998186],[27.14721677,36.89938262],[27.14817189,36.89926494],[27.14901289,36.8992539],[27.15053215,36.89936677],[27.15221304,36.89931764],[27.15255249,36.89938747],[27.15272468,36.89948201],[27.15290711,36.89950914],[27.15326441,36.89956229],[27.15442697,36.89995265],[27.15510599,36.90009454],[27.1562871,36.90016902],[27.15762993,36.90008375],[27.15950648,36.89979728],[27.1603033,36.89961613],[27.16096829,36.89941821],[27.16229343,36.89890535],[27.16404685,36.89808371],[27.16552232,36.89744291],[27.16609618,36.89726316],[27.16626605,36.89730143],[27.16650752,36.89747745],[27.16809562,36.89913585],[27.16867444,36.89961823],[27.16930404,36.90005646],[27.16998781,36.90044819],[27.170839,36.90083544],[27.17164939,36.9011179],[27.17261067,36.90136929],[27.17385063,36.90164476],[27.17452829,36.90175279],[27.17498825,36.9018869],[27.1754794,36.90216436],[27.1759494,36.90232073],[27.17710837,36.90309392],[27.17779688,36.90346295],[27.17865117,36.90377122],[27.17949967,36.90393997],[27.1805098,36.9039985],[27.18437904,36.90390828],[27.18471695,36.90393976],[27.18505748,36.90403425],[27.18662285,36.90415667],[27.18677195,36.90133685],[27.18854931,36.89744159],[27.18983311,36.89446062]]]}},{"type":"Feature","properties":{"source_id":"emodnet:natura2000areas/GR4210010","source_name":"EMODnet Human Activities (European Commission DG MARE)","source_version":"2020-06-30Z","feature_type":"protected_area","restriction_class":"INFORMATIONAL","classification_rule":"Natura 2000 designation does not itself prohibit navigation","upstream_layer":"emodnet:natura2000areas","resource":null,"properties":{"sitecode":"GR4210010","sitename":"ARKOI, LEIPSOI, AGATHONISI KAI VRACHONISIDES","ms":"GR","country":"Greece","sitetype":"B","sitedesc":"SCI (Special Conservation Interest)","directive":"http://ec.europa.eu/environment/nature/legislation/habitatsdirective/index_en.htm","area_ha":12461.0,"mar_perc":62.62,"coast_mar":1,"release_da":"2020-06-30Z","date_spa":null,"date_sci":"2006-08-31Z","date_sac":"2011-03-01Z","shape_leng":1.6937150321,"shape_area":0.0126611337318}},"geometry":{"type":"MultiPolygon","coordinates":[[[[27.15338034,37.05031563],[27.15268838,37.04962221],[27.1514623,37.04892496],[27.15048229,37.04868971],[27.14928029,37.04821706],[27.14838451,37.04797955],[27.14763506,37.04728762],[27.14719877,37.04660764],[27.14662172,37.04568361],[27.14598374,37.04522299],[27.14502782,37.04521231],[27.14398768,37.04520386],[27.14294313,37.04541178],[27.1420028,37.04608546],[27.14157394,37.04653835],[27.14111226,37.04721737],[27.14068269,37.04767027],[27.13998863,37.04879696],[27.13972856,37.04925438],[27.139552,37.04970958],[27.13931963,37.05015726],[27.13930853,37.05084235],[27.13949767,37.0513059],[27.14013637,37.05176653],[27.14081197,37.05177567],[27.14218945,37.05178421],[27.14300913,37.05157325],[27.14402603,37.05135706],[27.14480776,37.05158862],[27.14586571,37.05228139],[27.14606475,37.05249011],[27.14652957,37.0529756],[27.14675146,37.05312514],[27.14722485,37.05344371],[27.14837041,37.05390887],[27.15013403,37.05438462],[27.15187868,37.05440131],[27.15325587,37.05441874],[27.15424941,37.05397782],[27.15440075,37.05328899],[27.15430202,37.05238155],[27.15398339,37.05123668],[27.15338034,37.05031563]]],[[[27.08447545,37.06843245],[27.0854036,37.06844433],[27.086482,37.06800176],[27.08767059,37.0675563],[27.08840671,37.06733889],[27.08922566,37.06711931],[27.09074843,37.0669084],[27.09202569,37.06624209],[27.09274182,37.06556787],[27.09344735,37.06534221],[27.09423959,37.0651233],[27.0951677,37.0651351],[27.09629692,37.06492539],[27.09734501,37.06448352],[27.09859034,37.06403647],[27.0996391,37.06359456],[27.1006563,37.06337873],[27.104275,37.06228381],[27.10636857,37.06161624],[27.10776215,37.06072369],[27.10791052,37.06046985],[27.10802423,37.0602753],[27.10800873,37.06003875],[27.10797945,37.05959166],[27.10779392,37.05890271],[27.10763647,37.05821302],[27.10728664,37.05730311],[27.10692506,37.0570693],[27.10647509,37.05706307],[27.10577066,37.0570545],[27.10495533,37.05704883],[27.10422147,37.05726628],[27.10354652,37.05725693],[27.10301232,37.0572529],[27.10259806,37.05679519],[27.10221081,37.05632776],[27.10201878,37.05609851],[27.10171374,37.05587221],[27.10149116,37.05563475],[27.10104537,37.05540313],[27.10051536,37.0551737],[27.0999555,37.05493605],[27.09940193,37.05447296],[27.09904804,37.05378839],[27.09882724,37.05355989],[27.09861791,37.05264627],[27.09862938,37.05196116],[27.09858192,37.05150286],[27.09844536,37.05127215],[27.09775005,37.05081276],[27.0969386,37.05057265],[27.09618226,37.05034011],[27.09542208,37.05032392],[27.09426606,37.05054333],[27.09302894,37.05053057],[27.09209681,37.05074411],[27.09110852,37.05095912],[27.09090849,37.0511896],[27.09112086,37.05186887],[27.09164769,37.0523327],[27.09253884,37.05280504],[27.09337942,37.0530354],[27.09419089,37.05327553],[27.09435482,37.05350553],[27.09387018,37.05395971],[27.0931342,37.05417715],[27.09270954,37.05439548],[27.09194165,37.05484802],[27.09104174,37.05483545],[27.0898607,37.05482119],[27.08924682,37.05458489],[27.0885719,37.05457545],[27.08775658,37.05456966],[27.08647797,37.05523371],[27.08502736,37.0561275],[27.08443278,37.05635022],[27.08310641,37.05656494],[27.08229563,37.05632472],[27.08179647,37.05586689],[27.08217109,37.05541787],[27.08252421,37.05450762],[27.0824516,37.0538247],[27.08216895,37.0530207],[27.08234116,37.05244521],[27.08201247,37.05196741],[27.08114085,37.051525],[27.08069128,37.05152768],[27.0797914,37.05151502],[27.0789122,37.05196136],[27.07862802,37.0521841],[27.07834147,37.0524087],[27.07807677,37.05309138],[27.07806649,37.05311782],[27.07798831,37.05331894],[27.07788782,37.05422262],[27.07785233,37.05468309],[27.07775892,37.05513605],[27.07768687,37.05604801],[27.0774783,37.05672923],[27.07693208,37.05740119],[27.07616476,37.05785362],[27.07534586,37.05807311],[27.07490638,37.05822441],[27.07407203,37.05851164],[27.07344933,37.05873503],[27.07330145,37.05887859],[27.07299154,37.05917942],[27.07238806,37.05986186],[27.07181794,37.06030915],[27.07115862,37.06098402],[27.07056397,37.06120667],[27.06974075,37.0616515],[27.06872347,37.06186707],[27.06795926,37.06208509],[27.06727251,37.06276065],[27.06703576,37.06344258],[27.06697246,37.06389476],[27.06667814,37.06457818],[27.06610796,37.06502545],[27.06598351,37.06570447],[27.0662757,37.06662502],[27.06688248,37.06731215],[27.06761119,37.0675546],[27.06840143,37.06733591],[27.07012721,37.06689474],[27.07105892,37.06668138],[27.07209938,37.06669046],[27.07279825,37.06692464],[27.07324473,37.06715635],[27.07388745,37.06739198],[27.07413241,37.06785418],[27.07441041,37.06809027],[27.07509763,37.06900955],[27.07601661,37.06947228],[27.07778974,37.06948932],[27.07953375,37.0695161],[27.08057425,37.06952509],[27.08178783,37.06931333],[27.08295932,37.06894721],[27.08320291,37.06887104],[27.08374322,37.06879842],[27.08447545,37.06843245]]]]}},{"type":"Feature","properties":{"source_id":"emodnet:natura2000areas/GR4210019","source_name":"EMODnet Human Activities (European Commission DG MARE)","source_version":"2020-06-30Z","feature_type":"protected_area","restriction_class":"INFORMATIONAL","classification_rule":"Natura 2000 designation does not itself prohibit navigation","upstream_layer":"emodnet:natura2000areas","resource":null,"properties":{"sitecode":"GR4210019","sitename":"NISIDES KALYMNOU: EPANO NERA, SARI, TELENDOS  KAI THALASSIA PERIOCHI","ms":"GR","country":"Greece","sitetype":"A","sitedesc":"SPA (Special Protection Areas)","directive":"http://ec.europa.eu/environment/nature/legislation/birdsdirective/index_en.htm","area_ha":18847.3,"mar_perc":97.22,"coast_mar":1,"release_da":"2020-06-30Z","date_spa":"2001-09-30Z","date_sci":null,"date_sac":null,"shape_leng":1.68397667035,"shape_area":0.0190541751168}},"geometry":{"type":"Polygon","coordinates":[[[26.87615388,37.07412996],[26.88036224,37.07412194],[26.88032306,37.07385956],[26.88032141,37.07384853],[26.88025011,37.07356191],[26.88022151,37.07336436],[26.88030682,37.07309193],[26.88042045,37.07289995],[26.88064937,37.07257901],[26.88076294,37.07244107],[26.88084771,37.07230384],[26.88097679,37.07211147],[26.88104857,37.07198357],[26.88110592,37.07186504],[26.88113445,37.07178324],[26.88119426,37.07167366],[26.88126389,37.07156382],[26.88134337,37.07145376],[26.88143021,37.07135253],[26.88152685,37.07125106],[26.88157644,37.07120479],[26.88168467,37.07111206],[26.88179957,37.07102816],[26.88192112,37.07095312],[26.88204759,37.07087796],[26.88211364,37.07084029],[26.88232123,37.07075415],[26.88253513,37.07068587],[26.8827592,37.07062635],[26.88291157,37.07060463],[26.88304573,37.07058334],[26.88320341,37.07053445],[26.88334597,37.07049494],[26.88348832,37.07039234],[26.88371594,37.07026066],[26.88390144,37.07014801],[26.88415903,37.06993449],[26.88450093,37.06966485],[26.88470054,37.06947976],[26.8848295,37.0693775],[26.88515667,37.06909019],[26.88535727,37.06896817],[26.88549957,37.06886557],[26.8857416,37.0687065],[26.88608383,37.0684819],[26.88628442,37.06835986],[26.88642638,37.06824828],[26.88664033,37.06810791],[26.88686908,37.0679131],[26.88708245,37.06764658],[26.88731094,37.0673887],[26.88753871,37.06713084],[26.88778149,37.0669537],[26.88802424,37.06679461],[26.88813776,37.06667469],[26.88838055,37.06647954],[26.8885801,37.06633051],[26.88879373,37.0661631],[26.88906535,37.06593119],[26.88930844,37.06576306],[26.88953571,37.0656584],[26.88980647,37.06555268],[26.89004914,37.06548369],[26.89017798,37.06547154],[26.89036443,37.06543995],[26.89056318,37.06539907],[26.89080681,37.06539312],[26.89114878,37.06536675],[26.89149068,37.06537644],[26.89190599,37.06537532],[26.89221809,37.06537673],[26.89240452,37.06536315],[26.89268997,37.06532915],[26.89305017,37.06524242],[26.89324723,37.06519842],[26.89347507,37.06518385],[26.89376188,37.06518585],[26.89396088,37.06524407],[26.89413253,37.06526692],[26.89433231,37.06525302],[26.89447453,37.06518646],[26.89460385,37.06505715],[26.8948884,37.06485196],[26.89520213,37.06460101],[26.8954867,37.0643958],[26.89578668,37.06420826],[26.89612983,37.06402865],[26.89640024,37.06393194],[26.8967148,37.06388822],[26.89695779,37.0638282],[26.89711373,37.0637703],[26.89748591,37.06367111],[26.89764182,37.06363126],[26.89787075,37.06358962],[26.89804172,37.06357643],[26.89828402,37.06349842],[26.89841155,37.06339617],[26.89861211,37.0632561],[26.89869752,37.06315489],[26.89875376,37.06308143],[26.89888341,37.06296111],[26.89901144,37.06307513],[26.89908372,37.0631094],[26.89926763,37.06314095],[26.89936806,37.06312048],[26.89955455,37.06301679],[26.89979589,37.06283967],[26.8998961,37.06266601],[26.89986679,37.06245045],[26.89983923,37.06227993],[26.89985304,37.06214442],[26.89995285,37.06201583],[26.90012312,37.06200263],[26.90029546,37.06200744],[26.90038043,37.06200536],[26.90043699,37.06195891],[26.90043752,37.06175165],[26.90046642,37.06162479],[26.90059292,37.06147751],[26.9008219,37.06136378],[26.90106489,37.06128575],[26.90125028,37.06122714],[26.90145008,37.0611772],[26.90180709,37.06117747],[26.90203561,37.06118088],[26.90216409,37.06117773],[26.9023358,37.06111047],[26.90242049,37.06100925],[26.90256315,37.06086159],[26.9026338,37.06074271],[26.90269176,37.06071426],[26.90283326,37.06066574],[26.90289191,37.06065528],[26.90296253,37.06057246],[26.90309004,37.06047022],[26.90330461,37.06040188],[26.90344783,37.06038035],[26.90363316,37.06037581],[26.90378977,37.06031792],[26.90410411,37.06013897],[26.90438998,37.05998782],[26.90453148,37.05993929],[26.90477445,37.05987928],[26.90507683,37.05984165],[26.90530178,37.05979425],[26.90557385,37.05976055],[26.90581608,37.0597366],[26.90604465,37.05968593],[26.90621565,37.05965472],[26.90645754,37.05958571],[26.90670089,37.05948062],[26.90701482,37.05932873],[26.90721532,37.05927877],[26.90741405,37.05921982],[26.90767076,37.05907836],[26.90778599,37.05896739],[26.90792833,37.05872061],[26.90798397,37.05850298],[26.90801363,37.05830403],[26.90805518,37.05810475],[26.90812655,37.05800388],[26.90824109,37.05787491],[26.90839772,37.05776292],[26.9085975,37.05769494],[26.90881063,37.05762665],[26.90886893,37.05758916],[26.90910045,37.05753738],[26.90923863,37.057499],[26.90938257,37.05744139],[26.90949491,37.0574206],[26.90962955,37.05735722],[26.90969543,37.05733461],[26.90991743,37.05724356],[26.91010974,37.05719827],[26.91032426,37.05712992],[26.91055145,37.05702522],[26.91072348,37.05698496],[26.91090783,37.05689932],[26.91116848,37.05689292],[26.91132205,37.05688915],[26.9114077,37.05688704],[26.91150737,37.05688459],[26.91158002,37.05689183],[26.91173585,37.05694206],[26.91197839,37.05694513],[26.91210727,37.0568969],[26.91226323,37.0567489],[26.91226441,37.05655963],[26.91217821,37.05636351],[26.91213484,37.0561483],[26.91222006,37.05578577],[26.91233286,37.05562981],[26.91240458,37.05546585],[26.91241982,37.05527622],[26.91251793,37.05503052],[26.91268868,37.05479204],[26.91293235,37.05471397],[26.91330333,37.05476793],[26.91355989,37.05480667],[26.91377364,37.05479241],[26.91411767,37.05474791],[26.91438794,37.05474127],[26.91463013,37.05475333],[26.91481577,37.05481184],[26.91501551,37.05479792],[26.91511561,37.05471435],[26.91522978,37.05457638],[26.91534425,37.0545195],[26.9156433,37.05451214],[26.91581427,37.05449893],[26.91610076,37.05436573],[26.91618544,37.05426452],[26.91634277,37.0541345],[26.9165994,37.05408313],[26.91675665,37.05407926],[26.91697011,37.05401994],[26.91722713,37.05386945],[26.91751192,37.05369121],[26.91776921,37.05365785],[26.91831152,37.05365352],[26.91862566,37.05365481],[26.91886752,37.05363983],[26.91896763,37.05353824],[26.9190106,37.05328488],[26.91900942,37.05294248],[26.9189236,37.05268327],[26.91872439,37.05247189],[26.91855177,37.05236803],[26.91823771,37.05222257],[26.91796747,37.05217515],[26.91768138,37.05224527],[26.91743844,37.05228729],[26.91709662,37.05224163],[26.91683873,37.0520948],[26.91670976,37.05180962],[26.91673818,37.05132231],[26.91675098,37.0510697],[26.9167224,37.05078207],[26.91662324,37.05054118],[26.91642198,37.05025778],[26.91636528,37.05002489],[26.91639285,37.04975387],[26.91652213,37.04957048],[26.91670583,37.04935869],[26.91697714,37.04936104],[26.91719224,37.04945487],[26.91743367,37.04952101],[26.91767689,37.04952403],[26.9179771,37.04934544],[26.91819029,37.04913292],[26.91827544,37.04880643],[26.91823209,37.04857322],[26.91813153,37.04829634],[26.91811695,37.04806242],[26.9179885,37.04806558],[26.91767469,37.04810933],[26.91751816,37.04811318],[26.9173888,37.04787309],[26.91738966,37.0476568],[26.91750317,37.04744674],[26.91763061,37.04738053],[26.91781733,37.04737593],[26.91788758,37.04728411],[26.91777364,37.04711569],[26.91774498,37.0469542],[26.91775841,37.0468097],[26.91767218,37.04664962],[26.9175435,37.04648157],[26.91754396,37.04631035],[26.91780093,37.04621391],[26.91797154,37.04617367],[26.91809965,37.04614348],[26.91821415,37.04605055],[26.9182703,37.04597708],[26.9183276,37.04587655],[26.91837993,37.04583022],[26.91846248,37.04572904],[26.91849164,37.04566525],[26.91852647,37.04554726],[26.91852585,37.04542114],[26.91851361,37.04535834],[26.91849153,37.04529581],[26.91842492,37.04518932],[26.91832919,37.04509254],[26.91820782,37.04500543],[26.91814011,37.04498006],[26.91806816,37.0449548],[26.91791799,37.04492245],[26.91776285,37.04492627],[26.91768423,37.0449282],[26.91760982,37.04494805],[26.91746765,37.04499661],[26.91735634,37.04506243],[26.91717033,37.04506701],[26.91692809,37.04518109],[26.91677117,37.04524803],[26.91657709,37.04533305],[26.91639972,37.04541937],[26.91620099,37.0455324],[26.91600085,37.04568149],[26.91584425,37.04575745],[26.91550048,37.04581957],[26.9152735,37.04587961],[26.91495998,37.04604051],[26.91481741,37.04613411],[26.91468818,37.04622741],[26.91450318,37.04631308],[26.91436135,37.0463706],[26.91423217,37.04637378],[26.91413179,37.04637625],[26.91390475,37.04633678],[26.91360443,37.04618196],[26.91330411,37.04604516],[26.91309012,37.04590625],[26.91296139,37.04582832],[26.91273371,37.04569875],[26.91248988,37.04555153],[26.91226191,37.04535889],[26.9120466,37.04511187],[26.91184706,37.04490952],[26.91166196,37.04462571],[26.9115035,37.0443953],[26.91138929,37.04414581],[26.91135967,37.04384916],[26.91138863,37.0436322],[26.9114597,37.04337814],[26.9114592,37.04314385],[26.91138635,37.0429294],[26.91122992,37.04280707],[26.91098748,37.0427139],[26.91071632,37.04256737],[26.91053017,37.04229259],[26.91024378,37.0418761],[26.91004368,37.0414755],[26.90992875,37.04126204],[26.90978537,37.0410403],[26.90970034,37.04074502],[26.90974232,37.04046464],[26.90984143,37.04030001],[26.91004199,37.04006981],[26.91024147,37.0398847],[26.91051232,37.03954463],[26.91064055,37.0393703],[26.91076733,37.03923202],[26.91089756,37.03918374],[26.91112429,37.03916016],[26.91125354,37.0390128],[26.9112533,37.03887764],[26.91119452,37.0386448],[26.91122414,37.03846385],[26.91142255,37.03828775],[26.91169422,37.03824506],[26.91189429,37.03818607],[26.9120653,37.03804671],[26.91229355,37.03784286],[26.91243578,37.03770419],[26.91267836,37.03758111],[26.91286337,37.03751347],[26.91307752,37.03738205],[26.91324932,37.03713452],[26.91334839,37.03698792],[26.91347551,37.03685864],[26.91370464,37.03688004],[26.91399134,37.03688309],[26.9142653,37.03689906],[26.91468927,37.03696397],[26.9149044,37.03696768],[26.91510299,37.03701688],[26.91533171,37.03711938],[26.91537549,37.03723545],[26.91541856,37.03733351],[26.91547529,37.03753038],[26.91556157,37.03763638],[26.91567557,37.03767863],[26.91590402,37.03768201],[26.91598901,37.03758981],[26.91610249,37.03741581],[26.91628789,37.03726709],[26.91640231,37.03719217],[26.91657361,37.03715191],[26.91680208,37.03715532],[26.91704421,37.03714936],[26.91735825,37.03718668],[26.91758704,37.03723512],[26.91784389,37.03726484],[26.91817299,37.03734686],[26.91845721,37.03741195],[26.91880067,37.03753865],[26.91899998,37.03758782],[26.91928553,37.03772496],[26.91950093,37.0378278],[26.91971459,37.03792166],[26.92002721,37.03799505],[26.92040021,37.03806695],[26.92080081,37.03806163],[26.92089759,37.03805193],[26.92109928,37.03803172],[26.92124107,37.03801021],[26.92132704,37.03799907],[26.92139445,37.03796136],[26.9214636,37.03793262],[26.92160822,37.03789302],[26.92168331,37.03787316],[26.9218346,37.03784239],[26.92199076,37.03782954],[26.92206831,37.03783663],[26.92214551,37.03783473],[26.92230096,37.03785793],[26.9224508,37.03788126],[26.92259604,37.03793175],[26.92273392,37.03799143],[26.92286232,37.03806035],[26.92297914,37.03813859],[26.92303314,37.03819132],[26.92313098,37.03828802],[26.92321374,37.03839411],[26.92328106,37.0385006],[26.92333082,37.03862552],[26.92335357,37.03870605],[26.92348195,37.03882904],[26.92359764,37.03898839],[26.92371129,37.03909371],[26.92399653,37.03920383],[26.92431197,37.03929517],[26.92456917,37.0393519],[26.9247965,37.03945442],[26.92499752,37.03958464],[26.92509781,37.03970832],[26.92506788,37.03988027],[26.92499864,37.04005318],[26.92492627,37.04019915],[26.92487039,37.04031766],[26.92481809,37.04036402],[26.92476577,37.04041036],[26.92471345,37.04045671],[26.92465901,37.04050311],[26.9246074,37.04054943],[26.92449855,37.04064223],[26.92438655,37.0407261],[26.92421873,37.04085639],[26.92404564,37.04097779],[26.92380972,37.04114581],[26.92356711,37.04130499],[26.92331784,37.0414553],[26.92312582,37.04155917],[26.9229324,37.04166306],[26.9226024,37.0418334],[26.92233174,37.04195722],[26.92212638,37.04204337],[26.92191821,37.04212961],[26.92180517,37.04222251],[26.92149168,37.04234737],[26.92136244,37.04247671],[26.92126258,37.04276753],[26.92124806,37.04301119],[26.92132051,37.04330677],[26.92150714,37.04342832],[26.92172119,37.04349513],[26.9220212,37.04355082],[26.92229181,37.04351711],[26.92254803,37.04349278],[26.92277617,37.04343309],[26.92311904,37.04348771],[26.92343443,37.0436151],[26.92372003,37.04378828],[26.92396241,37.04402559],[26.92416231,37.0442189],[26.92429134,37.04445002],[26.92444904,37.04484261],[26.9245914,37.04503736],[26.9247633,37.04517728],[26.92500643,37.04532448],[26.92527835,37.0454349],[26.92573489,37.04555881],[26.92633424,37.04570622],[26.92661989,37.04575322],[26.92700485,37.04584285],[26.9271905,37.04590135],[26.9273905,37.04596849],[26.92752,37.04599235],[26.92768108,37.04601537],[26.92791199,37.04604573],[26.92814536,37.04606698],[26.92822258,37.04606508],[26.92837912,37.04606121],[26.92853495,37.04605736],[26.92861251,37.04604644],[26.92876554,37.04602465],[26.92891858,37.04600284],[26.9290674,37.04596312],[26.92928925,37.04590356],[26.92943211,37.04585499],[26.92957183,37.04579746],[26.92977402,37.04570235],[26.92990286,37.04563609],[26.93002575,37.04556097],[26.93014405,37.04547695],[26.93025642,37.04538406],[26.9303621,37.04530034],[26.93051411,37.04514337],[26.9306146,37.04499674],[26.93062903,37.04491527],[26.9305719,37.04476351],[26.93047123,37.04463082],[26.93047199,37.04450464],[26.9305419,37.0444038],[26.93057107,37.04430395],[26.93057011,37.04413278],[26.93059965,37.04402392],[26.93069796,37.04393137],[26.93094118,37.04389832],[26.93121209,37.04396371],[26.93146999,37.04405644],[26.93168299,37.0441323],[26.9318981,37.04417202],[26.93202619,37.04419589],[26.932168,37.04415636],[26.93232637,37.04396319],[26.93249637,37.04368866],[26.93259615,37.04346992],[26.93266645,37.04323387],[26.93275285,37.04306955],[26.9329225,37.04280404],[26.93319346,37.04276129],[26.93350857,37.04284361],[26.93382223,37.04299804],[26.93413693,37.04319748],[26.93442216,37.04343375],[26.93469335,37.04361627],[26.93489369,37.0437645],[26.93503646,37.04391416],[26.93519399,37.04402739],[26.93537958,37.04413994],[26.93562211,37.0441069],[26.93582218,37.04404788],[26.93610856,37.04404078],[26.93632124,37.0440175],[26.93662132,37.04398304],[26.93682066,37.0439781],[26.93693612,37.04398424],[26.93713408,37.0439433],[26.93719201,37.04389679],[26.93729206,37.04381323],[26.93739142,37.04372968],[26.93764869,37.04366022],[26.93796209,37.04366146],[26.93817689,37.04365614],[26.93847626,37.04363971],[26.93881843,37.04362221],[26.93911814,37.04361478],[26.93953124,37.04357752],[26.9398457,37.04349762],[26.94027358,37.04335184],[26.94051683,37.04326472],[26.94072884,37.04315134],[26.94081486,37.04306809],[26.94098653,37.04289261],[26.94110098,37.04276362],[26.94122878,37.04263429],[26.94145625,37.04248448],[26.94162756,37.04233606],[26.9417273,37.04215336],[26.94178386,37.04199877],[26.94188327,37.04171695],[26.94192545,37.0415357],[26.94205434,37.04125315],[26.94219691,37.04106938],[26.94239522,37.04094733],[26.94256717,37.04090702],[26.94280936,37.04084694],[26.94315085,37.04081142],[26.94339476,37.04074229],[26.94377185,37.04065138],[26.94386471,37.0406315],[26.94406441,37.04056346],[26.94433639,37.04052969],[26.94462136,37.04054063],[26.94493507,37.04060492],[26.94517789,37.04067097],[26.94534948,37.04071177],[26.94552041,37.04071653],[26.94571973,37.04067554],[26.94587662,37.04062657],[26.94606263,37.04054987],[26.94635188,37.04032149],[26.9465049,37.04021448],[26.94668989,37.04011076],[26.94681767,37.04001747],[26.94694579,37.03987913],[26.94711641,37.0397307],[26.94721645,37.03962909],[26.94734351,37.03949978],[26.94738634,37.03944466],[26.94744426,37.03939815],[26.94751552,37.03931529],[26.9476296,37.0392494],[26.94771526,37.03915714],[26.94782825,37.03910025],[26.94807115,37.03895005],[26.94829896,37.03877316],[26.94855588,37.03860457],[26.94889812,37.0382987],[26.94914033,37.03802236],[26.94929657,37.03775715],[26.94946754,37.03747355],[26.94953813,37.03726453],[26.94965222,37.0371085],[26.9498649,37.03697707],[26.95005159,37.03697243],[26.95016496,37.03694257],[26.95015167,37.03676267],[26.95014363,37.03662771],[26.95015559,37.03650126],[26.95018792,37.0363743],[26.95023848,37.03624689],[26.95030692,37.03612803],[26.95034694,37.03607298],[26.95044103,37.0359625],[26.95054949,37.03586068],[26.95060844,37.03582317],[26.95073795,37.03573886],[26.95080463,37.03570114],[26.95094993,37.03564347],[26.95102537,37.03561455],[26.95118119,37.03557463],[26.95134087,37.03554362],[26.95142229,37.0355416],[26.95151772,37.03553922],[26.95173251,37.03549783],[26.95208062,37.03548016],[26.95224589,37.03547604],[26.95254558,37.03543252],[26.95271647,37.03536519],[26.95305727,37.03509538],[26.95332823,37.03483632],[26.95368447,37.03445799],[26.9538698,37.03427316],[26.95402706,37.03403496],[26.95422573,37.0337777],[26.95429697,37.03365878],[26.95442507,37.03357449],[26.95459598,37.03352517],[26.9547248,37.0333868],[26.95472412,37.0332066],[26.95472415,37.03302638],[26.95472455,37.0328912],[26.95483753,37.03279828],[26.95495127,37.03263324],[26.95496501,37.03240763],[26.95504965,37.03203606],[26.95504969,37.03176573],[26.95497747,37.03153325],[26.95496312,37.03134438],[26.9551056,37.03121467],[26.95520492,37.03113108],[26.95520462,37.03083373],[26.95511868,37.03071873],[26.95511871,37.03059257],[26.9553047,37.03046178],[26.95550301,37.03019552],[26.95562976,37.02984093],[26.9557449,37.02954971],[26.95580002,37.02930505],[26.95581481,37.02910642],[26.95589976,37.02883398],[26.9558563,37.02863682],[26.95577072,37.02847676],[26.9554848,37.02820454],[26.95541363,37.02796302],[26.95546877,37.02771835],[26.95548318,37.02751071],[26.95542534,37.02732295],[26.95555379,37.02712149],[26.95566749,37.0270646],[26.95579626,37.02705237],[26.95589592,37.02699583],[26.95593876,37.02685058],[26.95593736,37.0267605],[26.95605141,37.02665854],[26.95621003,37.02656445],[26.95635214,37.02651588],[26.95646516,37.02645899],[26.95667917,37.02639962],[26.95676479,37.02637943],[26.95685112,37.02634124],[26.95693146,37.02633023],[26.95701041,37.02631924],[26.95716621,37.02627931],[26.95731567,37.02622153],[26.95745708,37.02615492],[26.95758691,37.02607958],[26.95764693,37.02603304],[26.95775781,37.02594016],[26.95785397,37.02582963],[26.95793398,37.02571949],[26.95796734,37.02565558],[26.9580221,37.02552808],[26.95804209,37.0254645],[26.95807617,37.02527442],[26.95807722,37.02521132],[26.95806637,37.02507641],[26.95805339,37.02501365],[26.95803623,37.02495102],[26.9580036,37.0248527],[26.95795976,37.02473666],[26.95794576,37.02455678],[26.95793107,37.02428683],[26.95798794,37.02406914],[26.95818761,37.02385689],[26.95830096,37.02373693],[26.9583859,37.0236447],[26.95838625,37.02347349],[26.95832842,37.02332174],[26.95835719,37.02315883],[26.95847021,37.02301182],[26.95874144,37.02286989],[26.95895547,37.02279247],[26.95909754,37.02272584],[26.95938249,37.02257455],[26.95965302,37.02241462],[26.95975336,37.02235804],[26.95992317,37.02231776],[26.96003793,37.02223379],[26.96006704,37.02218802],[26.96010916,37.02204278],[26.96011971,37.02189835],[26.96012676,37.02169993],[26.96013413,37.02163667],[26.96017521,37.02144641],[26.96019312,37.02138289],[26.96023874,37.02125559],[26.9602956,37.02112804],[26.96032788,37.02107314],[26.96039983,37.02095421],[26.96048158,37.02083502],[26.96057315,37.02073362],[26.96067353,37.02062297],[26.96078371,37.02053012],[26.96090019,37.0204371],[26.96102475,37.02035288],[26.96109003,37.02031523],[26.96129421,37.02020198],[26.96143912,37.02013529],[26.96158683,37.02008653],[26.96173945,37.02003767],[26.96189803,37.01999767],[26.96213801,37.01995563],[26.96223062,37.01995332],[26.96250149,37.01985644],[26.96271516,37.0198421],[26.96290109,37.01978338],[26.96302812,37.01965405],[26.96311444,37.01948969],[26.96324252,37.01926122],[26.96339936,37.01910411],[26.96356917,37.01888359],[26.96376812,37.01867138],[26.96394004,37.01855895],[26.96411021,37.01840151],[26.96429582,37.01826171],[26.96446739,37.01810421],[26.96450949,37.01803109],[26.96468001,37.0178466],[26.96485087,37.0176531],[26.96510595,37.01745749],[26.96530699,37.01729927],[26.96547819,37.0172229],[26.96566272,37.01714618],[26.96584797,37.01703343],[26.96597602,37.01700319],[26.96611882,37.01691853],[26.96628967,37.01685117],[26.96641841,37.01682092],[26.96656155,37.01676328],[26.96669768,37.01668778],[26.96676118,37.01664114],[26.96688011,37.01655706],[26.96698853,37.01645521],[26.96703694,37.01639996],[26.96708501,37.01635369],[26.96712746,37.01628955],[26.96720255,37.01617953],[26.96723376,37.01611569],[26.9672878,37.01598818],[26.9673099,37.01592455],[26.9673264,37.01586106],[26.96733937,37.01579766],[26.96734956,37.01573432],[26.96735622,37.01567108],[26.96735693,37.01559898],[26.96735448,37.01553596],[26.96733836,37.01541021],[26.96732432,37.01533848],[26.96730572,37.01527587],[26.96728294,37.01521336],[26.96722891,37.01508856],[26.96719664,37.01503529],[26.96716051,37.01497312],[26.96711948,37.01491107],[26.96705597,37.01483157],[26.9670127,37.01476724],[26.96698443,37.01472521],[26.96692794,37.01462751],[26.96687224,37.01455929],[26.96679814,37.01446855],[26.96668414,37.01433625],[26.96656944,37.01422197],[26.96634107,37.01411055],[26.96602815,37.01408233],[26.96561314,37.01408369],[26.96530057,37.01415458],[26.96507115,37.01416032],[26.96469998,37.01424168],[26.96438705,37.01428557],[26.96388783,37.01446925],[26.96354614,37.01454986],[26.9632318,37.01462981],[26.96281852,37.01469421],[26.96250419,37.01470206],[26.96220496,37.01473657],[26.96189062,37.01481651],[26.96147804,37.01495297],[26.96103634,37.01515323],[26.96075111,37.01524146],[26.96026626,37.01545181],[26.95992488,37.01561352],[26.95943969,37.01579683],[26.95901131,37.01590664],[26.95859908,37.01605209],[26.95827105,37.01614138],[26.95795704,37.01621229],[26.95744272,37.01631524],[26.95707259,37.01640556],[26.9565165,37.01662669],[26.95616038,37.01677073],[26.95570462,37.01698935],[26.95517728,37.01720974],[26.95472084,37.01737429],[26.95419315,37.01753162],[26.95369495,37.01763414],[26.95339496,37.01775875],[26.95291009,37.01786094],[26.9522828,37.01787656],[26.95173936,37.01789911],[26.95105594,37.01791612],[26.95064089,37.0179715],[26.95007145,37.01808478],[26.94970062,37.01817512],[26.94925958,37.01830322],[26.94890236,37.01845629],[26.94868963,37.01896618],[26.94850505,37.01918704],[26.94821936,37.01942845],[26.94790836,37.01955191],[26.94754884,37.01967039],[26.94722251,37.01987674],[26.94689373,37.01994799],[26.94657974,37.0199648],[26.94612298,37.01986803],[26.94573777,37.01984154],[26.94529564,37.02001473],[26.94486823,37.02025963],[26.94452578,37.02035825],[26.94424155,37.02047343],[26.94395595,37.02055261],[26.9435991,37.02057049],[26.94312868,37.02046502],[26.94277153,37.02041981],[26.94227262,37.02046823],[26.94214316,37.02046244],[26.94161518,37.02039443],[26.94127313,37.02032182],[26.94098726,37.02015771],[26.94077262,37.01998281],[26.94055972,37.01985293],[26.94017272,37.01985352],[26.93994538,37.01984112],[26.93963142,37.0197678],[26.9395318,37.01971621],[26.93951783,37.01955436],[26.9395162,37.01929308],[26.93968755,37.01894641],[26.93991504,37.01858031],[26.94015622,37.01822292],[26.94028467,37.01802147],[26.94028352,37.01748086],[26.94036885,37.01723545],[26.94034013,37.01712802],[26.94012687,37.01707923],[26.93982718,37.01723083],[26.93944193,37.01736654],[26.9391707,37.01743634],[26.93897,37.01751342],[26.93862897,37.01757592],[26.93841565,37.01758121],[26.93802868,37.01758179],[26.93784343,37.01758638],[26.93754422,37.01751268],[26.93732119,37.01734458],[26.93711501,37.01705475],[26.93700076,37.01678724],[26.93688716,37.01660984],[26.93677256,37.01635136],[26.93674321,37.01608175],[26.93675666,37.01584713],[26.9368999,37.01562731],[26.93711259,37.01544182],[26.93734061,37.01538212],[26.93753955,37.01538619],[26.93794084,37.01552044],[26.93829794,37.01560169],[26.93852559,37.01565912],[26.93878238,37.01570683],[26.93909638,37.01570806],[26.93938128,37.01555683],[26.93960901,37.01545206],[26.93973746,37.01534073],[26.93992346,37.01520997],[26.9401224,37.01510591],[26.94029327,37.01507464],[26.94045083,37.01498964],[26.9404933,37.01492551],[26.94050665,37.01488914],[26.94040673,37.01472041],[26.9403356,37.01453294],[26.94027782,37.01427304],[26.94030638,37.0139209],[26.94038962,37.01367555],[26.94050408,37.01345644],[26.9406326,37.01318293],[26.940633,37.01301169],[26.94050327,37.01285271],[26.94041699,37.01278277],[26.94037492,37.01271174],[26.94031984,37.01266802],[26.94021677,37.01256245],[26.94016767,37.0125096],[26.94007582,37.01240375],[26.93999342,37.01228864],[26.93992157,37.01217329],[26.93988895,37.01211102],[26.93983149,37.01198629],[26.93978383,37.01186132],[26.93976386,37.01179875],[26.93973304,37.01167334],[26.93971973,37.01160159],[26.93970366,37.01147583],[26.93970017,37.01140381],[26.93970092,37.01127766],[26.93971116,37.01114224],[26.93971995,37.01107893],[26.93974351,37.01096121],[26.93982953,37.01080589],[26.93994322,37.01071295],[26.94004324,37.01059332],[26.94008541,37.01041207],[26.9400848,37.01019581],[26.94006986,37.00989882],[26.94015517,37.00970747],[26.94025491,37.00947072],[26.94029806,37.00942458],[26.94042508,37.00934935],[26.94061002,37.00919157],[26.94068131,37.00900057],[26.94055334,37.00879649],[26.94048153,37.00855497],[26.94049497,37.00832035],[26.9405087,37.00816682],[26.94035091,37.00800853],[26.94009491,37.00785268],[26.93975191,37.00769899],[26.93965201,37.00753026],[26.93972296,37.00727621],[26.9398363,37.00719227],[26.93999389,37.00707121],[26.94007879,37.00697901],[26.93999397,37.00683693],[26.93973653,37.00671715],[26.93956472,37.00655921],[26.93955006,37.00639738],[26.93960692,37.00630586],[26.9396782,37.00616893],[26.93962105,37.00608925],[26.93957765,37.00589207],[26.93959245,37.00569348],[26.93964798,37.00543975],[26.93964847,37.00516043],[26.93963448,37.00503462],[26.9396472,37.00483605],[26.93969806,37.00470617],[26.93973254,37.00457261],[26.93973294,37.00443744],[26.93963167,37.00421467],[26.93953107,37.004082],[26.93953146,37.00400089],[26.93953087,37.00371255],[26.93951693,37.00349664],[26.9394451,37.0033272],[26.93934558,37.00307735],[26.9391738,37.0029014],[26.93904443,37.00275141],[26.93884459,37.00250405],[26.93874433,37.00238038],[26.93860093,37.00224877],[26.93853013,37.00212437],[26.93844426,37.0019733],[26.93830121,37.00186872],[26.93814447,37.00173744],[26.93805761,37.00146925],[26.93795805,37.00132755],[26.93775855,37.00116127],[26.93747277,37.00101515],[26.93714423,37.00076197],[26.93713026,37.00060012],[26.93718577,37.00041853],[26.93721424,37.00028264],[26.93721394,37.00014749],[26.93711437,37.00007787],[26.93692885,37.00001939],[26.93667286,36.99995364],[26.93657186,36.99988404],[26.93648669,36.99973298],[26.93641483,36.9996176],[26.93629985,36.99949429],[26.93618591,36.99939801],[26.93605792,36.99939216],[26.93582958,36.99933473],[26.93570156,36.99932888],[26.93555847,36.99931441],[26.9354438,36.99925416],[26.9353439,36.99913949],[26.93527276,36.99898807],[26.9352013,36.99879158],[26.93514387,36.99861279],[26.93514288,36.99844159],[26.93514299,36.99827939],[26.93512832,36.99813559],[26.93505687,36.99795713],[26.93489915,36.99772675],[26.93462749,36.99740005],[26.93435581,36.99710941],[26.93395723,36.99676783],[26.93362702,36.99634348],[26.93341323,36.99606041],[26.93317068,36.99574203],[26.93281346,36.99541742],[26.93259887,36.9953146],[26.93222683,36.99513456],[26.931985,36.99483416],[26.93188413,36.9945483],[26.93181277,36.99420765],[26.9317691,36.99391135],[26.93166864,36.99354439],[26.93145477,36.99338747],[26.93129768,36.99333728],[26.93107042,36.99332489],[26.93089791,36.99325705],[26.93064224,36.99323633],[26.93044163,36.99325932],[26.93028585,36.99337129],[26.93020024,36.99342748],[26.92995752,36.9934515],[26.92981483,36.99333788],[26.9298002,36.99319403],[26.92979953,36.99314001],[26.92994235,36.99298329],[26.93014164,36.99283418],[26.9302417,36.99266051],[26.93029792,36.99244284],[26.93034047,36.99225254],[26.93042579,36.99207925],[26.93049706,36.99197836],[26.93061006,36.99179534],[26.93060987,36.99155206],[26.93060997,36.9914259],[26.93070962,36.99127925],[26.93072372,36.99117077],[26.9307329,36.99104439],[26.93073686,36.99090913],[26.93073064,36.99071104],[26.93071808,36.9905852],[26.93070027,36.99045047],[26.93068873,36.99038768],[26.93066143,36.9902622],[26.93062821,36.99012784],[26.93058898,36.99000265],[26.93051861,36.98981517],[26.93046468,36.98969035],[26.93037323,36.98950337],[26.93030422,36.98938793],[26.93023029,36.9892726],[26.93015214,36.9891574],[26.93006628,36.98904237],[26.92992995,36.98887453],[26.92983113,36.98876883],[26.92967655,36.98861947],[26.92962258,36.98856673],[26.92953563,36.98849679],[26.92950696,36.98837134],[26.92942141,36.98833742],[26.92927939,36.98831389],[26.92905111,36.98827446],[26.92880743,36.98816334],[26.92869425,36.98799491],[26.9285934,36.98776312],[26.9285935,36.98756487],[26.92859226,36.98729456],[26.92859308,36.98711433],[26.92862015,36.98699651],[26.92854896,36.98693519],[26.92836385,36.98690372],[26.92817896,36.9870074],[26.92802219,36.98702028],[26.92772172,36.98692857],[26.92737982,36.98687391],[26.92700846,36.98685606],[26.92670967,36.98682739],[26.92636708,36.98677276],[26.92608129,36.98677081],[26.92598163,36.98686338],[26.92575394,36.98698615],[26.92556773,36.98699975],[26.92523985,36.98694476],[26.92515541,36.98686573],[26.92508427,36.98676836],[26.92489803,36.98678196],[26.92474062,36.98672278],[26.92461272,36.98657274],[26.92458371,36.98638422],[26.92458414,36.98626708],[26.92448327,36.98607131],[26.92448267,36.98590912],[26.92464028,36.98567996],[26.924754,36.98556903],[26.92496725,36.98545562],[26.92516293,36.98533217],[26.92533739,36.98520321],[26.92548061,36.98503747],[26.92555052,36.98481047],[26.92553559,36.9845495],[26.92555018,36.98421574],[26.92554906,36.98395295],[26.92554874,36.98372015],[26.92553416,36.98348623],[26.92527759,36.98331236],[26.9249775,36.98317555],[26.9247637,36.98298258],[26.92459387,36.98269243],[26.92452182,36.98255929],[26.92446369,36.98242988],[26.92436306,36.98216343],[26.92434886,36.98188445],[26.92429085,36.98159751],[26.92424755,36.98132825],[26.9242333,36.98112133],[26.92423376,36.98093208],[26.92427558,36.98079589],[26.92431775,36.98066869],[26.92438904,36.98049573],[26.9244603,36.98039485],[26.92451784,36.98033936],[26.92458798,36.98030159],[26.92464486,36.9802281],[26.92458713,36.98002228],[26.92460198,36.97982365],[26.92467289,36.97969575],[26.92477819,36.97955299],[26.92482944,36.97947561],[26.92494312,36.97936468],[26.92492889,36.97913976],[26.92492825,36.97903165],[26.92491398,36.97884276],[26.92495683,36.97875159],[26.92507121,36.97865866],[26.92511406,36.97854947],[26.92515556,36.97835021],[26.92515531,36.97819702],[26.92515477,36.97794472],[26.92525254,36.97776464],[26.92539993,36.97761397],[26.92555368,36.97748854],[26.92570988,36.97733629],[26.92581113,36.97717462],[26.92589659,36.97700994],[26.9259809,36.976843],[26.92610834,36.97659657],[26.92620765,36.97645894],[26.92637853,36.97628352],[26.9265494,36.97612609],[26.92679145,36.97595794],[26.92701878,36.97577212],[26.92721941,36.97565902],[26.9274032,36.97554636],[26.92758913,36.97543362],[26.92776065,36.97536631],[26.92800299,36.9752432],[26.92810301,36.97512358],[26.92825951,36.97490344],[26.92835819,36.97463969],[26.92841478,36.97441301],[26.92857135,36.97413882],[26.92872785,36.97391869],[26.92886996,36.97372594],[26.9290408,36.97360457],[26.92925404,36.97349118],[26.92941424,36.97345909],[26.92954018,36.97344807],[26.92971025,36.97343487],[26.92993885,36.97344723],[26.93008051,36.97346177],[26.93022356,36.97345823],[26.93046553,36.97339818],[26.93053712,36.97328829],[26.93060802,36.97316038],[26.93066491,36.97303282],[26.93073682,36.97293192],[26.93085011,36.97288405],[26.93092235,36.97288227],[26.93105136,36.97291512],[26.93128063,36.97298156],[26.9314419,36.97301362],[26.93160493,36.9730186],[26.93176762,36.97301458],[26.93192963,36.97299256],[26.93208533,36.97295265],[26.93223475,36.9728949],[26.93237257,36.97282842],[26.93250058,36.97274415],[26.93261284,36.97265124],[26.93270967,36.97254074],[26.93282303,36.97236673],[26.93284935,36.972303],[26.93289219,36.97217578],[26.93291258,36.97204912],[26.93291585,36.97191041],[26.93291621,36.97185079],[26.93298711,36.97172288],[26.93305799,36.97161298],[26.93310081,36.97153984],[26.93334315,36.9714167],[26.93344243,36.97133315],[26.93348527,36.9711879],[26.93351342,36.97102503],[26.93358405,36.97074393],[26.93362654,36.9706077],[26.93374097,36.97038862],[26.93388239,36.9701238],[26.93393898,36.96987909],[26.93393949,36.96956368],[26.93382531,36.96936827],[26.93369532,36.96918225],[26.93350452,36.96905847],[26.93325034,36.96898227],[26.93311304,36.96894083],[26.93287242,36.96885168],[26.93263798,36.96874051],[26.93258241,36.96871416],[26.93228347,36.96846021],[26.93214016,36.96832858],[26.93191165,36.96813599],[26.93165473,36.96802519],[26.93134132,36.96799689],[26.9309003,36.96791767],[26.9305427,36.96787245],[26.93025807,36.96777134],[26.93007198,36.96764077],[26.92994276,36.96738266],[26.92977103,36.96729676],[26.92955793,36.96715786],[26.92945778,36.96696207],[26.92935862,36.9668654],[26.92924401,36.96680515],[26.92881592,36.96680671],[26.92838357,36.96684078],[26.92783247,36.96683999],[26.92748965,36.96674032],[26.92720542,36.96659414],[26.92710973,36.96650799],[26.92696187,36.96637487],[26.92690445,36.96625013],[26.92686152,36.96597186],[26.9267754,36.96577572],[26.92659043,36.965546],[26.92647552,36.96540467],[26.9263757,36.96525393],[26.92631828,36.96511116],[26.92627418,36.96498609],[26.92616077,36.96473658],[26.9260955,36.96460561],[26.92601757,36.96446077],[26.92594613,36.96430034],[26.92583194,36.96414095],[26.92576013,36.96402557],[26.92560355,36.96385823],[26.92533268,36.96363963],[26.92510455,36.96349206],[26.92473235,36.96330299],[26.92430477,36.96311527],[26.92397672,36.96296116],[26.92360628,36.96278105],[26.9232527,36.96261606],[26.92287875,36.96240249],[26.92260713,36.96225599],[26.92227847,36.96201177],[26.92190737,36.96175958],[26.92167895,36.96154895],[26.92155149,36.96131779],[26.92149308,36.96114802],[26.92147916,36.96098617],[26.92147751,36.96083301],[26.92154989,36.96059694],[26.92164886,36.96046835],[26.92180668,36.96035632],[26.9221058,36.96024983],[26.92223276,36.96017462],[26.92223251,36.96002143],[26.9220474,36.96002599],[26.92173432,36.96006074],[26.92137848,36.9600785],[26.9209785,36.96004328],[26.92067921,36.95992451],[26.92049287,36.95974887],[26.92044992,36.95947059],[26.92064949,36.95931249],[26.92074884,36.95915685],[26.92080471,36.95894822],[26.92067649,36.95882522],[26.92052059,36.95867586],[26.92051971,36.95845063],[26.92042036,36.9581647],[26.92016344,36.95810794],[26.91990659,36.95794305],[26.91979242,36.95780168],[26.91939317,36.95778446],[26.91912258,36.957701],[26.91887901,36.95758986],[26.91885032,36.9575365],[26.91877954,36.95748416],[26.91863702,36.95724438],[26.91847902,36.95714915],[26.91825184,36.95715473],[26.91798025,36.95702625],[26.9177952,36.95695869],[26.9175386,36.95698304],[26.91711056,36.95696652],[26.91676846,36.95690285],[26.91648319,36.95680171],[26.91620168,36.95667558],[26.9160834,36.95660429],[26.91588376,36.95633885],[26.91586851,36.95612297],[26.91568417,36.95607343],[26.91541313,36.95612514],[26.91514186,36.95607775],[26.91498469,36.95576621],[26.91499921,36.95557662],[26.91486932,36.95539057],[26.914799,36.95522109],[26.914741,36.95498822],[26.91454125,36.95488498],[26.91441414,36.95471691],[26.9143417,36.9545655],[26.91419878,36.95444285],[26.91389952,36.95430601],[26.91379929,36.95429046],[26.91369966,36.95438302],[26.91370047,36.95468036],[26.9137578,36.9548772],[26.91368717,36.9550862],[26.91351597,36.95523458],[26.91335926,36.95524743],[26.91311634,36.95526242],[26.91297435,36.95527491],[26.91263154,36.95522925],[26.9124465,36.95516171],[26.91218908,36.95488868],[26.91191822,36.95476016],[26.91160495,36.95460564],[26.91137649,36.95450312],[26.91113401,36.95438291],[26.91091956,36.95428003],[26.91077736,36.95415736],[26.91064883,36.95400734],[26.91056356,36.95370304],[26.91054759,36.95350519],[26.91044813,36.9533995],[26.91034896,36.95337489],[26.91014914,36.9533798],[26.90999206,36.9534377],[26.90976374,36.95356045],[26.90962208,36.95359997],[26.90945068,36.95359517],[26.90937966,36.9534257],[26.90938012,36.95329049],[26.90942239,36.95307322],[26.90929321,36.95286912],[26.90923645,36.95283446],[26.90909353,36.95272984],[26.90893596,36.95251743],[26.90887898,36.95234762],[26.90887869,36.95228455],[26.90889221,36.95204991],[26.90897792,36.95184957],[26.90907789,36.95176603],[26.90920995,36.95174987],[26.9092623,36.95174347],[26.90953361,36.95175485],[26.90966154,36.95176072],[26.90976283,36.95178527],[26.90999101,36.95178868],[26.91014737,36.95176682],[26.91023225,36.95171068],[26.91033296,36.95157303],[26.91036004,36.95149128],[26.91041657,36.95139075],[26.9104748,36.95131725],[26.91054532,36.95125243],[26.91064526,36.95122296],[26.91074551,36.95120247],[26.91090156,36.95115359],[26.91107227,36.95112237],[26.91114381,36.95110258],[26.91128688,36.95102699],[26.91147166,36.95095937],[26.9115573,36.95084914],[26.91165552,36.95075662],[26.9117979,36.95066301],[26.9119978,36.95056799],[26.91205465,36.9504765],[26.91215568,36.95040191],[26.91228333,36.95030867],[26.91243974,36.95023274],[26.91262526,36.95012907],[26.9126685,36.9499568],[26.91261079,36.94982305],[26.91259618,36.94967922],[26.91260042,36.94948541],[26.9126231,36.94933613],[26.91270948,36.94917181],[26.912794,36.94910665],[26.91287961,36.94901445],[26.91306511,36.94891076],[26.91320711,36.94886223],[26.91337857,36.94883098],[26.91349215,36.94879215],[26.91357777,36.94868192],[26.91363498,36.94856336],[26.91370586,36.94848954],[26.91380583,36.94840597],[26.91389107,36.9483408],[26.91409093,36.94824579],[26.91444667,36.94828211],[26.91463242,36.94831359],[26.91481747,36.94836312],[26.91516015,36.94849887],[26.91533151,36.94853972],[26.91545941,36.94859968],[26.91567315,36.94870254],[26.91584417,36.94873438],[26.91597244,36.94874926],[26.91614349,36.94876306],[26.91635763,36.94878484],[26.91651433,36.94878999],[26.91681399,36.94882769],[26.91709859,36.94883871],[26.91726895,36.94883452],[26.91755495,36.94888156],[26.91778207,36.94889401],[26.91813884,36.94897533],[26.91835332,36.94902413],[26.9186242,36.94909858],[26.91882364,36.94912069],[26.91902343,36.94911578],[26.91915213,36.94906756],[26.91930813,36.94901868],[26.91959381,36.94902065],[26.91987876,36.94904068],[26.91999304,36.94903787],[26.92013538,36.94899832],[26.92030611,36.94894905],[26.92056273,36.9489067],[26.92083332,36.94890004],[26.92103276,36.94890413],[26.92129002,36.94895187],[26.92147503,36.9490194],[26.92160296,36.94906132],[26.92180339,36.9491465],[26.92200244,36.94921368],[26.92220294,36.94919072],[26.92237229,36.9491415],[26.92248764,36.94909359],[26.92258757,36.94906411],[26.92294338,36.94897424],[26.92298551,36.94890111],[26.92305671,36.94885429],[26.92318432,36.94879709],[26.92332842,36.94876651],[26.92354153,36.94876126],[26.9236698,36.94879414],[26.92388321,36.94886997],[26.92399819,36.94886714],[26.92412619,36.94878289],[26.92421144,36.94866364],[26.92431066,36.94861615],[26.92459704,36.9486181],[26.9247821,36.94861354],[26.92499455,36.94857226],[26.92519445,36.94842316],[26.92519452,36.948297],[26.92515115,36.94813587],[26.92523677,36.94802561],[26.92533669,36.94799611],[26.92550735,36.94805498],[26.92572149,36.94807674],[26.92599251,36.94797094],[26.92616294,36.94785861],[26.92637616,36.94767314],[26.92650484,36.94760687],[26.92697456,36.94757727],[26.92725955,36.94752517],[26.92765844,36.94747929],[26.92811419,36.9473599],[26.92848509,36.94729669],[26.92882616,36.94718915],[26.92911298,36.94707393],[26.92934018,36.94694218],[26.92966705,36.94662772],[26.92978074,36.94642667],[26.92973875,36.94631956],[26.92976621,36.94610263],[26.92989909,36.94596494],[26.93012256,36.94573337],[26.93027827,36.94558534],[26.9304782,36.94534614],[26.93061959,36.94511736],[26.93076143,36.94471736],[26.93081872,36.94441858],[26.93074635,36.94414102],[26.93041781,36.94375264],[26.93010496,36.94351706],[26.92981877,36.94328083],[26.9295192,36.94311701],[26.92907674,36.94275848],[26.92857716,36.94244641],[26.92817844,36.94222195],[26.92779208,36.94188004],[26.92763556,36.94162258],[26.92749206,36.94133776],[26.9274775,36.94106779],[26.92762064,36.94084799],[26.9277483,36.94073671],[26.92797549,36.94058692],[26.92820442,36.94050018],[26.92854622,36.94033855],[26.92877311,36.94014372],[26.92901508,36.93992147],[26.92927214,36.93965381],[26.92958497,36.93932168],[26.92985433,36.93900864],[26.93013941,36.93875832],[26.93048191,36.93861468],[26.93073815,36.9385633],[26.93096597,36.9385036],[26.93106487,36.93839301],[26.93134854,36.93816075],[26.93153437,36.93803],[26.93167674,36.93793637],[26.93189157,36.93790402],[26.93200441,36.93790123],[26.93226129,36.93792192],[26.93247614,36.93792564],[26.93258831,36.93785076],[26.93260374,36.93783237],[26.93270231,36.93771278],[26.93275982,36.93763928],[26.9328454,36.93754705],[26.93291553,36.9374552],[26.93305825,36.93733454],[26.93312942,36.93728771],[26.93335791,36.93728206],[26.933557,36.93725913],[26.93369929,36.93725561],[26.93387065,36.93726036],[26.93397125,36.93724889],[26.93414055,36.93719964],[26.93425552,36.93714272],[26.93432637,36.93706889],[26.93445436,36.93694859],[26.93454064,36.9368203],[26.93462621,36.93671004],[26.934696,36.93662722],[26.93481064,36.93654327],[26.93485343,36.93648814],[26.93500942,36.93643922],[26.93516578,36.93632725],[26.93529413,36.93617988],[26.93536566,36.93608799],[26.93546465,36.93583325],[26.93552117,36.93564262],[26.93552161,36.93547138],[26.93542074,36.93532971],[26.93539205,36.93525833],[26.93549172,36.93502156],[26.93559132,36.93489294],[26.93569089,36.93480036],[26.93584728,36.93463429],[26.93606043,36.93448485],[26.93613198,36.93439297],[26.93643096,36.93428645],[26.93663042,36.93418239],[26.93692943,36.93403983],[26.93737175,36.93395678],[26.93782698,36.93395455],[26.93828361,36.93393421],[26.93861099,36.933836],[26.93889599,36.93365772],[26.93899417,36.93351112],[26.93926484,36.9332521],[26.9395645,36.9331816],[26.93974924,36.93311397],[26.93984917,36.9329943],[26.93977741,36.93277082],[26.93969201,36.93261074],[26.9396914,36.93239448],[26.93996205,36.93218953],[26.94027436,36.93206466],[26.9406595,36.9320281],[26.94104428,36.93201857],[26.94121535,36.93187012],[26.94115759,36.93175442],[26.94093022,36.93162487],[26.94065871,36.93147842],[26.94045938,36.93134818],[26.94023059,36.93121868],[26.94010178,36.93095155],[26.9401867,36.9306791],[26.94037218,36.93053934],[26.9408702,36.93039184],[26.9413121,36.93035385],[26.9415683,36.93026639],[26.94159638,36.93015757],[26.94152565,36.93003315],[26.94125414,36.9298867],[26.94082671,36.92971708],[26.94042764,36.9295918],[26.94008571,36.92942005],[26.93967126,36.929187],[26.9393287,36.92888912],[26.93917183,36.92864069],[26.93917134,36.92820815],[26.93937091,36.92790585],[26.93959836,36.92778306],[26.93957598,36.92769352],[26.93956552,36.9276397],[26.93955713,36.92758584],[26.9395526,36.92752287],[26.93955056,36.92741478],[26.93955374,36.92735164],[26.93956992,36.92724311],[26.93958185,36.92718874],[26.93961449,36.92707078],[26.9396573,36.9269616],[26.93971306,36.92686109],[26.93977864,36.92676035],[26.93981509,36.92670537],[26.93989435,36.92661327],[26.93993888,36.92656714],[26.94003178,36.92648373],[26.9400819,36.92643744],[26.94018778,36.92636273],[26.94024386,36.92632528],[26.94035986,36.92625933],[26.94042051,36.92623081],[26.94049303,36.92623802],[26.94069278,36.92623307],[26.94097661,36.92624405],[26.94126254,36.926255],[26.94184627,36.92638472],[26.9421886,36.92638524],[26.94254501,36.92633134],[26.94291542,36.92624106],[26.94310079,36.92624547],[26.94341401,36.92629177],[26.94365643,36.926484],[26.94386943,36.92660488],[26.94418511,36.9267142],[26.94435567,36.92691722],[26.94435561,36.92706141],[26.94441302,36.92716811],[26.94469864,36.92717003],[26.94492597,36.92728152],[26.94515498,36.92769037],[26.94515491,36.92785257],[26.94526982,36.92792181],[26.94535529,36.92799177],[26.9454974,36.92836672],[26.9453557,36.92864058],[26.94521302,36.92885137],[26.94515655,36.92898793],[26.94535657,36.92910012],[26.94535723,36.92920823],[26.94532984,36.92933507],[26.94532837,36.92951533],[26.94537278,36.92975754],[26.94545891,36.92991758],[26.94560118,36.92991405],[26.9458994,36.92984359],[26.94608551,36.92981194],[26.94654071,36.9297736],[26.9468116,36.92981192],[26.94713921,36.92990291],[26.94746798,36.92971453],[26.94790856,36.92944227],[26.94837888,36.92923233],[26.94891932,36.92902066],[26.94937494,36.92890121],[26.94968824,36.92882134],[26.95002996,36.92865965],[26.95051438,36.92828717],[26.95084144,36.92789156],[26.95128174,36.92741203],[26.95188032,36.92718087],[26.9523937,36.92710502],[26.95306198,36.92697126],[26.95353295,36.92690547],[26.9542303,36.92677997],[26.95467152,36.92665185],[26.95511344,36.92646963],[26.95559708,36.92629538],[26.95619522,36.92618137],[26.95675133,36.92615851],[26.95739223,36.92607946],[26.95801986,36.9259647],[26.95844599,36.92584595],[26.95905819,36.92565947],[26.95950077,36.92556734],[26.96011188,36.92548],[26.96046896,36.92549813],[26.9607829,36.92552634],[26.96116796,36.92566993],[26.96148119,36.92577026],[26.96182284,36.92577074],[26.96226504,36.92577771],[26.96266415,36.92579479],[26.96294971,36.92588678],[26.96331973,36.92596766],[26.96345799,36.92601665],[26.96367606,36.92609392],[26.96399105,36.92631133],[26.96423173,36.92651259],[26.964361,36.92666253],[26.96440512,36.92685969],[26.96437708,36.92700456],[26.96436304,36.92716711],[26.96446251,36.92732684],[26.9646061,36.92764765],[26.96459211,36.92786426],[26.96459206,36.92795437],[26.96463547,36.92815153],[26.96459266,36.92844095],[26.96447912,36.92862402],[26.96436659,36.92885211],[26.96419623,36.92909065],[26.96401086,36.92928451],[26.96388255,36.92948596],[26.96388322,36.9296842],[26.96394066,36.92979089],[26.96399669,36.93000576],[26.9639837,36.93021333],[26.96394127,36.93033155],[26.963913,36.93054128],[26.96387356,36.93070268],[26.96384797,36.93082047],[26.96385319,36.93099155],[26.96390993,36.93115233],[26.96401606,36.93130287],[26.96416324,36.93142535],[26.9643444,36.93151995],[26.96454694,36.93156898],[26.96475931,36.93158169],[26.96497061,36.93154937],[26.9650414,36.93152957],[26.96522298,36.93142516],[26.96538241,36.93131381],[26.96559619,36.93116428],[26.96585308,36.93100466],[26.96610858,36.93082708],[26.96620814,36.93066239],[26.96615138,36.93050161],[26.96597901,36.9302536],[26.96589317,36.9300485],[26.9658925,36.92990433],[26.96593461,36.92952481],[26.96610635,36.92934031],[26.96637581,36.92927049],[26.9666043,36.92924675],[26.96674624,36.92905397],[26.96677395,36.92884603],[26.96677366,36.92854866],[26.96684416,36.92819546],[26.96704283,36.92805533],[26.96705583,36.92784776],[26.9670716,36.92774824],[26.96718482,36.92757419],[26.96742732,36.92746],[26.9676113,36.92726616],[26.96793399,36.92690193],[26.96809527,36.92677647],[26.96838055,36.9265711],[26.96869278,36.92641009],[26.96897836,36.9263579],[26.9691297,36.92629495],[26.96931652,36.92621171],[26.96946229,36.92615656],[26.96969004,36.92616887],[26.96987473,36.92617328],[26.97006042,36.92618664],[26.97011685,36.92610414],[26.97014419,36.92601334],[26.97041613,36.92580829],[26.97067192,36.92578386],[26.97097185,36.9258124],[26.97124168,36.92580564],[26.97152689,36.9257985],[26.97185455,36.92569118],[26.97202518,36.92562383],[26.97223823,36.92560048],[26.97260931,36.92563623],[26.97276741,36.92571756],[26.97280973,36.92573934],[26.97295165,36.92572678],[26.97352279,36.92580259],[26.97369274,36.92582536],[26.97389211,36.92581136],[26.97416298,36.92581358],[26.97436234,36.92587168],[26.97450566,36.92605731],[26.9746339,36.92621629],[26.97494715,36.92628052],[26.97507574,36.92626829],[26.97548819,36.92619488],[26.97567495,36.9261091],[26.9759882,36.92599311],[26.97630111,36.92599426],[26.97679939,36.92607188],[26.97717046,36.92617973],[26.97747006,36.92627133],[26.97785585,36.92639681],[26.97818312,36.92656885],[26.97856788,36.92679346],[26.97885033,36.92676807],[26.97899677,36.92672862],[26.97929426,36.92667613],[26.97958054,36.92667793],[26.97977922,36.92673602],[26.97987944,36.92676954],[26.98003536,36.92666651],[26.98014924,36.92652848],[26.98039172,36.92632416],[26.98060584,36.92625568],[26.98090401,36.92622118],[26.98110266,36.92604498],[26.98126585,36.92596989],[26.98148812,36.92594519],[26.98181574,36.92590992],[26.98201337,36.92586891],[26.98221447,36.92571967],[26.98227054,36.92561014],[26.98250879,36.92547799],[26.98269905,36.9253921],[26.98289878,36.92533303],[26.98310551,36.92529179],[26.98338689,36.92525767],[26.9836728,36.92526851],[26.98395347,36.92530652],[26.98412203,36.9254014],[26.9844507,36.92541115],[26.98459261,36.92538056],[26.98474889,36.92528652],[26.98501899,36.92514454],[26.98517634,36.92511357],[26.98528988,36.92514676],[26.98540411,36.92525201],[26.98541921,36.92547689],[26.98554849,36.92559082],[26.98573318,36.92563121],[26.98583303,36.92567376],[26.9858187,36.92575521],[26.98581906,36.92589036],[26.98590456,36.92599636],[26.98607522,36.92612722],[26.98629037,36.92624795],[26.98650415,36.92640479],[26.98665928,36.92653778],[26.98686088,36.9267022],[26.98694712,36.92691628],[26.98691874,36.92703414],[26.98694852,36.92715054],[26.98694752,36.9273398],[26.98691985,36.92745763],[26.98692057,36.92758377],[26.98703481,36.92772508],[26.9871904,36.92781126],[26.9872633,36.92791757],[26.98722056,36.92802677],[26.98712106,36.92806531],[26.98706395,36.92816587],[26.987065,36.92821091],[26.98719256,36.92831583],[26.98729351,36.92845747],[26.98729211,36.9285476],[26.98725042,36.92859372],[26.98703668,36.92867118],[26.98699359,36.92880743],[26.9870227,36.92888781],[26.98706581,36.92900387],[26.98706581,36.92922012],[26.98700943,36.92935672],[26.98686788,36.92948642],[26.98666885,36.92956353],[26.9865974,36.92972753],[26.98665487,36.92978014],[26.98669764,36.92992325],[26.98661249,36.93002451],[26.98659883,36.93012397],[26.98674148,36.93021952],[26.98684135,36.93033414],[26.98677094,36.93050712],[26.98665601,36.93052804],[26.98647133,36.93054169],[26.98640022,36.93067864],[26.98640127,36.93075972],[26.98642864,36.93101135],[26.98642866,36.93115553],[26.98630184,36.93121278],[26.98628746,36.93133029],[26.9863029,36.93154615],[26.98628891,36.93179882],[26.98616069,36.93198227],[26.98614702,36.93215382],[26.9861843,36.93239136],[26.98621925,36.93251244],[26.98641938,36.9326606],[26.98667123,36.93287644],[26.98669065,36.93297817],[26.98661918,36.93312415],[26.98647763,36.93334398],[26.98626494,36.93350251],[26.98612267,36.93368632],[26.9860789,36.93384061],[26.98598081,36.93416747],[26.98585256,36.93424279],[26.98557214,36.93441234],[26.98538301,36.934579],[26.98546852,36.93473904],[26.98574119,36.93489438],[26.98602506,36.93501339],[26.98615035,36.93501589],[26.98658227,36.93496333],[26.98690921,36.93498214],[26.98719414,36.93509212],[26.98750885,36.93517429],[26.98782217,36.93538267],[26.98787968,36.93556145],[26.98782329,36.93584222],[26.9876954,36.93605267],[26.98752442,36.93618315],[26.98736847,36.93635828],[26.98724097,36.93663183],[26.98709941,36.93685166],[26.98707034,36.93700557],[26.98714258,36.9373642],[26.98717132,36.93754369],[26.98712898,36.93787818],[26.98705891,36.93806013],[26.98691593,36.93817189],[26.98676003,36.93840109],[26.98680316,36.93860725],[26.98688902,36.93870421],[26.98696054,36.93881056],[26.98693216,36.93887435],[26.98678987,36.9390221],[26.98660523,36.93919795],[26.98643458,36.93940951],[26.98625095,36.93961237],[26.98599372,36.93972697],[26.9857372,36.93982353],[26.98558502,36.93990765],[26.98548103,36.93996514],[26.98528198,36.94016841],[26.9852112,36.94038644],[26.98532549,36.94056379],[26.98558276,36.94068348],[26.98589385,36.94086244],[26.98616807,36.94106523],[26.98645341,36.9414185],[26.98668336,36.94177315],[26.98678256,36.94194186],[26.98686882,36.942192],[26.98687283,36.94259706],[26.98686074,36.94288417],[26.9868998,36.94329056],[26.98690019,36.94351581],[26.98681502,36.94377931],[26.98674499,36.94401535],[26.98658978,36.94435266],[26.98643314,36.94463595],[26.98616329,36.9449311],[26.98590677,36.94517183],[26.98569441,36.94533937],[26.98539369,36.94561728],[26.98519571,36.94579347],[26.98505237,36.94593223],[26.98489745,36.94591812],[26.98493955,36.9461153],[26.98493955,36.94620541],[26.98496901,36.9463128],[26.98499741,36.94644725],[26.98506892,36.9465716],[26.98518355,36.94675795],[26.98529819,36.94696233],[26.98542614,36.94716636],[26.98562738,36.94744965],[26.98585477,36.94768608],[26.9860038,36.9478232],[26.98617,36.94795863],[26.98635439,36.94808015],[26.98637051,36.94822393],[26.98625591,36.94821781],[26.98612761,36.94818497],[26.98599862,36.94808009],[26.98587137,36.94794813],[26.98575712,36.94780682],[26.98547035,36.94754372],[26.98532699,36.94735809],[26.98519832,36.94722616],[26.98507037,36.94707619],[26.98485586,36.94693742],[26.9847132,36.94680583],[26.98439877,36.94658846],[26.98405667,36.94630871],[26.98389964,36.94636673],[26.98375842,36.94645139],[26.98364379,36.94648129],[26.98333263,36.94664899],[26.98314543,36.94685428],[26.98306063,36.94701861],[26.98301787,36.94709176],[26.98298985,36.94730961],[26.98299057,36.94747092],[26.98297725,36.94763345],[26.98283355,36.94767311],[26.98274909,36.94777435],[26.98267762,36.94793834],[26.98267796,36.94809153],[26.98275104,36.94826393],[26.98284381,36.94847628],[26.98287886,36.94854603],[26.98297875,36.94862463],[26.98323601,36.94860013],[26.98324972,36.94880705],[26.98305027,36.94885711],[26.98309376,36.94898218],[26.98329354,36.94919342],[26.98346493,36.9492702],[26.98375063,36.9493261],[26.98403524,36.94935498],[26.98420595,36.94937773],[26.98432019,36.94942893],[26.98456384,36.94953995],[26.98469073,36.94953675],[26.98489154,36.9494506],[26.98497569,36.94957464],[26.98481903,36.94973177],[26.98489158,36.94979304],[26.98506265,36.94995091],[26.98527753,36.95013474],[26.98553484,36.95039859],[26.98584273,36.95065855],[26.98606349,36.95090792],[26.98624858,36.95113757],[26.98637689,36.95124246],[26.98663419,36.95138017],[26.98683363,36.95140217],[26.98714664,36.95140331],[26.98740427,36.95140583],[26.98773166,36.95139759],[26.9881733,36.9514045],[26.98838712,36.95139912],[26.98867244,36.95139193],[26.98884347,36.9513155],[26.98907165,36.95126472],[26.98917119,36.95126221],[26.98939939,36.95126547],[26.98958445,36.95126081],[26.98985471,36.95131708],[26.99014006,36.95143604],[26.99036897,36.95154742],[26.99065431,36.9516844],[26.99099642,36.95172985],[26.9911531,36.95166282],[26.99140962,36.95147613],[26.99172225,36.95128803],[26.9922641,36.95107611],[26.99260618,36.95097739],[26.99299101,36.95085954],[26.99340356,36.95084013],[26.99360302,36.95086213],[26.99375937,36.95096631],[26.99398897,36.95096954],[26.99435946,36.9509692],[26.99464369,36.95089895],[26.99487185,36.95077604],[26.99497066,36.95061135],[26.99508489,36.95042826],[26.99527457,36.95008656],[26.99545383,36.94986926],[26.99571468,36.94974779],[26.99619481,36.94969794],[26.99664935,36.94964985],[26.99710883,36.94952708],[26.99724797,36.94947252],[26.99763282,36.9494628],[26.99794653,36.94948189],[26.99823224,36.94957381],[26.99838891,36.94963293],[26.99843314,36.94983007],[26.99851835,36.95003516],[26.99875444,36.95013336],[26.99887522,36.95017031],[26.99900461,36.9503743],[26.99896117,36.95044748],[26.99878182,36.95061303],[26.99871973,36.95067886],[26.99866302,36.95089656],[26.99863506,36.95117843],[26.99863513,36.95134781],[26.99876451,36.95155181],[26.99897872,36.95171759],[26.99922023,36.95179258],[26.99952066,36.95179401],[26.99987642,36.95179402],[27.00039031,36.95187114],[27.00071876,36.95194391],[27.00103177,36.95196305],[27.00120352,36.95190463],[27.00134472,36.9517659],[27.00141652,36.95161089],[27.00157211,36.95142674],[27.00162989,36.95132616],[27.00174238,36.95127825],[27.00195722,36.9511737],[27.00218434,36.95109589],[27.00238338,36.95100072],[27.0025249,36.95074483],[27.00246906,36.95050456],[27.002353,36.95028062],[27.00232343,36.94995697],[27.00242289,36.94964807],[27.00252195,36.94938425],[27.0024224,36.94929665],[27.00233612,36.94913664],[27.00237811,36.94893734],[27.00246395,36.94883605],[27.00257783,36.94873405],[27.00286171,36.94865476],[27.00327636,36.94865329],[27.00371694,36.94870522],[27.00404502,36.94871492],[27.00448701,36.9487488],[27.00474434,36.94886842],[27.00506499,36.9490424],[27.00530104,36.94917873],[27.00558569,36.94927965],[27.00587204,36.94928138],[27.00628859,36.94914508],[27.00651163,36.94902191],[27.00673901,36.94886296],[27.00702386,36.94857639],[27.00733712,36.94837021],[27.00766404,36.94811862],[27.00804805,36.9477845],[27.00830385,36.94763384],[27.00868866,36.94753397],[27.00894556,36.94753647],[27.00905949,36.94757864],[27.00923101,36.94788966],[27.00927455,36.94805077],[27.00927042,36.94819504],[27.00929325,36.94834766],[27.00934414,36.94849956],[27.00942271,36.94864173],[27.00952651,36.94878326],[27.00965381,36.94889718],[27.00980036,36.94900161],[27.00996444,36.94908754],[27.01020561,36.94917152],[27.01044715,36.94922849],[27.01066026,36.94925912],[27.01081699,36.94940834],[27.01110281,36.94975251],[27.01143123,36.94975318],[27.0116302,36.94947781],[27.01191514,36.94944354],[27.0119855,36.94927056],[27.01195631,36.94904602],[27.01204208,36.94881857],[27.01229858,36.9486859],[27.01251089,36.94850029],[27.01251116,36.94832908],[27.0127095,36.9482159],[27.012952,36.94815571],[27.0131511,36.94816863],[27.01328055,36.94842667],[27.01335256,36.94874023],[27.01342453,36.94899972],[27.01370993,36.9491727],[27.01391043,36.94922168],[27.01416631,36.94925122],[27.01435181,36.9493997],[27.01446683,36.94952293],[27.01470868,36.9495348],[27.01480749,36.9494602],[27.01479342,36.94931638],[27.01477894,36.94912753],[27.01477851,36.94897435],[27.0147766,36.94867702],[27.01479082,36.94837931],[27.0148183,36.9479551],[27.01487528,36.94769233],[27.01497395,36.94732939],[27.01504467,36.94714737],[27.01534353,36.94698658],[27.0157136,36.94686905],[27.01605525,36.94670718],[27.01628261,36.94651217],[27.01642447,36.94633736],[27.01669536,36.94628541],[27.01689481,36.9463254],[27.01698072,36.94640431],[27.01717881,36.94653443],[27.01734779,36.94662025],[27.01746453,36.94666234],[27.01764996,36.94672069],[27.01777651,36.94674452],[27.0179714,36.94677561],[27.01810284,36.94678127],[27.01836395,36.94676562],[27.01855671,36.94674269],[27.01862047,36.94672305],[27.01887739,36.94672552],[27.0191624,36.9468354],[27.01916284,36.94698858],[27.01933508,36.94726354],[27.0195342,36.94733058],[27.01980442,36.94735072],[27.02029092,36.94737438],[27.020632,36.94741076],[27.02097406,36.947366],[27.02143002,36.94736341],[27.02165816,36.94731253],[27.0219575,36.94734095],[27.02217134,36.94740761],[27.02223734,36.94759312],[27.02230158,36.94777373],[27.02230099,36.94795397],[27.022558,36.94810062],[27.02284336,36.94818344],[27.02311512,36.94841982],[27.02330106,36.9486854],[27.02370071,36.94885545],[27.02422751,36.94883301],[27.02484161,36.94888945],[27.02521182,36.94900616],[27.02566897,36.94917473],[27.02601035,36.94918404],[27.0265235,36.94920699],[27.02710818,36.94922812],[27.02752218,36.94937075],[27.02777883,36.94949035],[27.02809186,36.94952743],[27.0283775,36.94951111],[27.02880017,36.94957104],[27.02920444,36.94966123],[27.02950423,36.94982477],[27.02976162,36.95001644],[27.02994741,36.95004774],[27.0304588,36.9500437],[27.03081669,36.95007961],[27.03103019,36.9501192],[27.03133031,36.95027373],[27.03138825,36.95042544],[27.03182886,36.95047728],[27.03205845,36.9504804],[27.0324137,36.95048034],[27.03256983,36.95047635],[27.03289863,36.950522],[27.03309881,36.95057998],[27.03328333,36.9507735],[27.03332795,36.95092553],[27.03337152,36.95108661],[27.03351358,36.95121816],[27.03382735,36.95125518],[27.03404078,36.95124072],[27.03419808,36.95115559],[27.03439666,36.95096128],[27.03446737,36.95083332],[27.03455233,36.95055182],[27.03469404,36.95021478],[27.03482174,36.9499502],[27.03511951,36.94972632],[27.03539103,36.94958421],[27.03576037,36.94946664],[27.03600282,36.94935229],[27.03618813,36.94921239],[27.03637302,36.94900942],[27.03645701,36.94884508],[27.03665597,36.94867779],[27.03685574,36.94867268],[27.03699809,36.94872311],[27.03728232,36.94870681],[27.03752554,36.94868257],[27.03785288,36.94865616],[27.03798191,36.94870693],[27.03821129,36.94889926],[27.03829691,36.94902325],[27.03841133,36.94921856],[27.03866803,36.94939221],[27.03916919,36.94941281],[27.03932416,36.94939342],[27.03980814,36.94933597],[27.04004995,36.94927571],[27.04026367,36.94919813],[27.04043424,36.9490586],[27.0406187,36.94875653],[27.04073132,36.94848331],[27.04090177,36.94818159],[27.04115701,36.94785966],[27.04149817,36.9475806],[27.04182672,36.94739195],[27.04218242,36.94733776],[27.0426103,36.9472457],[27.04286606,36.94713102],[27.04297916,36.94701097],[27.04320644,36.94679788],[27.04340578,36.94671168],[27.04380392,36.94670147],[27.04408997,36.94676621],[27.04437604,36.94684899],[27.04454706,36.94682657],[27.04468854,36.94671481],[27.04490123,36.94662827],[27.04520122,36.94662057],[27.04550039,36.94646871],[27.04562817,36.94629423],[27.04574153,36.94609306],[27.04592571,36.94590813],[27.04626806,36.94581823],[27.04659449,36.9455936],[27.04699396,36.94549323],[27.04743973,36.9454296],[27.04769201,36.94540322],[27.04787692,36.94525429],[27.04831883,36.9452159],[27.04858904,36.94518193],[27.0490158,36.94508087],[27.04934309,36.94498234],[27.04974854,36.94487079],[27.05007012,36.94479244],[27.05044015,36.94476491],[27.0507255,36.94481165],[27.05121034,36.94501718],[27.05136753,36.9450925],[27.0518104,36.94534242],[27.05203864,36.94539963],[27.05235228,36.94538255],[27.05252255,36.94534211],[27.05292178,36.94534087],[27.05305044,36.94540063],[27.05326473,36.94554831],[27.0534226,36.94587935],[27.05345173,36.94610216],[27.05335244,36.946339],[27.05325383,36.9465578],[27.0530838,36.94683249],[27.05299804,36.94696988],[27.05301263,36.94719477],[27.05319949,36.94725304],[27.05356589,36.94729362],[27.05384095,36.94732663],[27.05416874,36.9473993],[27.0544257,36.94745576],[27.05471076,36.94756557],[27.05483951,36.94767939],[27.05510986,36.9478076],[27.05525262,36.94792106],[27.05533437,36.94800008],[27.05543616,36.9481416],[27.05550921,36.94828391],[27.05556235,36.94848978],[27.05556602,36.94865188],[27.05553849,36.94880576],[27.05545317,36.94900621],[27.05535764,36.94914383],[27.05525748,36.94921851],[27.05495001,36.94938278],[27.05485882,36.94942701],[27.05470296,36.94953014],[27.05437614,36.94972778],[27.0542049,36.94984934],[27.0540205,36.95015144],[27.05385049,36.95048021],[27.05368014,36.95083602],[27.05351065,36.95096653],[27.05315475,36.95119196],[27.05299895,36.95136717],[27.05278357,36.95148314],[27.05245802,36.95159735],[27.05224488,36.95191822],[27.05186059,36.95213534],[27.05159003,36.95216033],[27.05127588,36.9520783],[27.05106306,36.95200266],[27.0507195,36.95195744],[27.05034004,36.9519297],[27.04977942,36.95190951],[27.04938018,36.95189274],[27.04897979,36.95177686],[27.04883703,36.95168142],[27.0485372,36.95151791],[27.04818031,36.95143698],[27.04783929,36.95147278],[27.04754007,36.95158859],[27.04722642,36.95164171],[27.04681319,36.95164332],[27.04628495,36.95162985],[27.0458584,36.95163177],[27.0456878,36.95173529],[27.04568755,36.95187045],[27.04581673,36.95206537],[27.04597496,36.95223251],[27.04631799,36.95247601],[27.04674625,36.95279843],[27.04708934,36.95309598],[27.0473469,36.95341376],[27.04753222,36.95367933],[27.04749084,36.95401379],[27.04736468,36.95442253],[27.04725068,36.95473182],[27.04709565,36.95499711],[27.04702553,36.95535034],[27.0468968,36.95562398],[27.04674087,36.95567303],[27.04659821,36.95568572],[27.04637117,36.95578165],[27.0462429,36.95580297],[27.04582751,36.9557866],[27.0455582,36.95566736],[27.04534363,36.95561879],[27.04510141,36.95561601],[27.04485852,36.95563124],[27.04483054,36.95572207],[27.04478823,36.95582228],[27.04477435,36.95598483],[27.04477377,36.956111],[27.0447754,36.95634525],[27.0448897,36.95639637],[27.04508716,36.95650845],[27.04516084,36.95659667],[27.04520264,36.95669472],[27.04520104,36.95684795],[27.04512124,36.95699416],[27.04503229,36.95706853],[27.04485919,36.95714507],[27.04466395,36.95715909],[27.04456477,36.95717064],[27.04435098,36.95721215],[27.04402296,36.95729268],[27.0437517,36.95737173],[27.04348256,36.95745071],[27.04314089,36.9575586],[27.04288435,36.95760122],[27.04251388,36.95765578],[27.04228568,36.95765263],[27.04207111,36.95760406],[27.04192323,36.95754878],[27.0418004,36.95750286],[27.0415854,36.9573552],[27.04155537,36.9570586],[27.04162475,36.95676947],[27.04169794,36.95656835],[27.04189603,36.95622087],[27.0419102,36.95597721],[27.04179481,36.95588105],[27.04162481,36.95591244],[27.04148182,36.95593412],[27.04124913,36.95599416],[27.04105495,36.95601715],[27.0407924,36.95601487],[27.04053511,36.95598542],[27.04034787,36.95593615],[27.04016974,36.95586863],[27.04000492,36.95578274],[27.03985482,36.95567846],[27.03972187,36.95556472],[27.03960925,36.95543245],[27.03951728,36.95529064],[27.03946919,36.95519273],[27.03939798,36.95514951],[27.03924014,36.9550274],[27.03918437,36.95496575],[27.03898485,36.95488977],[27.03876999,36.95488625],[27.03858532,36.95495406],[27.0382157,36.95517078],[27.03805882,36.95535501],[27.03781684,36.95565858],[27.03754704,36.95579164],[27.03719055,36.95577373],[27.03700738,36.95556364],[27.03696033,36.9554372],[27.03688968,36.9551777],[27.03678926,36.954964],[27.03660251,36.95464439],[27.03644571,36.95449521],[27.0361755,36.95437896],[27.03600362,36.9543894],[27.03591781,36.95449069],[27.03586188,36.95465434],[27.03583362,36.95484429],[27.03567847,36.95515031],[27.03550738,36.95539329],[27.03529508,36.95556092],[27.03505225,36.95564822],[27.03482716,36.9556475],[27.03447551,36.95561325],[27.03419807,36.95573316],[27.03384108,36.95589527],[27.03361895,36.95597609],[27.03345763,36.95603142],[27.0332856,36.95613494],[27.03324052,36.95622001],[27.03308714,36.95650945],[27.03300354,36.95675489],[27.0329028,36.95702781],[27.03286091,36.95724512],[27.03277607,36.95724729],[27.03266068,36.95715112],[27.03257581,36.95709922],[27.03246224,36.95710213],[27.03230561,36.95716921],[27.03227691,36.95726005],[27.03219179,36.95732531],[27.03194923,36.9573315],[27.03177846,36.95727279],[27.031579,36.95726886],[27.03134588,36.95736718],[27.03123703,36.95745784],[27.03108186,36.95761498],[27.03091021,36.95776355],[27.0308251,36.95788287],[27.03059769,36.9579878],[27.03044101,36.95801882],[27.03028433,36.95806789],[27.03012737,36.95812597],[27.03002824,36.95822762],[27.02994312,36.95834692],[27.02995727,36.95849076],[27.03003062,36.95864206],[27.03015065,36.95883723],[27.03025977,36.95896961],[27.03047234,36.95916241],[27.03061963,36.95926681],[27.03083252,36.95939653],[27.03106185,36.95949878],[27.03130552,36.95957366],[27.03156006,36.95962121],[27.03195094,36.95965629],[27.03221278,36.95964059],[27.03253279,36.95958735],[27.03279569,36.95958063],[27.03305546,36.95960102],[27.03330966,36.9596576],[27.0336652,36.95979267],[27.03382722,36.95987864],[27.03402084,36.96001788],[27.03414923,36.96014075],[27.03429378,36.96031726],[27.03437874,36.96045927],[27.034443,36.96061081],[27.03448834,36.96076283],[27.03451126,36.96091543],[27.03452614,36.96114933],[27.03452777,36.96143763],[27.03448585,36.96161893],[27.03441792,36.96181453],[27.03428705,36.96202049],[27.03417362,36.96223966],[27.03405291,36.96245857],[27.03398922,36.96266788],[27.03403852,36.96276787],[27.03414719,36.96298825],[27.03426157,36.96307542],[27.03447117,36.96325353],[27.03459027,36.9633824],[27.03463469,36.96366961],[27.03471678,36.96391728],[27.03470689,36.9641093],[27.03460782,36.96430107],[27.03456631,36.96458148],[27.03468041,36.96480383],[27.03498055,36.96483219],[27.03513543,36.96475615],[27.03548399,36.96456822],[27.03578288,36.96436439],[27.03600233,36.96418801],[27.03625898,36.96396151],[27.03646833,36.96379349],[27.03666132,36.96365557],[27.03680072,36.96356914],[27.03708519,36.96334559],[27.03729852,36.9631509],[27.03748347,36.96296596],[27.03766821,36.96295222],[27.03781167,36.96306568],[27.03823948,36.96319889],[27.03852514,36.96318257],[27.03880942,36.96311221],[27.03902284,36.96304367],[27.03933622,36.96301763],[27.0394645,36.96297828],[27.0398638,36.96299509],[27.04000769,36.96318965],[27.04026467,36.96321009],[27.04049339,36.9634025],[27.04045048,36.96362885],[27.04032239,36.96388442],[27.04010933,36.96399802],[27.0399948,36.96411809],[27.03986748,36.96444576],[27.03972753,36.96475571],[27.03969904,36.96508083],[27.03982787,36.96528479],[27.03975797,36.96552085],[27.03970127,36.96563043],[27.03981649,36.96591583],[27.03975988,36.96613355],[27.03976004,36.96631377],[27.04000117,36.96625352],[27.04025556,36.96615833],[27.04050101,36.96613258],[27.04084272,36.96602471],[27.04108408,36.96582929],[27.0412407,36.96572616],[27.04165468,36.96568851],[27.04211069,36.9655777],[27.04240892,36.9654529],[27.04258035,36.96547554],[27.04283747,36.96564014],[27.04302275,36.96585166],[27.04302374,36.96615801],[27.04302537,36.96641028],[27.04306821,36.96648126],[27.0431547,36.9667854],[27.04322604,36.9669728],[27.04341199,36.96713023],[27.0436118,36.96710709],[27.0438643,36.96701857],[27.04395387,36.9670082],[27.04428167,36.96702683],[27.04450889,36.96707505],[27.04468123,36.96727789],[27.04475364,36.96749229],[27.04481126,36.96763498],[27.04491055,36.96773155],[27.04508279,36.96782623],[27.04521121,36.9679491],[27.04524046,36.96811957],[27.04531147,36.968334],[27.04536958,36.96859382],[27.04535607,36.96880142],[27.04534262,36.96902704],[27.04540103,36.96924181],[27.04547283,36.96956435],[27.04548856,36.96988834],[27.04555993,36.97011178],[27.04581714,36.97033045],[27.04619268,36.97044949],[27.04629412,36.97055821],[27.04630298,36.97063335],[27.04620311,36.97069901],[27.04601766,36.97069475],[27.0457617,36.97068329],[27.04546188,36.97062792],[27.04527673,36.9705786],[27.04513399,36.97051918],[27.04486186,36.97043608],[27.04460598,36.97041561],[27.04447725,36.97041891],[27.04401809,36.97043725],[27.04385043,36.97047104],[27.04372248,36.97051937],[27.04332372,36.97072783],[27.0429105,36.97085558],[27.04269703,36.97092413],[27.04244041,36.97093072],[27.04215574,36.97093802],[27.04174404,36.9708954],[27.04148535,36.97088313],[27.04112807,36.97086525],[27.04081883,36.97083168],[27.04050275,36.97083167],[27.04029013,36.97087462],[27.04018781,36.97090738],[27.04001721,36.97104691],[27.03981889,36.97119616],[27.03956204,36.97135593],[27.03930513,36.97144362],[27.03899236,36.97139756],[27.03876306,36.97140343],[27.03839248,36.97140392],[27.03800859,36.97142276],[27.03752411,36.97147121],[27.03716687,36.97150739],[27.03649737,36.97166869],[27.03618404,36.97180286],[27.0359991,36.9720419],[27.03582484,36.97243162],[27.035759,36.97255264],[27.03547327,36.97255094],[27.03525896,36.97245731],[27.03513099,36.97243355],[27.03484562,36.97245886],[27.03461771,36.97246469],[27.03446171,36.97245967],[27.03434884,36.97268053],[27.03429722,36.97284234],[27.03420231,36.97297993],[27.03412911,36.97306291],[27.03400472,36.97318324],[27.03386667,36.97329489],[27.03371353,36.97339793],[27.03337148,36.97355086],[27.03318778,36.97360961],[27.03306055,36.9736399],[27.03280148,36.97367356],[27.03267035,36.97367691],[27.03247329,36.97366392],[27.03221452,36.97363449],[27.03202656,36.97358524],[27.03177652,36.97351053],[27.03158925,36.97346124],[27.03127294,36.97339724],[27.03101557,36.97334975],[27.03069054,36.973313],[27.03042968,36.97330164],[27.03016602,36.97329036],[27.02996897,36.9732954],[27.02977299,36.97330941],[27.029577,36.97332342],[27.02931724,36.97335709],[27.02899752,36.97341932],[27.02868238,36.97349045],[27.02843595,36.97355981],[27.02813485,36.97366662],[27.02784321,36.97378219],[27.02761752,36.97389609],[27.0273511,36.97401101],[27.0270949,36.97411667],[27.02690916,36.97422955],[27.02669649,36.97446025],[27.02669582,36.97451432],[27.02681088,36.97458349],[27.02701109,36.9746054],[27.02712431,36.97455746],[27.0274959,36.97445786],[27.02770862,36.97435332],[27.02786567,36.97429524],[27.02799398,36.97427395],[27.02822076,36.97416904],[27.02856325,36.97409722],[27.02879113,36.97407337],[27.02916252,36.97418104],[27.0293624,36.97423001],[27.02979398,36.97436169],[27.03022553,36.97443775],[27.0306112,36.97449484],[27.03075979,36.97452771],[27.03129578,36.97469198],[27.03154702,36.97475311],[27.031801,36.97481649],[27.03217267,36.97486106],[27.03260116,36.97490416],[27.03308908,36.97496859],[27.03353865,36.97504367],[27.03381296,36.97515823],[27.03405614,36.97525442],[27.03458316,36.97532205],[27.03502605,36.97535576],[27.03535401,36.97555463],[27.03552594,36.97571243],[27.03588371,36.97588348],[27.03626763,36.97588266],[27.03660975,36.97576578],[27.03690941,36.97564098],[27.03713617,36.97553605],[27.03752172,36.97536398],[27.03790591,36.97526404],[27.03831857,36.97524444],[27.03874671,36.97529653],[27.03894729,36.97534548],[27.03921809,36.9754647],[27.0393608,36.97548808],[27.03961641,36.97549054],[27.03987413,36.975529],[27.0400169,36.97564247],[27.0400455,36.97583096],[27.03997527,36.97611211],[27.03984739,36.97623251],[27.03964837,36.97636377],[27.03944938,36.97658513],[27.03939283,36.97685692],[27.03949367,36.97711567],[27.03972208,36.97729903],[27.0398944,36.97746581],[27.03995241,36.97765355],[27.0398958,36.97787127],[27.03976756,36.97798268],[27.03958284,36.97805049],[27.03931192,36.97819259],[27.03901298,36.97835344],[27.03879995,36.97855714],[27.03858702,36.97885094],[27.03847331,36.97913319],[27.038646,36.97934503],[27.03878766,36.97935942],[27.03905904,36.97933445],[27.03931497,36.97930987],[27.0395152,36.97931374],[27.03970073,36.97937206],[27.03997211,36.97936511],[27.04020037,36.97936828],[27.04035647,36.97942736],[27.04034262,36.97964394],[27.04064319,36.97971736],[27.04077117,36.97972309],[27.04090033,36.97988199],[27.04090014,36.9800532],[27.04085829,36.98030656],[27.04085907,36.98039665],[27.04085933,36.98068499],[27.04086061,36.98094627],[27.04114624,36.98120927],[27.04144613,36.98130071],[27.04187294,36.98138889],[27.04188888,36.98155968],[27.04183182,36.98167829],[27.04167597,36.98187152],[27.04161927,36.98199913],[27.04166304,36.98232239],[27.04187743,36.9824881],[27.04213493,36.98262568],[27.04236261,36.98273698],[27.04266294,36.98294553],[27.0426922,36.98307994],[27.04269265,36.98323311],[27.04276396,36.98336644],[27.04283645,36.98365293],[27.04269505,36.98394491],[27.04268084,36.98411649],[27.04282405,36.98427501],[27.04296645,36.9843074],[27.04316637,36.98435634],[27.04340905,36.98438616],[27.04360125,36.98445331],[27.04376193,36.9845393],[27.0439686,36.98466915],[27.04411667,36.98477347],[27.04425809,36.98488699],[27.0443918,36.98500071],[27.04455991,36.98516759],[27.04475017,36.98537897],[27.04495137,36.98565315],[27.04506621,36.98583943],[27.04518812,36.98607959],[27.0452099,36.9861331],[27.0452686,36.98628476],[27.04529756,36.98650028],[27.04522799,36.98672734],[27.0450282,36.98682258],[27.04484272,36.98685438],[27.04465723,36.98686815],[27.04424494,36.98695083],[27.04411699,36.9870352],[27.04394604,36.98720178],[27.04383156,36.98741198],[27.04367642,36.9876232],[27.04366222,36.98783083],[27.04367716,36.98804669],[27.04374819,36.98827917],[27.04375019,36.9885224],[27.04369309,36.98858696],[27.04355076,36.98864466],[27.04335129,36.98871286],[27.04320938,36.98885166],[27.04313866,36.98897962],[27.04311099,36.9893588],[27.04309749,36.98958441],[27.04305637,36.98987381],[27.04292749,36.99005733],[27.0428467,36.99009787],[27.04259966,36.9901108],[27.04248604,36.99011372],[27.04241456,36.99018763],[27.04232982,36.99033399],[27.04209923,36.9905357],[27.04201587,36.99061236],[27.04191749,36.99082214],[27.04196114,36.99100123],[27.04197535,36.9911991],[27.04186184,36.99127411],[27.04171877,36.99133184],[27.04156348,36.99139889],[27.04156216,36.99148904],[27.04163484,36.99158629],[27.04180643,36.99169904],[27.04206283,36.9917195],[27.04236269,36.99177489],[27.04254352,36.99185123],[27.04267734,36.99186593],[27.04281896,36.9917902],[27.04300403,36.99169536],[27.04320352,36.9916632],[27.04347467,36.99171932],[27.04376951,36.9917439],[27.04395864,36.99172491],[27.0441297,36.99164844],[27.04444447,36.99160156],[27.04454384,36.99161077],[27.04470141,36.99172388],[27.04475941,36.99187558],[27.044788,36.99206407],[27.04478926,36.99228931],[27.04479015,36.99250554],[27.04473391,36.99273225],[27.04467676,36.99311218],[27.04466149,36.99322197],[27.04463941,36.99349947],[27.0446507,36.9937436],[27.04468081,36.99407623],[27.04476622,36.9942813],[27.04490838,36.99441281],[27.04509463,36.99443506],[27.04533767,36.99443783],[27.04564519,36.99443318],[27.0459309,36.99443588],[27.04603627,36.99443792],[27.04625045,36.9943333],[27.04634891,36.99424967],[27.04663504,36.99420627],[27.04693381,36.99418057],[27.04704665,36.99408758],[27.0472611,36.99388381],[27.04737466,36.99382684],[27.0476858,36.99384996],[27.04790321,36.99389435],[27.04818183,36.99405098],[27.04849509,36.99421894],[27.04868814,36.99431571],[27.04897743,36.99446976],[27.04924534,36.99458973],[27.04961681,36.99466131],[27.05001529,36.99471639],[27.05040173,36.99471318],[27.05060125,36.99469903],[27.05092845,36.99468161],[27.05131454,36.99464464],[27.05169325,36.99465649],[27.05193439,36.99470958],[27.05213463,36.99476965],[27.05232756,36.99483484],[27.05259854,36.99506214],[27.05268465,36.99523114],[27.05272757,36.9953742],[27.05272841,36.99550033],[27.0525152,36.99585724],[27.05238775,36.99605876],[27.05223118,36.99625201],[27.05203218,36.99643736],[27.05183354,36.99664971],[27.05177766,36.99686741],[27.05163524,36.99718646],[27.05145108,36.99749758],[27.0512661,36.99770057],[27.05102535,36.99785994],[27.05078373,36.99822662],[27.05065567,36.99853625],[27.05057,36.99876372],[27.05039148,36.99908315],[27.05026404,36.99922896],[27.05004803,36.9993761],[27.04973261,36.99959625],[27.04951954,36.99976393],[27.04943443,36.99988324],[27.04936307,37.0000653],[27.04927773,37.00030177],[27.04920744,37.00051084],[27.04915077,37.00065646],[27.04903721,37.00074949],[27.04868062,37.00083976],[27.04841018,37.00081966],[27.04823901,37.00080605],[27.04796821,37.00077697],[27.04766792,37.00069458],[27.04747539,37.00066641],[27.04718204,37.00058993],[27.04702555,37.00050384],[27.04682483,37.00041889],[27.04639727,37.00040283],[27.04612621,37.00043683],[27.04591274,37.00057747],[27.04567052,37.00071885],[27.04541466,37.00090565],[27.04528783,37.00103508],[27.04521645,37.00121711],[27.04511665,37.00139088],[27.04500379,37.00146586],[27.04469007,37.00166314],[27.04461901,37.00180013],[27.04461952,37.00197133],[27.04455061,37.00224288],[27.0444926,37.00239809],[27.04446472,37.00257903],[27.04445239,37.00290374],[27.04445227,37.00312901],[27.04445274,37.00328217],[27.04438168,37.00341917],[27.0441261,37.00354286],[27.04396868,37.00359197],[27.04378211,37.0036328],[27.04366919,37.00367174],[27.04344127,37.00369562],[27.04328453,37.00379876],[27.04314262,37.00393756],[27.04292952,37.00410522],[27.04270092,37.00418317],[27.04248736,37.00423371],[27.04216019,37.00430516],[27.04200276,37.0043723],[27.04191877,37.0045907],[27.04191862,37.00481597],[27.04203373,37.00488512],[27.04216159,37.00508007],[27.04212069,37.00523429],[27.04187988,37.00555977],[27.04179277,37.00565721],[27.04166485,37.00575963],[27.04143783,37.00605379],[27.04140951,37.00617165],[27.04138196,37.00634358],[27.04145347,37.00667514],[27.04142553,37.006802],[27.04126925,37.00698624],[27.04102588,37.00706456],[27.04091298,37.0071035],[27.04075663,37.00721563],[27.04064275,37.00731767],[27.04048572,37.00746588],[27.04034306,37.00755064],[27.04018771,37.00761769],[27.03988754,37.00769748],[27.03950281,37.00777042],[27.03926117,37.00782166],[27.03910301,37.00787076],[27.0388614,37.00794002],[27.03861945,37.00801832],[27.03839112,37.00805119],[27.03817751,37.00804766],[27.03793549,37.00805386],[27.0376784,37.00808748],[27.03755047,37.00820791],[27.03745063,37.00834562],[27.03737992,37.00852766],[27.03740916,37.00866207],[27.03756569,37.00876618],[27.03776606,37.00886017],[27.03802254,37.00895271],[27.03836565,37.00901602],[27.03872287,37.00915104],[27.03890786,37.00931748],[27.03900903,37.0094771],[27.03906641,37.0097009],[27.03905327,37.0099175],[27.03896821,37.01012694],[27.03874081,37.01041209],[27.03832822,37.01072003],[27.03805865,37.01090356],[27.03776306,37.01110066],[27.03765897,37.0111787],[27.03741639,37.01136513],[27.03723215,37.01167623],[27.0371759,37.01195699],[27.037106,37.01224713],[27.03696119,37.01266566],[27.03687955,37.01285666],[27.03664915,37.01326801],[27.03636563,37.01358628],[27.03618366,37.01375757],[27.03595614,37.01393458],[27.03562797,37.01414122],[27.03535205,37.01431948],[27.03499053,37.01451798],[27.03464687,37.01468637],[27.03422188,37.01486204],[27.03406267,37.01492017],[27.03365304,37.0150568],[27.0334861,37.01509711],[27.03306487,37.01520703],[27.03263519,37.01528109],[27.0323746,37.01531477],[27.03202419,37.01535077],[27.03158635,37.01537999],[27.03123312,37.01538],[27.03092442,37.01538789],[27.03058693,37.01538751],[27.03026485,37.01536921],[27.03002634,37.01533876],[27.02978351,37.01525485],[27.02955324,37.01509854],[27.02946828,37.01495655],[27.0293964,37.0145619],[27.02948083,37.01440657],[27.02972305,37.01421115],[27.02993621,37.01404351],[27.03010732,37.013913],[27.03023566,37.01381959],[27.030291,37.01372806],[27.03031967,37.01356514],[27.03023397,37.01347722],[27.03003332,37.01346433],[27.02986388,37.01345964],[27.0297495,37.01340851],[27.02972311,37.01336046],[27.02963424,37.01317716],[27.02953387,37.01310764],[27.02934864,37.01307633],[27.02916377,37.01309006],[27.02906312,37.01313769],[27.02887756,37.01313341],[27.0285207,37.01300737],[27.02836351,37.0129393],[27.02820664,37.01284419],[27.02790586,37.01266264],[27.02752095,37.01251928],[27.02725498,37.01242343],[27.02700655,37.01233417],[27.02670504,37.0122109],[27.02654932,37.0121386],[27.0262582,37.01209511],[27.02600897,37.01206602],[27.02577964,37.0120501],[27.02563621,37.01209883],[27.02539457,37.01216807],[27.025309,37.0122243],[27.02527997,37.01232416],[27.02520958,37.01249718],[27.02509625,37.01254628],[27.02479679,37.01262484],[27.02464196,37.01266551],[27.02439768,37.01274316],[27.0243265,37.01280805],[27.0243266,37.0129342],[27.02451293,37.01302857],[27.02481217,37.01304797],[27.02492657,37.01311715],[27.02505575,37.013258],[27.02531265,37.01339563],[27.02547059,37.01351776],[27.02549943,37.01362514],[27.02521363,37.01378561],[27.02495732,37.01392731],[27.02481392,37.0140301],[27.02458675,37.01425216],[27.0244879,37.01438084],[27.02433121,37.01453802],[27.0240516,37.0147577],[27.02393289,37.0148185],[27.02366242,37.01481639],[27.02336246,37.01476094],[27.02299119,37.01460823],[27.02257948,37.0143287],[27.02240443,37.01424475],[27.02211985,37.01411684],[27.02186234,37.01408734],[27.02164729,37.0140838],[27.02131971,37.01418226],[27.02102123,37.01427097],[27.02055052,37.01435504],[27.02033692,37.01438752],[27.02015098,37.01437423],[27.01985138,37.0143278],[27.01959422,37.01430732],[27.01938019,37.0142587],[27.01896724,37.01415206],[27.01878132,37.01413878],[27.01868097,37.0141053],[27.01828091,37.01388119],[27.0179532,37.01374536],[27.01759523,37.01355624],[27.01739598,37.0134892],[27.01713806,37.01330655],[27.01696639,37.01312169],[27.01693861,37.01300525],[27.01683784,37.01287266],[27.01672353,37.01294764],[27.01648148,37.0129538],[27.01623838,37.01295098],[27.01601037,37.01297479],[27.01592516,37.01302202],[27.0157396,37.01301772],[27.01568168,37.01297414],[27.01558268,37.01281447],[27.01556714,37.01265267],[27.01552394,37.01253662],[27.01532469,37.01254169],[27.015196,37.01264408],[27.01496804,37.01270394],[27.01474001,37.01270974],[27.01454005,37.01271483],[27.01431198,37.01259449],[27.01409718,37.0124197],[27.01389821,37.01227159],[27.01372659,37.01214077],[27.01372549,37.01200564],[27.01372467,37.01180743],[27.01366707,37.01166474],[27.01350988,37.01157861],[27.01308148,37.0114363],[27.01281132,37.01135306],[27.01239628,37.01122844],[27.01196893,37.0110771],[27.01172509,37.01096614],[27.01151172,37.0108274],[27.01125411,37.0105636],[27.01125372,37.01046449],[27.01128093,37.01015744],[27.01132361,37.0099581],[27.01132207,37.00970585],[27.01126547,37.00942794],[27.01127868,37.00924738],[27.01125794,37.0090879],[27.01124947,37.00902285],[27.01106276,37.00882934],[27.01078392,37.00870742],[27.0105771,37.0085974],[27.01044874,37.00850253],[27.01023432,37.00833677],[27.01019144,37.00817568],[27.01004864,37.00809818],[27.00977777,37.00794286],[27.00954871,37.00790362],[27.00934873,37.00781858],[27.00923431,37.00769534],[27.00899152,37.00761138],[27.00870594,37.00747446],[27.00840701,37.00731985],[27.00816328,37.00706238],[27.00810554,37.00697607],[27.00801919,37.00687012],[27.00787783,37.0068647],[27.00762069,37.00680814],[27.00736321,37.0067606],[27.0071492,37.0066579],[27.00709224,37.006371],[27.00704792,37.00608377],[27.00706114,37.00586717],[27.00715922,37.00557633],[27.00725981,37.00538455],[27.00735897,37.00519281],[27.00741501,37.00495711],[27.00744366,37.0047221],[27.00745648,37.00438838],[27.00765552,37.00396883],[27.00778344,37.00375832],[27.00785421,37.00361236],[27.00788146,37.00337737],[27.00785335,37.00323392],[27.00775263,37.00311933],[27.00762422,37.0030505],[27.00722467,37.00296151],[27.00701108,37.00301198],[27.0069112,37.00314967],[27.00674078,37.00328015],[27.0066261,37.00331009],[27.0064269,37.00335118],[27.00617122,37.0033847],[27.00583675,37.00353235],[27.00565028,37.00360928],[27.00557153,37.00363418],[27.00530147,37.00369509],[27.0050444,37.00372864],[27.00473085,37.00379068],[27.00455972,37.00386708],[27.00428939,37.00418931],[27.00420467,37.00451585],[27.00419107,37.00472344],[27.00416312,37.00497645],[27.00396437,37.00529687],[27.00370987,37.00564574],[27.00345321,37.00592256],[27.00336047,37.00610036],[27.0033246,37.00616912],[27.00326891,37.00641382],[27.00328377,37.0066613],[27.0033133,37.00684523],[27.00341754,37.00721436],[27.00347908,37.0075198],[27.00354686,37.00778633],[27.00368629,37.00802522],[27.00388561,37.00818237],[27.00401546,37.00834127],[27.00412362,37.00856607],[27.00418679,37.00869737],[27.00423217,37.0090116],[27.00434558,37.00927003],[27.00456274,37.00952032],[27.00467509,37.00959511],[27.00494631,37.00974143],[27.00514702,37.00989854],[27.00528955,37.01012921],[27.00546013,37.01047887],[27.00560947,37.01071093],[27.00576276,37.01096423],[27.0058053,37.01113437],[27.00590581,37.01154633],[27.00608769,37.01213217],[27.0061366,37.01227035],[27.00629263,37.01258947],[27.00636659,37.01276013],[27.00650974,37.01315394],[27.00655419,37.01338614],[27.00655436,37.01376458],[27.00655667,37.01416102],[27.00655607,37.01443135],[27.00657059,37.01472836],[27.00663003,37.01502421],[27.00671613,37.01539146],[27.00683061,37.01562286],[27.00691665,37.01580991],[27.00704509,37.01595081],[27.00724582,37.01608991],[27.00740268,37.01618505],[27.00756027,37.01637028],[27.0112069,37.02042371],[27.01233757,37.02080038],[27.01755578,37.02222549],[27.01920444,37.02261324],[27.0196277,37.02270499],[27.02184704,37.02302864],[27.02237336,37.02308885],[27.02935141,37.02367891],[27.02994668,37.02371796],[27.03054376,37.02372955],[27.03125581,37.02372347],[27.03182875,37.02371784],[27.03200556,37.02371332],[27.03312401,37.02364882],[27.03420799,37.02352534],[27.03524741,37.02336191],[27.03617462,37.02316643],[27.03681919,37.02299886],[27.03778219,37.02271369],[27.03845189,37.02248122],[27.03905449,37.02225006],[27.03971529,37.02197421],[27.04046691,37.02160897],[27.04118844,37.02122489],[27.14087246,36.9661582],[27.1464333,36.96294311],[27.14618121,36.95646577],[27.14579766,36.95626873],[27.14571465,36.95612673],[27.14571912,36.95577519],[27.14566466,36.95556038],[27.14552439,36.95537487],[27.14529916,36.95511953],[27.14503261,36.95473014],[27.1448357,36.95444702],[27.14470521,36.95424322],[27.14462059,36.95401119],[27.14458664,36.95371475],[27.14461906,36.95347961],[27.14472814,36.95319739],[27.14479417,36.95309652],[27.14495704,36.95289397],[27.14516136,36.95272633],[27.1453276,36.95262282],[27.14557637,36.95242901],[27.14571744,36.95234218],[27.14587487,36.95221185],[27.14594892,36.95194858],[27.14578159,36.95171875],[27.14555546,36.95154452],[27.14529966,36.95139812],[27.14501661,36.95130651],[27.14479064,36.95118635],[27.14429507,36.95087508],[27.14404031,36.95073767],[27.14365781,36.95051353],[27.14345975,36.95033858],[27.14315233,36.94999278],[27.14306094,36.94976981],[27.14302829,36.94953904],[27.1429165,36.94937981],[27.14263233,36.94924317],[27.14234954,36.94910648],[27.14210629,36.94909491],[27.14185,36.94920981],[27.14162004,36.94935106],[27.14141908,36.94944649],[27.14120387,36.94960538],[27.14124513,36.94972141],[27.14145623,36.94994109],[27.1416236,36.95018896],[27.14181899,36.95058927],[27.14182919,36.95092239],[27.14176747,36.95123039],[27.141554,36.95138021],[27.14138007,36.95150196],[27.14127881,36.95168486],[27.14132014,36.95183695],[27.14124388,36.9522174],[27.14107109,36.95238417],[27.14105258,36.95273608],[27.14116339,36.95292237],[27.14128852,36.95325246],[27.14131521,36.95344098],[27.14121053,36.95381318],[27.14103683,36.95404304],[27.14092056,36.95425338],[27.1407472,36.95447421],[27.14041802,36.95460908],[27.14020303,36.95470488],[27.14002902,36.95496178],[27.14016993,36.95512925],[27.14047946,36.95547247],[27.14060407,36.95572148],[27.14075969,36.95587054],[27.14094203,36.95607295],[27.14116452,36.95651761],[27.14117792,36.95670646],[27.14111734,36.95690632],[27.14088711,36.95709262],[27.1407247,36.95720506],[27.14041803,36.95737536],[27.14007969,36.95749244],[27.13979271,36.95754508],[27.13949905,36.95757088],[27.13927681,36.95755874],[27.13898685,36.95752136],[27.13877643,36.95747286],[27.13850703,36.95737186],[27.13825895,36.95724327],[27.13813677,36.95715639],[27.13786731,36.95701934],[27.13773721,36.95716696],[27.1376778,36.95741185],[27.13767353,36.95771829],[27.13764309,36.95789932],[27.1375972,36.95808073],[27.13743979,36.95822906],[27.13723875,36.95830648],[27.1368115,36.95832678],[27.13659069,36.95833262],[27.13629761,36.95830433],[27.13601214,36.95823979],[27.1358356,36.95818953],[27.13554523,36.95806291],[27.1353073,36.95792503],[27.13514511,36.95780317],[27.13495616,36.95762794],[27.13483564,36.95747794],[27.13470409,36.95726517],[27.13464455,36.95713157],[27.13464678,36.95701438],[27.13460613,36.95684424],[27.1344509,36.9567042],[27.13422558,36.95656596],[27.13397072,36.95637446],[27.13368999,36.95604848],[27.13342139,36.95583031],[27.13317369,36.95574919],[27.13278404,36.95558584],[27.1325707,36.95548333],[27.1323859,36.95544314],[27.13232714,36.95566998],[27.13232221,36.95599449],[27.13236172,36.9562908],[27.13241494,36.95661378],[27.13252434,36.95697133],[27.13263533,36.95724772],[27.13271754,36.95750685],[27.13282513,36.95800862],[27.13292083,36.95835751],[27.1329747,36.95864443],[27.13295677,36.95896028],[27.13292693,36.95910523],[27.13278049,36.95931635],[27.13246563,36.95944181],[27.13210868,36.95955035],[27.13180846,36.95963936],[27.13135211,36.95966944],[27.13101175,36.95965138],[27.13072598,36.95961388],[27.13035074,36.9593686],[27.12999036,36.95909498],[27.1297099,36.95888279],[27.1295686,36.95877037],[27.12922825,36.95859914],[27.12885761,36.95852781],[27.12844831,36.95838797],[27.12819237,36.95820294],[27.12798063,36.95801932],[27.12756949,36.95784994],[27.1271859,36.95778797],[27.12694393,36.95772224],[27.12684408,36.95775191],[27.12671495,36.95785445],[27.12668313,36.95807153],[27.12669418,36.95834157],[27.12672181,36.95848501],[27.1268186,36.95868969],[27.12681648,36.95886097],[27.12681498,36.95897813],[27.12665738,36.95905438],[27.12619984,36.95917456],[27.12591415,36.95917309],[27.12567263,36.95917044],[27.12527456,36.95904575],[27.12512102,36.95886058],[27.12493893,36.95859506],[27.12477072,36.95825707],[27.12467366,36.95809744],[27.1245475,36.95794758],[27.12439121,36.95795169],[27.12423459,36.95798285],[27.12399099,36.95799829],[27.12383429,36.95797538],[27.12360791,36.95782815],[27.12345457,36.95756188],[27.1233696,36.95749202],[27.12319891,36.9574875],[27.12287043,36.95765834],[27.12236831,36.95792386],[27.12215391,36.95798358],[27.12163905,36.95800613],[27.12135573,36.95795951],[27.12106979,36.9580031],[27.1208569,36.95792759],[27.12057466,36.95771875],[27.12014953,36.95754971],[27.11987822,36.95755685],[27.11953523,36.95764697],[27.11927798,36.95765374],[27.11893839,36.95750047],[27.11876954,36.95736975],[27.11865699,36.95715645],[27.11856075,36.95686163],[27.11849393,36.95656602],[27.1183782,36.95672225],[27.11814638,36.95702569],[27.11801628,36.9571913],[27.11784468,36.95726791],[27.11763175,36.95717439],[27.11742099,36.95692763],[27.11735312,36.95662304],[27.11728592,36.95630042],[27.11727417,36.95601238],[27.11720791,36.95562667],[27.11718192,36.95540208],[27.11717102,36.95520413],[27.11714537,36.95497052],[27.11693457,36.95470574],[27.11670678,36.95472976],[27.11649148,36.95487057],[27.11634637,36.95506361],[27.11603029,36.95529718],[27.11568825,36.95532417],[27.1153183,36.95523475],[27.11509289,36.95502443],[27.11481032,36.95478857],[27.11451203,36.95478739],[27.11430974,36.9549729],[27.11402205,36.95519672],[27.11382119,36.95538221],[27.1134436,36.9555938],[27.11318913,36.95571416],[27.11296139,36.95577421],[27.1127903,36.95574265],[27.11242354,36.95547294],[27.11218173,36.95530808],[27.11191343,36.95521601],[27.11162808,36.95518744],[27.11138498,36.95528393],[27.11112796,36.95541681],[27.11065563,36.95551931],[27.11037028,36.95549074],[27.11001733,36.95530176],[27.1098194,36.95516277],[27.10947787,36.95508163],[27.10926227,36.95526748],[27.10904633,36.95544436],[27.10854467,36.95560167],[27.10826026,36.95571724],[27.10791659,36.95580735],[27.1077333,36.95563193],[27.10783687,36.95533187],[27.1079391,36.95506788],[27.10814039,36.95490942],[27.10838602,36.95466871],[27.1083751,36.95443472],[27.1082343,36.95428522],[27.10832223,36.95406665],[27.10832368,36.95389542],[27.10825639,36.95368993],[27.10808706,36.95346009],[27.10814677,36.95334138],[27.10843287,36.95319873],[27.10858942,36.95311352],[27.10879337,36.95290094],[27.10906756,36.95255134],[27.10921199,36.95237635],[27.10941391,36.95218184],[27.10974472,36.95194789],[27.10964915,36.95161701],[27.10953702,36.95143072],[27.10929704,36.95129283],[27.10912794,36.95118914],[27.10890154,36.95100585],[27.10873324,36.95076696],[27.10869305,36.95062385],[27.10889652,36.95033017],[27.1091248,36.95019806],[27.10929744,36.95011241],[27.1093018,36.94980592],[27.1092897,36.94949088],[27.10922258,36.94918626],[27.10913958,36.94902624],[27.10904207,36.94878552],[27.10910215,36.94846857],[27.1092197,36.94833935],[27.10939704,36.94814546],[27.10954963,36.94801531],[27.10977648,36.9478652],[27.11002368,36.94773257],[27.11035743,36.94760667],[27.11063877,36.94753622],[27.11092888,36.94749258],[27.11122328,36.94748486],[27.11144083,36.94724488],[27.11162926,36.94697861],[27.11164595,36.94669885],[27.11179172,36.94648777],[27.11207853,36.94636312],[27.11237939,36.94625611],[27.11262047,36.94623176],[27.11290637,36.94618822],[27.11335017,36.94605943],[27.11352237,36.94592876],[27.11409563,36.94567043],[27.1143674,36.94557319],[27.1145951,36.94551314],[27.11499749,36.94534939],[27.11526984,36.94518005],[27.11549973,36.94498479],[27.11595972,36.94470241],[27.11623119,36.94463219],[27.11655954,36.94461456],[27.11675889,36.94458229],[27.1170734,36.94448391],[27.11750233,36.94426541],[27.11810235,36.94386059],[27.11833769,36.9436217],[27.11902326,36.94321874],[27.11941759,36.94296223],[27.11970249,36.94276586],[27.12018935,36.94243768],[27.12055007,36.94213083],[27.12096908,36.94169823],[27.12124164,36.94145486],[27.12155791,36.94117623],[27.12176068,36.94091859],[27.12202082,36.94058504],[27.12231073,36.9403004],[27.12255519,36.94003266],[27.12286514,36.93975417],[27.12308709,36.93945097],[27.1231766,36.93916928],[27.12318608,36.93898883],[27.12314777,36.93875555],[27.12307912,36.93858615],[27.12293995,36.93837356],[27.12285218,36.93828575],[27.12275249,36.93819828],[27.12246513,36.93801664],[27.12233793,36.93801094],[27.12210971,36.9379719],[27.12209659,36.93789114],[27.12186936,36.93780703],[27.12155893,36.93764398],[27.12156012,36.93753583],[27.1217479,36.93732363],[27.12192123,36.93706678],[27.12206744,36.93674756],[27.12220157,36.93633854],[27.12244579,36.93613388],[27.12261884,36.93592207],[27.12286524,36.93558219],[27.12302448,36.93530769],[27.12316872,36.93523179],[27.12338436,36.935118],[27.12372714,36.93497382],[27.12397114,36.93485024],[27.12397329,36.934697],[27.12387494,36.93457344],[27.12381834,36.93447582],[27.12381996,36.9344127],[27.12408017,36.93415354],[27.12424447,36.93395099],[27.12442913,36.93376592],[27.1246842,36.93355195],[27.12490535,36.93340196],[27.1251423,36.93326055],[27.12539153,36.93312783],[27.12571923,36.93299307],[27.12606277,36.93288488],[27.12634647,36.93282336],[27.12670799,36.93275976],[27.12685893,36.93272875],[27.12690422,36.93260139],[27.12699211,36.93238285],[27.12706471,36.93223675],[27.12722535,36.9319622],[27.12752592,36.93174703],[27.12767044,36.9316441],[27.12805784,36.93140862],[27.1282447,36.93127754],[27.12841837,36.93099875],[27.1285918,36.93084489],[27.12896553,36.93060077],[27.12919328,36.93059476],[27.12936393,36.93059927],[27.12963356,36.93069127],[27.1298735,36.93082911],[27.13027644,36.93108045],[27.1305531,36.93127074],[27.13073434,36.93145296],[27.13083242,36.93167529],[27.13088775,36.93180256],[27.1309852,36.93200722],[27.13143707,36.93228364],[27.13169241,36.93240306],[27.13194711,36.93255853],[27.13217283,36.93275982],[27.13235706,36.93289012],[27.13262606,36.93301818],[27.13274018,36.93296109],[27.13304115,36.93277294],[27.13331341,36.93260356],[27.13375791,36.93235753],[27.1339725,36.93225275],[27.13421741,36.93208409],[27.13440578,36.93183584],[27.13436542,36.93163866],[27.13423782,36.93160598],[27.1340955,36.9315737],[27.1340272,36.93141331],[27.13414362,36.93113351],[27.13427514,36.93083908],[27.13437699,36.93062015],[27.13429249,36.93057732],[27.13402162,36.93057547],[27.13382231,36.93060777],[27.13357979,36.93057813],[27.13341038,36.93050149],[27.13324025,36.93040687],[27.13311519,36.93024798],[27.13304486,36.93012369],[27.13293348,36.92997344],[27.13289785,36.92985726],[27.13278867,36.92957179],[27.13267502,36.92934953],[27.13257627,36.92919895],[27.13246523,36.92903969],[27.13225658,36.92879289],[27.13216392,36.92870523],[27.13191366,36.92848656],[27.13175082,36.92836471],[27.13152103,36.92821759],[27.1312878,36.92808859],[27.13110529,36.92794926],[27.13107742,36.92785084],[27.13113669,36.92770511],[27.1312524,36.9275669],[27.13149752,36.92733517],[27.13175014,36.9271213],[27.13195209,36.92694146],[27.13210227,36.9268056],[27.13240384,36.92658137],[27.13273353,36.92641048],[27.13296304,36.92624223],[27.13309374,36.92607659],[27.13306638,36.92588808],[27.1328822,36.9257758],[27.13274181,36.92565335],[27.13265806,36.92547536],[27.13248897,36.92537168],[27.13229046,36.92526882],[27.132121,36.92515611],[27.13208093,36.92491391],[27.13209808,36.92473324],[27.13222781,36.92459465],[27.13251533,36.9243708],[27.13264506,36.92425023],[27.13275983,36.92417512],[27.13276253,36.92394978],[27.13266771,36.92367277],[27.13268333,36.92343775],[27.13281329,36.9232366],[27.13300218,36.92291623],[27.13300562,36.92269088],[27.13310072,36.9224078],[27.13314646,36.92228733],[27.13252432,36.92106458],[27.13206014,36.92023367],[27.13121364,36.91878304],[27.12961974,36.91626396],[27.1284414,36.91462552],[26.9904067,36.91669764],[26.92929903,36.87740223],[26.92808099,36.87670757],[26.92675148,36.87616051],[26.92533803,36.87577237],[26.92475566,36.87566353],[26.92357236,36.87552747],[26.92267639,36.87549767],[26.92120588,36.87557388],[26.92039728,36.87567713],[26.91896572,36.87595428],[26.91791948,36.87625069],[26.91688357,36.87654892],[26.91542818,36.87707139],[26.91395216,36.87779432],[26.91285096,36.87854113],[26.91195252,36.87933748],[26.91093174,36.88053288],[26.91018404,36.88185223],[26.90999966,36.88231275],[26.9092037,36.8846419],[26.90901393,36.88529221],[26.90865362,36.88708214],[26.90030508,36.94007382],[26.89877044,36.9498106],[26.87149402,37.00157728],[26.87127039,37.00202175],[26.87107909,37.00247582],[26.87092077,37.00293798],[26.87079596,37.0034067],[26.87067243,37.00411866],[26.87063294,37.0045969],[26.87062611,37.00483651],[26.86979451,37.07489952],[26.86982767,37.0749393],[26.86995426,37.07487372],[26.86996996,37.07486559],[26.8717228,37.07458816],[26.87615388,37.07412996]],[[26.92082171,36.88831782],[26.9204228,36.8883006],[26.91998046,36.88830247],[26.91972403,36.88836285],[26.91946695,36.88836917],[26.91922526,36.88837512],[26.91901095,36.88832631],[26.91892553,36.88829237],[26.91895541,36.88815647],[26.91909749,36.88785559],[26.91914037,36.88769233],[26.91918325,36.88749304],[26.91925521,36.88728401],[26.91931244,36.88711138],[26.91919838,36.88697003],[26.91921317,36.88686153],[26.91941397,36.88670339],[26.91952759,36.88652036],[26.91952738,36.88636717],[26.9194991,36.88623271],[26.91954232,36.88607845],[26.91965689,36.88601255],[26.91975542,36.88587496],[26.91979939,36.88563059],[26.91978627,36.88537859],[26.9199427,36.8851044],[26.92004332,36.88496676],[26.91997159,36.88488743],[26.91997178,36.88463511],[26.92024299,36.88446624],[26.92078632,36.88429968],[26.92131277,36.88422365],[26.92161223,36.88417121],[26.92196923,36.88399122],[26.92214024,36.88389689],[26.92245439,36.88386213],[26.92269538,36.88383818],[26.9230237,36.88408242],[26.92317902,36.88431288],[26.92320824,36.88460052],[26.92319934,36.88483562],[26.92317869,36.88524105],[26.92317846,36.88554745],[26.9232063,36.88578105],[26.92319135,36.88612385],[26.92297689,36.8862733],[26.92277679,36.88641339],[26.92270611,36.8867846],[26.92277632,36.8870442],[26.92296102,36.88734604],[26.92324545,36.88772652],[26.92344425,36.88793788],[26.92374458,36.88818281],[26.92392905,36.88831343],[26.92348727,36.88849553],[26.92323045,36.88861899],[26.92290255,36.88869917],[26.92261675,36.8887062],[26.92217514,36.88865399],[26.92180465,36.88857299],[26.92147654,36.88846391],[26.92106751,36.88833202],[26.92082171,36.88831782]],[[26.96076836,36.92482462],[26.96088812,36.92483173],[26.96099999,36.92485566],[26.96115012,36.92494129],[26.96121037,36.9250357],[26.96112005,36.92513892],[26.96096653,36.9252336],[26.9607973,36.92524236],[26.96077829,36.92524335],[26.96066074,36.92519428],[26.96062035,36.92517742],[26.96051431,36.92508334],[26.96048508,36.92497807],[26.96049355,36.92487186],[26.96058558,36.92483201],[26.96076836,36.92482462]],[[26.93485885,36.93174814],[26.93505861,36.9317432],[26.93531618,36.93172781],[26.93551457,36.9317229],[26.93588493,36.93175879],[26.93618453,36.93177843],[26.93644208,36.93181711],[26.936611,36.93181293],[26.93676977,36.93178196],[26.93692648,36.93171501],[26.93711148,36.93171043],[26.93722535,36.93175268],[26.9372961,36.93184102],[26.9373956,36.93189263],[26.93751016,36.93195288],[26.93761069,36.93199544],[26.93769582,36.93207444],[26.93770976,36.93221826],[26.93768234,36.93239917],[26.93758901,36.93247256],[26.93746847,36.93256667],[26.93735452,36.93266861],[26.93729771,36.9327421],[26.93698406,36.9327769],[26.93682775,36.93279878],[26.93672819,36.9328373],[26.93657187,36.93291325],[26.93637168,36.93305337],[26.93618731,36.93313003],[26.9360296,36.93315195],[26.93571631,36.93314169],[26.93555969,36.93310048],[26.93541814,36.93306795],[26.9351462,36.93298456],[26.93484666,36.93289285],[26.93464624,36.93282572],[26.9345611,36.93280079],[26.93438977,36.93272394],[26.93429067,36.93262727],[26.93419079,36.93262071],[26.9341628,36.93253129],[26.93414775,36.93246858],[26.93414781,36.93232443],[26.93418999,36.93216117],[26.9342896,36.93201451],[26.93440318,36.93192161],[26.93455988,36.93185465],[26.93473058,36.93176932],[26.93485885,36.93174814]],[[27.09539204,36.93285088],[27.0951492,36.93284821],[27.09492241,36.93280907],[27.09473629,36.93276888],[27.09466715,36.93268958],[27.09465506,36.93258175],[27.09471307,36.93249013],[27.09486998,36.93243198],[27.09496952,36.9324474],[27.09508271,36.93245347],[27.09528246,36.93246627],[27.09536743,36.9325722],[27.09543695,36.93267851],[27.09543507,36.9328047],[27.09539204,36.93285088]],[[27.09697341,36.94532562],[27.09683255,36.9453293],[27.09668865,36.94543217],[27.09659904,36.94571385],[27.09658295,36.94595755],[27.09658034,36.94608377],[27.09669297,36.94616194],[27.09689089,36.94633698],[27.09713126,36.94651993],[27.09728011,36.9467077],[27.09732721,36.94676712],[27.09745217,36.94709727],[27.09749046,36.94738461],[27.09753012,36.94763586],[27.09771239,36.94787441],[27.09791028,36.94801342],[27.09816369,36.94824108],[27.09830375,36.94837258],[27.09830301,36.94856182],[27.09810172,36.94872027],[27.09782816,36.94882653],[27.09772674,36.94895533],[27.09766906,36.94905595],[27.09766814,36.94913706],[27.09773843,36.94926138],[27.09773694,36.9494146],[27.09764955,36.94956107],[27.09744827,36.94971949],[27.09728806,36.94992193],[27.09731493,36.95006539],[27.09745404,36.95025999],[27.09760821,36.95046323],[27.09756395,36.95061757],[27.09740638,36.95071178],[27.0972485,36.95083304],[27.09713393,36.95086307],[27.09707817,36.95083749],[27.09702091,36.9507579],[27.09699412,36.95065047],[27.09693919,36.95050773],[27.0967984,36.95034018],[27.09657147,36.95022898],[27.09632995,36.95022626],[27.09615733,36.95032988],[27.09607153,36.95037718],[27.09589987,36.95043573],[27.09575625,36.95047552],[27.09561464,36.95046119],[27.09534401,36.9504322],[27.09515774,36.95054519],[27.09495642,36.95068562],[27.09481316,36.95075243],[27.094599,36.95074899],[27.09441356,36.95072679],[27.09430195,36.95062158],[27.09417427,36.95055283],[27.09394826,36.95048291],[27.09384715,36.95048023],[27.09367707,36.95042161],[27.09349164,36.95041744],[27.09337814,36.95045644],[27.09323479,36.95045117],[27.09320839,36.95037075],[27.09320762,36.95033473],[27.09318083,36.95022729],[27.09306685,36.95018522],[27.09298172,36.95021447],[27.09286774,36.95017239],[27.09286871,36.95010929],[27.09284095,36.95006495],[27.09268469,36.95010508],[27.09256776,36.95019823],[27.09248231,36.95023651],[27.09236771,36.95024849],[27.09221271,36.95018046],[27.09221466,36.9500903],[27.0923151,36.94998856],[27.09238754,36.9499236],[27.0925314,36.94978467],[27.0925747,36.94969345],[27.09260432,36.94957554],[27.09267644,36.94951959],[27.09279135,36.94948055],[27.09289158,36.94947794],[27.0930622,36.94944645],[27.09313597,36.9493274],[27.09322233,36.94918997],[27.09340862,36.949077],[27.09353759,36.94907363],[27.09367963,36.94911499],[27.09388002,36.94907371],[27.09386585,36.949002],[27.09405313,36.94882591],[27.09426815,36.94871217],[27.09441207,36.94862733],[27.09454126,36.94852484],[27.09462798,36.94841444],[27.09475914,36.94823982],[27.0948768,36.94795741],[27.09499286,36.94775615],[27.09523782,36.94751548],[27.09535526,36.94729615],[27.09541328,36.94720453],[27.09553121,36.94687707],[27.09556047,36.94675015],[27.09556171,36.94666001],[27.09549312,36.9464906],[27.09528025,36.94639703],[27.09496648,36.94636017],[27.09482487,36.9463278],[27.09475503,36.94626655],[27.09472752,36.94615915],[27.09462987,36.94601753],[27.09453128,36.94593898],[27.0945308,36.94585792],[27.09473243,36.94570848],[27.09492078,36.94557741],[27.09500654,36.9455121],[27.09507958,36.94537504],[27.09508265,36.94511],[27.09506924,36.94503289],[27.09497024,36.94492735],[27.09474376,36.94487919],[27.09464444,36.94478266],[27.09458992,36.94464893],[27.09460583,36.94452236],[27.0945633,36.94444236],[27.09433162,36.94429226],[27.09421043,36.94425333],[27.09403835,36.94423076],[27.09386963,36.94413606],[27.09374291,36.94402224],[27.09364452,36.94384458],[27.09360412,36.94378256],[27.09340619,36.9436075],[27.09332099,36.9435827],[27.0931924,36.94359506],[27.09307594,36.94375128],[27.09308972,36.94383201],[27.09310386,36.94390372],[27.0931013,36.94406598],[27.09305694,36.94416628],[27.09279719,36.94435325],[27.09264129,36.94440238],[27.09246995,36.94441585],[27.09225623,36.94445746],[27.09211103,36.94461443],[27.09202392,36.94471582],[27.09189443,36.94484535],[27.09181,36.94485655],[27.09159607,36.94477202],[27.09149719,36.94473855],[27.09133926,36.94482375],[27.09122451,36.94495291],[27.09100815,36.9451027],[27.09089254,36.94514177],[27.09073696,36.94514582],[27.09065367,36.9449948],[27.0906963,36.94492161],[27.09081151,36.94485553],[27.09088398,36.94479057],[27.09095703,36.94467154],[27.09094327,36.94460882],[27.09078591,36.94460389],[27.09060123,36.94461773],[27.09047223,36.94460306],[27.09033152,36.94447156],[27.0903198,36.94437276],[27.09041982,36.94424399],[27.09054974,36.9441595],[27.09060807,36.94404086],[27.09061088,36.94379749],[27.09069829,36.94366906],[27.09082749,36.9435846],[27.09107153,36.94342506],[27.09121448,36.9434033],[27.09137184,36.94340823],[27.09147035,36.94343268],[27.09157121,36.943376],[27.09160148,36.94324004],[27.09173094,36.94311053],[27.09187382,36.9430347],[27.09198906,36.94298666],[27.09213202,36.9429649],[27.09218946,36.94294539],[27.09236231,36.94276066],[27.09243463,36.94262362],[27.09229548,36.94237494],[27.09206914,36.9421736],[27.09183112,36.94190947],[27.09171976,36.94172314],[27.0916935,36.94150756],[27.09175378,36.94128072],[27.09176938,36.94116319],[27.09170103,36.94091266],[27.09170359,36.94076841],[27.091791,36.94063998],[27.09179252,36.94046875],[27.09180878,36.94033317],[27.09198128,36.94015747],[27.09206867,36.94001103],[27.09209867,36.93992012],[27.09211616,36.93965835],[27.09213265,36.93945969],[27.09221976,36.93934027],[27.09229274,36.93916717],[27.09226655,36.93900566],[27.09223905,36.93889823],[27.09214111,36.93878366],[27.09212875,36.9387209],[27.09212864,36.93864883],[27.09221569,36.93851138],[27.09228871,36.93835631],[27.0923043,36.93823875],[27.09233422,36.93811182],[27.09233645,36.93797661],[27.09219508,36.93786314],[27.0920104,36.93785895],[27.09189684,36.93784388],[27.09182597,36.93779167],[27.09179946,36.93763917],[27.09174392,36.93753248],[27.09158692,36.93751856],[27.09140189,36.93752338],[27.09125863,36.93755415],[27.09114576,36.93753906],[27.09101965,36.9373351],[27.09116485,36.93717813],[27.09119536,36.93696108],[27.09136785,36.93678538],[27.09154049,36.93669978],[27.0919128,36.93655492],[27.09205565,36.93649713],[27.09224264,36.93640216],[27.09248656,36.93618855],[27.0926738,36.93603048],[27.09290309,36.93587132],[27.09311846,36.93578461],[27.09326265,36.9356547],[27.09342251,36.93546131],[27.09356628,36.93530437],[27.09372509,36.93512003],[27.09388293,36.93498075],[27.09405784,36.93479597],[27.0941586,36.93468522],[27.09425861,36.93455646],[27.09430337,36.93448319],[27.09433336,36.93439232],[27.09414922,36.93427997],[27.09404966,36.93424652],[27.09405091,36.93415639],[27.09418038,36.93402685],[27.09451063,36.93391913],[27.09468246,36.93376146],[27.09479668,36.93375848],[27.09498037,36.93380776],[27.09513862,36.93371352],[27.0952534,36.93362041],[27.09541011,36.93366139],[27.09550936,36.93372188],[27.09557924,36.93383718],[27.09557633,36.93397242],[27.09569003,36.93407757],[27.09584615,36.93419065],[27.09594302,36.93429626],[27.09597087,36.93439465],[27.09608315,36.93449985],[27.0962967,36.93459339],[27.09640768,36.93475269],[27.09673283,36.93495146],[27.09708782,36.93510445],[27.0973142,36.93518859],[27.09763627,36.93533405],[27.09789523,36.93543474],[27.09814792,36.93566242],[27.09833179,36.93583784],[27.09866916,36.93621649],[27.09883857,36.93632922],[27.09889423,36.93650796],[27.09881991,36.93669914],[27.09881811,36.93689742],[27.09881397,36.93715885],[27.09865648,36.9372891],[27.09836882,36.9375309],[27.09813655,36.93778927],[27.09786228,36.93808478],[27.09767443,36.93829692],[27.09764482,36.93841482],[27.09761396,36.93862289],[27.09754063,36.93878699],[27.09739585,36.93895297],[27.09712211,36.93915837],[27.09693437,36.93944259],[27.09691522,36.93974948],[27.09695416,36.94000075],[27.09718085,36.94019307],[27.09744985,36.9403212],[27.09766279,36.94046883],[27.09778915,36.94059168],[27.09757326,36.94080456],[27.09744145,36.94099723],[27.09745402,36.94118613],[27.09729576,36.94128037],[27.0971079,36.94149252],[27.09709123,36.94158306],[27.09726171,36.94168675],[27.09741615,36.94184491],[27.09733011,36.94195529],[27.09702894,36.9420893],[27.09695565,36.94227144],[27.09699562,36.94251367],[27.09709358,36.94262826],[27.09709243,36.94279048],[27.09697593,36.94291067],[27.09708997,36.94300681],[27.09708669,36.94315106],[27.09704147,36.94336851],[27.09712713,36.94345638],[27.09712477,36.94351952],[27.09699666,36.94361297],[27.09685115,36.94379698],[27.09689339,36.94392202],[27.09671822,36.9441699],[27.09673039,36.94433177],[27.096643,36.94447822],[27.0965697,36.94466035],[27.09663988,36.9447306],[27.09663835,36.9448658],[27.09678007,36.94495219],[27.09692113,36.94505665],[27.09702076,36.94512615],[27.09703255,36.945261],[27.09697341,36.94532562]],[[26.90885219,36.97470505],[26.90919405,36.97472371],[26.90940829,36.97474549],[26.90973683,36.97474644],[26.9100205,36.97474851],[26.91030737,36.9746874],[26.91079103,36.97454037],[26.91123295,36.97440337],[26.91154616,36.97427853],[26.91168998,36.97422092],[26.91184536,36.97415403],[26.91213101,36.97430021],[26.91231774,36.97448487],[26.91260295,36.97474821],[26.91291697,36.97493874],[26.91314471,36.97514941],[26.91337317,36.97534206],[26.91371654,36.97567604],[26.91390078,36.97592383],[26.91390136,36.97608601],[26.91381628,36.97635845],[26.91368882,36.97660487],[26.91360276,36.97679622],[26.91340414,36.97694529],[26.91316145,36.9770053],[26.91287567,36.97702134],[26.91266273,36.9771437],[26.9126051,36.97728931],[26.91260628,36.97757764],[26.91260651,36.97773083],[26.91253546,36.97798487],[26.91247854,36.97814848],[26.91237879,36.97834917],[26.91212164,36.97845463],[26.91188072,36.97848756],[26.91168089,36.97843839],[26.91149484,36.97827175],[26.91128133,36.97823192],[26.91096719,36.97814952],[26.91063907,36.97806747],[26.91033938,36.97792163],[26.91022561,36.97769914],[26.91008203,36.97745035],[26.91001057,36.97736199],[26.90973932,36.97720644],[26.90961112,36.97702935],[26.90951172,36.97679752],[26.90938315,36.97666551],[26.90919705,36.97657094],[26.90881119,36.97633709],[26.90872544,36.97613194],[26.9085969,36.97596388],[26.90841157,36.9757792],[26.9082693,36.97567454],[26.90805516,36.97556263],[26.90788346,36.97542267],[26.90772646,36.97531839],[26.90771084,36.97514755],[26.90772567,36.97502103],[26.90776889,36.97492085],[26.90794006,36.97484455],[26.90823923,36.97477416],[26.90855379,36.97473941],[26.90885219,36.97470505]],[[27.09701172,36.95380378],[27.09688414,36.95380711],[27.0967424,36.9537207],[27.09661275,36.9537421],[27.09647113,36.95372778],[27.0963445,36.95364998],[27.09613196,36.95358344],[27.09594644,36.95350718],[27.09570655,36.95342335],[27.09540809,36.95331398],[27.09533819,36.95319867],[27.09542495,36.95310631],[27.09575366,36.95306167],[27.09605261,36.95304486],[27.09612536,36.95295285],[27.09612659,36.9528447],[27.09618593,36.95269897],[27.09634344,36.9525507],[27.09651549,36.95251917],[27.0967854,36.95253016],[27.097155,36.95264666],[27.09732409,36.95275037],[27.09732321,36.95286754],[27.09750575,36.95302496],[27.09767513,36.95308362],[27.09777485,36.95318914],[27.09774485,36.95328003],[27.09764503,36.95332769],[27.09751573,36.9533581],[27.09733209,36.95336289],[27.09734353,36.95350677],[27.09729898,36.95370617],[27.09721218,36.95378052],[27.09701172,36.95380378]],[[26.92677852,37.02970959],[26.92687819,37.02970713],[26.92716378,37.02973612],[26.92739326,37.0297665],[26.92769289,37.02981317],[26.92797779,37.02986019],[26.92836195,37.02994984],[26.92862021,37.03001556],[26.9288198,37.03007369],[26.92899169,37.03017757],[26.92911968,37.0303276],[26.92934872,37.03047514],[26.92953433,37.03053361],[26.92973427,37.03063682],[26.92984722,37.03072414],[26.9299205,37.03080342],[26.93000571,37.03091846],[26.93009089,37.03106955],[26.93019119,37.03119323],[26.93033457,37.03146901],[26.93047763,37.03164571],[26.93069092,37.03176659],[26.93083475,37.03181711],[26.93110527,37.0318735],[26.93123405,37.03187932],[26.9314344,37.03188337],[26.93150531,37.03182757],[26.93158672,37.03182555],[26.93174989,37.03184854],[26.93182918,37.03186461],[26.93198566,37.03189678],[26.93213653,37.03194712],[26.9322807,37.03200663],[26.93241646,37.03208437],[26.93254204,37.03217137],[26.93270831,37.03231143],[26.93277635,37.03238185],[26.93283456,37.03243448],[26.93297665,37.03251206],[26.93314745,37.03267903],[26.93317653,37.03274139],[26.9331915,37.03300236],[26.93319142,37.03318257],[26.93319203,37.03338078],[26.9331786,37.03354333],[26.93316376,37.03377799],[26.93316331,37.03394921],[26.93316421,37.03426458],[26.9331655,37.03451686],[26.93318044,37.03484989],[26.9332098,37.03508348],[26.93323845,37.03533505],[26.93328146,37.03561333],[26.93330943,37.03584693],[26.93323921,37.03593878],[26.93309742,37.03596031],[26.93291109,37.03593789],[26.93271043,37.03581669],[26.932254,37.03558468],[26.93189684,37.03543131],[26.93129727,37.03516681],[26.93086855,37.03499718],[26.93036858,37.03483833],[26.9298402,37.03465313],[26.92945532,37.03452748],[26.92904025,37.03443861],[26.92869882,37.03440202],[26.92828446,37.03429507],[26.92791363,37.03415105],[26.92761334,37.0340143],[26.92741373,37.03390208],[26.92722753,37.0336814],[26.92702731,37.03338898],[26.92686989,37.03314956],[26.92669841,37.03298259],[26.92648447,37.0327716],[26.92618347,37.03263486],[26.92584244,37.03255316],[26.92548492,37.03246286],[26.92519936,37.03232572],[26.92488475,37.03210821],[26.92472836,37.03193185],[26.92457095,37.03169243],[26.9245405,37.03155802],[26.92454097,37.03135074],[26.92462738,37.03120444],[26.92482538,37.0310734],[26.92501176,37.03096968],[26.925268,37.03080116],[26.92553863,37.03064129],[26.92575262,37.03054882],[26.92584959,37.03046766],[26.92606662,37.03023178],[26.92620813,37.03007512],[26.92635139,37.02990937],[26.92653712,37.02976962],[26.92665009,37.02973077],[26.92677852,37.02970959]],[[26.9116647,37.0470316],[26.91179315,37.04702845],[26.91189249,37.047017],[26.91199216,37.04701455],[26.91207742,37.04703948],[26.91216337,37.04708243],[26.91217878,37.04715414],[26.91217942,37.0472262],[26.91207864,37.04729176],[26.91195017,37.04731295],[26.9118648,37.0474322],[26.91185035,37.04749561],[26.91179482,37.04760512],[26.91173615,37.04766964],[26.91156629,37.04765578],[26.91140804,37.04761462],[26.91135954,37.04760354],[26.91126557,37.04758207],[26.91117996,37.04754813],[26.91116731,37.04752425],[26.91113753,37.04746807],[26.91113797,37.04738697],[26.91125072,37.04724902],[26.91135186,37.04719248],[26.91142207,37.04715471],[26.9114937,37.04713492],[26.91152213,37.04712522],[26.91157902,37.04708778],[26.91165028,37.04705898],[26.9116647,37.0470316]]]}},{"type":"Feature","properties":{"source_id":"emodnet:natura2000areas/GR4210025","source_name":"EMODnet Human Activities (European Commission DG MARE)","source_version":"2020-06-30Z","feature_type":"protected_area","restriction_class":"INFORMATIONAL","classification_rule":"Natura 2000 designation does not itself prohibit navigation","upstream_layer":"emodnet:natura2000areas","resource":null,"properties":{"sitecode":"GR4210025","sitename":"ANATOLIKO TMIMA NISOU SYMIS KAI NISIDES KOULOUNDROS SESKLI, TROUMPETO, MARMARAS, KARAVALONISI, MEGALONISI, GIALESINO, OXEIA, CHONDROS, PLATY, NIMOS  KAI THALASSIA PERIOCHI NISOU SYMIS","ms":"GR","country":"Greece","sitetype":"A","sitedesc":"SPA (Special Protection Areas)","directive":"http://ec.europa.eu/environment/nature/legislation/birdsdirective/index_en.htm","area_ha":9874.98,"mar_perc":76.86,"coast_mar":1,"release_da":"2020-06-30Z","date_spa":"2001-09-30Z","date_sci":null,"date_sac":null,"shape_leng":1.09607274101,"shape_area":0.00992148762019}},"geometry":{"type":"MultiPolygon","coordinates":[[[[27.79361446,36.6315441],[27.79357889,36.63144607],[27.7935464,36.63136696],[27.79354166,36.6312661],[27.79355986,36.63115491],[27.79358366,36.63101304],[27.79361262,36.63092821],[27.79361435,36.63086713],[27.79360228,36.63081412],[27.7935839,36.6307289],[27.79358082,36.63066607],[27.79361156,36.63061741],[27.79365212,36.63057607],[27.79368021,36.63052178],[27.79367135,36.63048583],[27.79362944,36.63040326],[27.79364184,36.63036663],[27.79366294,36.63031447],[27.79373958,36.63028533],[27.7937673,36.63026694],[27.79381097,36.63019724],[27.7938026,36.63012314],[27.79376504,36.6300328],[27.79377368,36.62996769],[27.79379733,36.62991926],[27.79377385,36.62982657],[27.79372712,36.62974225],[27.79370551,36.62968763],[27.79365444,36.62961108],[27.79359332,36.62957107],[27.79350915,36.62954325],[27.79346097,36.62952571],[27.79342205,36.62950407],[27.79339902,36.62946857],[27.79332731,36.6294537],[27.79327798,36.62946099],[27.79323885,36.62948321],[27.79322191,36.6295238],[27.793201,36.62957977],[27.79312112,36.62963952],[27.79307394,36.62969061],[27.79300022,36.6297311],[27.79293716,36.62979604],[27.79287202,36.62986677],[27.79279453,36.62987877],[27.79271145,36.62992146],[27.79266069,36.62994787],[27.79261379,36.63000467],[27.7925374,36.6300872],[27.79248522,36.63013272],[27.79237332,36.6301668],[27.79228561,36.63021155],[27.79221104,36.6302349],[27.79208677,36.63025793],[27.79198992,36.63026102],[27.79191821,36.63024614],[27.79184933,36.63024071],[27.79176485,36.63025484],[27.79170265,36.63028924],[27.7916601,36.63033827],[27.79168202,36.63035092],[27.79173654,36.630353],[27.79174956,36.63037737],[27.79173934,36.63041012],[27.79172872,36.63048292],[27.79173084,36.63057439],[27.7917429,36.6306274],[27.79179798,36.6306409],[27.79183009,36.63066848],[27.79183933,36.63071205],[27.79179243,36.63076884],[27.79171389,36.63080758],[27.79158868,36.63081157],[27.79153727,36.63082465],[27.79154822,36.63085481],[27.79162152,36.63090205],[27.79169689,36.63094351],[27.79179288,36.63097096],[27.79182111,36.63101583],[27.7918002,36.6310718],[27.79173468,36.63113491],[27.79167578,36.63118828],[27.7916304,36.63122786],[27.79160062,36.63124788],[27.79157793,36.63126767],[27.79162176,36.63129297],[27.79166208,36.63134318],[27.79171422,36.631393],[27.79174179,36.63142454],[27.79172258,36.63146711],[27.79169592,36.63150228],[27.79170733,36.63154196],[27.79173621,36.63160016],[27.79177805,36.63163315],[27.79183898,36.63166935],[27.79189738,36.63165414],[27.79195454,36.63166185],[27.79203009,36.63175479],[27.79209185,36.63180813],[27.79212857,36.63188133],[27.79224042,36.6319426],[27.7923347,36.63198345],[27.79243995,36.6320068],[27.79255331,36.63205086],[27.79261623,36.63207936],[27.79272099,36.63214086],[27.79286289,36.63218782],[27.79298723,36.63221437],[27.79310022,36.63225081],[27.79319621,36.63227826],[27.79327407,36.63227387],[27.79336083,36.63225776],[27.79336803,36.63221176],[27.79338422,36.63215595],[27.79342932,36.63211065],[27.79347489,36.63207487],[27.79348682,36.63202872],[27.79348024,36.63195648],[27.79349246,36.63187315],[27.79353948,36.63180012],[27.79355029,36.63173112],[27.79359871,36.63165711],[27.79362444,36.6316029],[27.79361446,36.6315441]]],[[[27.81180758,36.64747305],[27.81185048,36.6474793],[27.81189367,36.64749127],[27.81192799,36.64746728],[27.8119487,36.6474075],[27.81199833,36.64735824],[27.81207178,36.64731203],[27.81212093,36.64730092],[27.8121387,36.64727746],[27.81212936,36.647232],[27.81213192,36.64718805],[27.81219648,36.64715357],[27.81220358,36.64710567],[27.81217346,36.64702273],[27.81213654,36.64689805],[27.81213203,36.64680666],[27.81214519,36.64673759],[27.81216573,36.64662633],[27.81218003,36.64653243],[27.81219348,36.6464214],[27.81220465,36.64636002],[27.81224653,36.64629765],[27.81228095,36.6462279],[27.81231367,36.64617155],[27.81231207,36.64613918],[27.81231255,36.64610103],[27.81232911,36.64605283],[27.81230861,36.64602106],[27.81225473,36.64603233],[27.81219122,36.64604008],[27.81210864,36.64599696],[27.81206876,36.64595629],[27.81207152,36.64591615],[27.81212955,36.64589332],[27.81214828,36.64584123],[27.81209414,36.6457991],[27.81198112,36.64576268],[27.8118525,36.64574583],[27.81174797,36.64573773],[27.81165016,36.6457218],[27.8115772,36.64572986],[27.81150925,36.64574348],[27.81142636,36.64574232],[27.81134149,36.64574885],[27.81129083,36.64577717],[27.81129743,36.6458151],[27.81128513,36.64585363],[27.81122228,36.64587471],[27.81115404,36.64588262],[27.81107815,36.64587933],[27.81103639,36.64584825],[27.81098962,36.64581161],[27.81095466,36.64577459],[27.810937,36.64575228],[27.81087161,36.64572195],[27.81075924,36.64569886],[27.81069413,36.64567424],[27.81061541,36.64566151],[27.81051419,36.64567238],[27.81042621,36.64566376],[27.8103353,36.64564379],[27.81024212,36.64562579],[27.81017238,36.64560324],[27.81010009,36.64557695],[27.81001239,36.64557404],[27.8099002,36.64560242],[27.80984991,36.64563836],[27.80984025,36.64568253],[27.80981747,36.64570042],[27.8097792,36.64569211],[27.80972174,36.64567869],[27.80968157,36.64567998],[27.80963744,36.64569665],[27.80955823,36.64572207],[27.80950417,36.64572952],[27.80943366,36.64573941],[27.80938971,36.64575988],[27.80936361,36.64580648],[27.80932277,36.64584212],[27.80924366,36.64586944],[27.80919734,36.64588999],[27.80914876,36.64591253],[27.8090859,36.64593361],[27.80897021,36.64598689],[27.80889411,36.64602747],[27.80884278,36.64609013],[27.80885212,36.6461356],[27.8088522,36.64618518],[27.80883592,36.6462391],[27.8088618,36.64628403],[27.80889534,36.64634017],[27.80889513,36.64638403],[27.80882982,36.64640329],[27.80876394,36.64641112],[27.80874617,36.64643457],[27.8087713,36.64646428],[27.80883708,36.64645454],[27.80892195,36.64644801],[27.80898385,36.64645556],[27.80905189,36.64649152],[27.80910935,36.64650494],[27.80921546,36.6465454],[27.80929154,36.6465525],[27.80934938,36.64657353],[27.80938339,36.64659151],[27.80944037,36.64664308],[27.80948978,36.64668536],[27.80956216,36.64671355],[27.80959815,36.64677151],[27.80960333,36.64682856],[27.80963383,36.64691911],[27.80968589,36.64696703],[27.80974078,36.64702438],[27.80976326,36.64709613],[27.80979698,36.64715607],[27.80981605,36.64720695],[27.80986716,36.64728349],[27.80993802,36.6473289],[27.80997808,36.64737338],[27.8099944,36.64746439],[27.8100044,36.64752319],[27.81004493,36.64757719],[27.81015483,36.64764613],[27.81020216,36.6476942],[27.81023918,36.64777311],[27.81028472,36.64783267],[27.81036287,36.64788165],[27.81047199,36.64798304],[27.8105661,36.64806774],[27.81061475,36.64814246],[27.81065453,36.64818124],[27.8107015,36.64817401],[27.81081521,36.64812841],[27.81092174,36.64808114],[27.8110555,36.64801011],[27.81114785,36.64796329],[27.81123859,36.64793178],[27.81133936,36.64786372],[27.81140902,36.6478367],[27.81151158,36.64775713],[27.81159827,36.64769143],[27.81165367,36.64761528],[27.81173933,36.64752863],[27.81180758,36.64747305]]],[[[27.84994801,36.646574],[27.84984405,36.64657737],[27.84975389,36.64657266],[27.84970938,36.64658173],[27.84965353,36.6466007],[27.84956611,36.64660353],[27.84945478,36.64660141],[27.84939288,36.64659388],[27.8493064,36.64656807],[27.84926699,36.64653693],[27.84922001,36.6464965],[27.84916604,36.6464582],[27.84911189,36.64646376],[27.8490773,36.64648205],[27.84904886,36.64648106],[27.84902636,36.646457],[27.84900575,36.64642334],[27.84897607,36.6463976],[27.84889479,36.64638116],[27.84873602,36.64637677],[27.84866911,36.64636368],[27.84857101,36.64634206],[27.84850703,36.64634032],[27.84845316,36.64635159],[27.84840062,36.64638953],[27.84836367,36.64640788],[27.84830631,36.64639639],[27.84825036,36.64641346],[27.84815671,36.64643365],[27.84805843,36.6464559],[27.84796081,36.64649147],[27.84785866,36.64653101],[27.84774052,36.64653483],[27.84760254,36.64652022],[27.84747032,36.64647873],[27.84738015,36.64642635],[27.84731069,36.64640953],[27.84725238,36.64642667],[27.84718227,36.64649186],[27.84709458,36.64658433],[27.84701058,36.64665569],[27.84693961,36.64670375],[27.84687261,36.64673643],[27.84680249,36.64675395],[27.84669598,36.64675358],[27.84659864,36.6467472],[27.84653513,36.64675497],[27.84648164,36.64677386],[27.8463861,36.64680365],[27.84632448,36.64680183],[27.84624658,36.64661556],[27.84618987,36.64656972],[27.84604697,36.64650379],[27.84589442,36.64643435],[27.8457296,36.64640345],[27.84556119,36.64639554],[27.84548161,36.64641337],[27.84546234,36.64645404],[27.84543267,36.64647597],[27.84537804,36.64647202],[27.84529006,36.64646342],[27.84518194,36.64647836],[27.84503953,36.64651729],[27.844887,36.64654319],[27.84474165,36.64657078],[27.84461218,36.64658449],[27.84449462,36.64659974],[27.84433594,36.64659724],[27.84418094,36.64657364],[27.84405478,36.64655865],[27.84391245,36.64655181],[27.84376625,36.64656225],[27.84360795,36.64656737],[27.84347611,36.64658116],[27.84336866,36.64660942],[27.84323919,36.64662314],[27.8431048,36.6466332],[27.84299943,36.64665568],[27.84290124,36.64667983],[27.84281439,36.64669407],[27.84272298,36.6466711],[27.84258717,36.64660494],[27.84243765,36.64654874],[27.84226895,36.64643978],[27.84208805,36.64632358],[27.84194203,36.64624248],[27.84174932,36.64617434],[27.84159272,36.64611837],[27.8414192,36.64605533],[27.84126799,36.64601254],[27.84112708,36.64598658],[27.84101707,36.64596343],[27.84089213,36.64592551],[27.84076682,36.64592765],[27.84066342,36.64589476],[27.84052279,36.64582684],[27.8403866,36.64575305],[27.8402714,36.64572054],[27.84015865,36.64568985],[27.84005063,36.64565902],[27.83998636,36.64565156],[27.83987229,36.64564189],[27.83974972,36.64560389],[27.8396159,36.6455777],[27.83946582,36.64555776],[27.83933984,36.64554657],[27.83927029,36.64552784],[27.83919893,36.6455206],[27.83915924,36.64553142],[27.83906464,36.64548489],[27.83897911,36.64543045],[27.83890672,36.64540227],[27.83882364,36.64539732],[27.83880351,36.64537318],[27.83876212,36.64534973],[27.83873726,36.64537342],[27.83874322,36.64539801],[27.8387177,36.64540837],[27.83868661,36.64540175],[27.83864663,36.64535918],[27.83863935,36.64530793],[27.83867356,36.64528203],[27.83867895,36.64524753],[27.83865693,36.64523299],[27.83860684,36.64522507],[27.83853133,36.64522941],[27.83848672,36.64523657],[27.83846055,36.64523361],[27.83843616,36.64521914],[27.83835243,36.64520086],[27.8382342,36.64520277],[27.83814679,36.64520559],[27.83808432,36.64518663],[27.8380691,36.64516615],[27.83800436,36.64514916],[27.8379453,36.64515107],[27.83790684,36.64518663],[27.83785297,36.64519791],[27.8377957,36.64518831],[27.83777075,36.64516242],[27.83765526,36.64517187],[27.83750623,36.64517286],[27.8373502,36.64517599],[27.83717395,36.64520074],[27.83704315,36.64523547],[27.83691576,36.6452434],[27.83682343,36.64524256],[27.83672609,36.64523617],[27.83665842,36.64525551],[27.83656647,36.64526229],[27.83641053,36.64526732],[27.83624912,36.64530494],[27.83613165,36.64532208],[27.83602543,36.64532741],[27.83590314,36.6453428],[27.8357817,36.64537532],[27.83566054,36.64541355],[27.83554014,36.64541934],[27.83545225,36.64541264],[27.83534158,36.64542383],[27.83518102,36.64547859],[27.8350696,36.64552223],[27.83503359,36.64555962],[27.8350266,36.64560943],[27.83502603,36.64564568],[27.83500089,36.64566365],[27.83498152,36.64565474],[27.83496082,36.64561917],[27.83492519,36.64561651],[27.83488427,36.64565025],[27.83486055,36.64569678],[27.83482039,36.64574575],[27.83476718,36.64577034],[27.83470273,36.64580675],[27.83462948,36.64585678],[27.83454849,36.64589372],[27.8344899,36.64590514],[27.83445805,36.64593096],[27.83442762,36.64598533],[27.83439426,36.64602836],[27.83431053,36.64605775],[27.8342197,36.64608738],[27.83415468,36.64611236],[27.834108,36.6461253],[27.83407605,36.64614922],[27.83409354,36.64616772],[27.83409486,36.64619438],[27.83407331,36.64623702],[27.83402984,36.64626703],[27.83398051,36.64627434],[27.83396113,36.64626543],[27.83396397,36.6462272],[27.83395074,36.64619902],[27.83391322,36.64620595],[27.83384395,36.6462406],[27.8337966,36.6462879],[27.83375681,36.64634448],[27.83369481,36.64638271],[27.8335746,36.64643998],[27.8335487,36.64649039],[27.83351771,36.64653334],[27.8334627,36.64656944],[27.8334249,36.64661833],[27.83337585,36.64663135],[27.8333044,36.64662221],[27.83320668,36.6466082],[27.83311265,36.64662077],[27.83300831,36.64666417],[27.83293412,36.64674284],[27.83286163,36.64680811],[27.83277232,36.64686819],[27.83270796,36.6469065],[27.83255673,36.64694672],[27.83251987,36.64696698],[27.8324693,36.64699721],[27.8324091,36.64702394],[27.83235996,36.64703506],[27.83230429,36.64705783],[27.83225061,36.6470729],[27.83221649,36.6471007],[27.8321648,36.64710809],[27.83211301,36.64711357],[27.83205706,36.64713063],[27.83200167,36.64715911],[27.8319668,36.64717167],[27.83194346,36.64717815],[27.83191406,36.64720579],[27.8318669,36.64720921],[27.83182882,36.64720472],[27.83179867,36.64721713],[27.83179092,36.64725171],[27.83175614,36.64726618],[27.83171852,36.6472712],[27.83168942,36.64725688],[27.83165889,36.64726168],[27.83164812,36.64728301],[27.83163016,36.64730265],[27.83161116,36.64730136],[27.83158215,36.64728894],[27.83154227,36.64729595],[27.83150864,36.6472956],[27.83147169,36.64731396],[27.83148492,36.64734213],[27.8315283,36.6473579],[27.83156478,36.6473777],[27.83158746,36.64740557],[27.83159143,36.64743786],[27.83158682,36.64747615],[27.83161494,36.64750623],[27.83165061,36.64750985],[27.83168983,36.64752527],[27.83173402,36.64752147],[27.831786,36.64749595],[27.83185038,36.64748196],[27.83188665,36.64749748],[27.83195517,36.64750719],[27.83204424,36.64751386],[27.83211843,36.64751862],[27.83219026,36.64747578],[27.83225417,36.64745227],[27.83232706,36.64743085],[27.83237443,36.64743171],[27.83244252,36.64747076],[27.83250962,36.64751151],[27.83259479,36.64755882],[27.8326769,36.64760385],[27.83276621,36.64767486],[27.83282657,36.64775873],[27.83290064,36.6478207],[27.83295605,36.64786421],[27.83305635,36.64785859],[27.83311967,36.64788277],[27.83316716,36.6479456],[27.83321063,36.6479871],[27.83324702,36.64806459],[27.83329474,36.64813218],[27.83342599,36.64827335],[27.83350124,36.64841872],[27.83360922,36.64856779],[27.83367089,36.64867784],[27.83372712,36.648738],[27.83386381,36.64880987],[27.83406121,36.64891316],[27.83416163,36.64896951],[27.83426087,36.64906166],[27.83437227,36.64916056],[27.83445934,36.64930554],[27.83455196,36.6493836],[27.83459449,36.64946566],[27.83457795,36.64954962],[27.83448273,36.64959798],[27.8343314,36.64958856],[27.83421491,36.64956609],[27.83408496,36.64957028],[27.83380355,36.64956266],[27.83358027,36.6495937],[27.83338062,36.64962397],[27.83317116,36.64963549],[27.83296571,36.64960874],[27.83280493,36.6495877],[27.83258401,36.64954714],[27.8324192,36.64956437],[27.83230437,36.64963481],[27.83216036,36.64971334],[27.83211003,36.64977217],[27.83205533,36.64986213],[27.83192502,36.65003795],[27.83182282,36.65018426],[27.83171472,36.65033077],[27.8315147,36.65047308],[27.8313597,36.65056865],[27.83122112,36.65063747],[27.83108183,36.65069202],[27.83091383,36.65076417],[27.83081117,36.65078178],[27.83068735,36.65079053],[27.83056449,36.65081833],[27.83045544,36.6508862],[27.83036128,36.65095597],[27.83031437,36.65102422],[27.8302781,36.6510683],[27.83020474,36.6510802],[27.83014117,36.65111085],[27.83007005,36.65116796],[27.83002504,36.6512147],[27.83003626,36.65126201],[27.83006555,36.65131589],[27.83006165,36.65141613],[27.83002774,36.6515078],[27.82995721,36.65157682],[27.82990522,36.65166192],[27.82985335,36.6517494],[27.82980361,36.65182013],[27.8297013,36.65184487],[27.82967258,36.65192208],[27.8296903,36.6519811],[27.82970294,36.65205697],[27.82969124,36.65211932],[27.82965,36.65218262],[27.82958986,36.65228229],[27.82954863,36.65234559],[27.82950845,36.65243031],[27.82952747,36.65251551],[27.82955795,36.65259319],[27.82957921,36.65266402],[27.82959681,36.65278025],[27.82960779,36.6528228],[27.8295792,36.65290238],[27.82950925,36.65304289],[27.82946045,36.65313266],[27.82946718,36.65320872],[27.82945726,36.65324717],[27.82941626,36.65325565],[27.82932942,36.6532942],[27.82927353,36.65336035],[27.82924919,36.65346602],[27.82925474,36.65351828],[27.82929644,36.65358368],[27.82927541,36.6536368],[27.82919436,36.65367278],[27.82910658,36.65369229],[27.82905849,36.65373674],[27.82904702,36.65380386],[27.82903095,36.65383774],[27.82898724,36.65385107],[27.82892344,36.65387696],[27.82890241,36.65393008],[27.82891398,36.65398453],[27.82894895,36.65403346],[27.82900743,36.65407925],[27.82908198,36.65415075],[27.82914128,36.65421319],[27.82918889,36.65427841],[27.82919704,36.65432343],[27.82920802,36.65436598],[27.82921913,36.65441092],[27.82924417,36.65443871],[27.82931424,36.65441977],[27.82937319,36.65441549],[27.82946723,36.65446252],[27.82954497,36.65453868],[27.8296272,36.65458609],[27.82967835,36.6546631],[27.82972254,36.65471889],[27.82975987,36.65475582],[27.82979425,36.65479286],[27.82981079,36.65482808],[27.82985474,36.65481951],[27.82990188,36.65481561],[27.82999462,36.65483646],[27.83007874,36.65486236],[27.83020138,36.65488939],[27.83028136,36.65489159],[27.83041333,36.65492786],[27.83045303,36.6549528],[27.8305095,36.65495813],[27.8305622,36.6549469],[27.830572,36.65496565],[27.83057945,36.6549964],[27.83064502,36.6550658],[27.83069369,36.65509284],[27.83075962,36.65510978],[27.83084055,36.65513101],[27.83093034,36.65515196],[27.83104778,36.65519346],[27.83111429,36.65522231],[27.83114855,36.65525696],[27.83122913,36.65527105],[27.83129588,36.65530466],[27.83136346,36.65535492],[27.83152509,36.65539262],[27.83166285,36.65542632],[27.8318149,36.65545003],[27.83196649,36.65546421],[27.83207365,36.65547744],[27.83211748,36.65552609],[27.83214749,36.65559425],[27.8321443,36.65564917],[27.83215552,36.65569649],[27.83219404,36.65569763],[27.83223397,36.65566774],[27.83226764,36.65569049],[27.83226823,36.65570239],[27.83226859,36.65570953],[27.83223255,36.65575836],[27.83221873,36.65583747],[27.83224153,36.65593923],[27.83226811,36.65599797],[27.83228099,36.6560786],[27.83222628,36.65616855],[27.83216012,36.65620644],[27.83208214,36.65624471],[27.83199152,36.65632629],[27.83196895,36.65640806],[27.83197805,36.65647213],[27.83196009,36.65652753],[27.83192641,36.65656437],[27.83193079,36.65659283],[27.83197923,36.65661511],[27.83203677,36.65664186],[27.83208462,36.65671183],[27.8321047,36.65675885],[27.83217051,36.65677342],[27.8322466,36.65681626],[27.83230035,36.65688603],[27.83232186,36.65696162],[27.83234761,36.65700369],[27.83240811,36.65703035],[27.83244745,36.65710774],[27.83248644,36.65723759],[27.83247758,36.65729746],[27.8324452,36.65736048],[27.83241685,36.65744482],[27.83236982,36.6575107],[27.83231512,36.65754106],[27.8322968,36.65758933],[27.83230235,36.65764159],[27.83234784,36.65772355],[27.83237183,36.65778952],[27.8323476,36.65783797],[27.83229975,36.65788719],[27.83224824,36.65792222],[27.83220759,36.65793783],[27.83221846,36.657978],[27.83224812,36.65803902],[27.83231192,36.65807272],[27.83244838,36.65813983],[27.83255153,36.65819134],[27.8326255,36.65825093],[27.83270749,36.65829357],[27.8327648,36.65831557],[27.83279043,36.65835526],[27.83287255,36.65840029],[27.83292855,36.65845569],[27.83296766,36.65846873],[27.83307577,36.658501],[27.83318577,36.65851176],[27.83333748,36.65846873],[27.83343933,36.65843446],[27.83355642,36.65840924],[27.83367516,36.65835773],[27.83379189,36.65832537],[27.83412177,36.65829567],[27.83422775,36.6582851],[27.8342912,36.65825207],[27.83439494,36.65819628],[27.83450458,36.6581403],[27.83468252,36.65808928],[27.83481626,36.65804206],[27.83492118,36.65801007],[27.83503827,36.65798485],[27.83510101,36.65799712],[27.83520758,36.65805805],[27.83527954,36.65813677],[27.83535752,36.65821768],[27.83541755,36.65829441],[27.83543834,36.65835571],[27.83547226,36.65844282],[27.83551314,36.65849155],[27.83555473,36.65855457],[27.83556595,36.65860188],[27.83566615,36.65859388],[27.8358331,36.6585599],[27.8359568,36.65854876],[27.83605723,36.65854552],[27.83611654,36.65854837],[27.83617503,36.65853457],[27.83630653,36.65856131],[27.83642126,36.65854808],[27.83647762,36.65855103],[27.83651495,36.65858796],[27.83660369,36.65864707],[27.8366812,36.65871847],[27.83674087,36.65878805],[27.8368139,36.65888819],[27.83688704,36.65899071],[27.83696904,36.65909295],[27.83700012,36.65918253],[27.83703474,36.65928391],[27.83706759,36.65934959],[27.83711108,36.65939109],[27.83715279,36.65945649],[27.83718706,36.65955073],[27.83724437,36.65963231],[27.83731195,36.65968257],[27.8373936,36.65971807],[27.83741948,36.65976253],[27.83742113,36.65979584],[27.83746154,36.65983506],[27.8375224,36.65986885],[27.83758431,36.65992406],[27.83761681,36.65998261],[27.83766903,36.66002144],[27.83772233,36.6600817],[27.83777148,36.66011825],[27.83780138,36.66018403],[27.83787464,36.66022934],[27.83789815,36.66028579],[27.83796823,36.66038602],[27.83801951,36.66046541],[27.83808639,36.66056098],[27.83817525,36.66068207],[27.83822571,36.6607448],[27.83829483,36.6607664],[27.83833406,36.66078182],[27.83832119,36.66082038],[27.83831812,36.66087768],[27.83833408,36.66102019],[27.83832936,36.66116336],[27.83832027,36.66127807],[27.83834391,36.66139649],[27.83840146,36.66148282],[27.83846421,36.66155469],[27.83857634,36.66160828],[27.83868245,36.66165968],[27.83880463,36.66167719],[27.83896189,36.66168642],[27.83910569,36.6617223],[27.83923838,36.66171325],[27.83934342,36.66168363],[27.83944976,36.66162061],[27.8395282,36.66147267],[27.83959813,36.66127257],[27.83961892,36.6611551],[27.83963912,36.66108533],[27.8396846,36.66098851],[27.83968329,36.66090274],[27.83967147,36.66084353],[27.83970454,36.6607352],[27.83979243,36.66053929],[27.83990419,36.66034737],[27.84000721,36.66021771],[27.84010562,36.66011442],[27.84021904,36.66001541],[27.84033908,36.65993049],[27.84040169,36.65982121],[27.84051948,36.65975066],[27.84067378,36.6596408],[27.84079689,36.65955816],[27.84100079,36.6593156],[27.84112118,36.65917822],[27.84123175,36.6590221],[27.84133784,36.65889472],[27.84140848,36.65876849],[27.84151635,36.6587364],[27.84165908,36.65875086],[27.84175857,36.65878817],[27.84191312,36.65886184],[27.84207901,36.65892561],[27.84222411,36.65898766],[27.84234392,36.65901716],[27.84245026,36.65901373],[27.84263138,36.65896735],[27.84279856,36.65893811],[27.84293703,36.65892649],[27.84310481,36.65890915],[27.84325438,36.65888286],[27.84339191,36.6588522],[27.84350404,36.65884619],[27.84359793,36.65891882],[27.84361288,36.65902893],[27.84365071,36.65917073],[27.84367681,36.65931481],[27.84371946,36.65941069],[27.84376626,36.65949499],[27.84382393,36.65960754],[27.84386421,36.65970349],[27.84389163,36.65977888],[27.84389665,36.65983211],[27.8438908,36.65990476],[27.84385678,36.65998214],[27.84382966,36.66005548],[27.84382362,36.66012432],[27.84380548,36.66018784],[27.84378433,36.66028577],[27.84377158,36.66036246],[27.8437507,36.66046611],[27.8437526,36.66055186],[27.84376878,36.66063906],[27.84378477,36.66072244],[27.84379233,36.66077941],[27.84379386,36.66085754],[27.84382847,36.66093461],[27.84386544,36.6610116],[27.8439008,36.66110389],[27.84392407,36.66119086],[27.84394856,36.6612549],[27.84396766,36.66130577],[27.84399281,36.66138314],[27.84401305,36.66145686],[27.8440539,36.66151656],[27.84408992,36.66157451],[27.84410836,36.66165972],[27.84414637,36.66170998],[27.84418116,36.66174318],[27.84419336,36.66179809],[27.84419262,36.6618782],[27.84420642,36.6619178],[27.84423762,36.66192633],[27.84425983,36.66194468],[27.84426466,36.6619941],[27.84424643,36.66205571],[27.84422631,36.66212692],[27.84424106,36.66218556],[27.84427198,36.66223605],[27.84431735,36.66224411],[27.84439089,36.66224746],[27.84447163,36.66230015],[27.84454149,36.66237226],[27.84460379,36.66243508],[27.84474757,36.66247048],[27.84489285,36.66244099],[27.84504531,36.66236551],[27.84522347,36.6622358],[27.84534322,36.66212133],[27.84540796,36.66204296],[27.84548385,36.66195088],[27.8455965,36.66183663],[27.84568808,36.66172688],[27.8458152,36.66161789],[27.84595942,36.66151979],[27.84609978,36.66143897],[27.84621717,36.66137225],[27.84633154,36.66133995],[27.84642776,36.66132349],[27.84649865,36.66132119],[27.84655868,36.66133832],[27.84661474,36.66137083],[27.84665491,36.66136953],[27.84674102,36.66134005],[27.84685614,36.66132298],[27.84693034,36.66129198],[27.84704367,36.66123873],[27.84710141,36.66121017],[27.84712059,36.6611676],[27.8471566,36.6611302],[27.84724649,36.6611292],[27.84726172,36.66114968],[27.84729953,36.66114846],[27.84738383,36.6610828],[27.84746153,36.66107457],[27.84758431,36.66106869],[27.84768668,36.66108063],[27.84774765,36.66106913],[27.84783754,36.66106812],[27.84793368,36.66109743],[27.84802518,36.6611288],[27.8480716,36.6611578],[27.84814524,36.66116305],[27.8481786,36.66116769],[27.84816821,36.66119663],[27.84808599,36.6612565],[27.84803553,36.66133631],[27.84798423,36.66149434],[27.84794087,36.6616216],[27.84791206,36.66170834],[27.84786198,36.66179578],[27.84780612,36.66186242],[27.84778685,36.66190309],[27.84782117,36.66192677],[27.84790247,36.66199088],[27.84798708,36.66202628],[27.84806962,36.66211514],[27.8481651,36.66217879],[27.8482655,36.6622461],[27.84836382,36.6623192],[27.84844238,36.66237577],[27.84851339,36.66247072],[27.84855888,36.66257604],[27.84858489,36.66267054],[27.84862027,36.66276284],[27.8486667,36.66288719],[27.84870775,36.66299837],[27.84877489,36.66311061],[27.84881007,36.6631991],[27.84885045,36.66329695],[27.84889858,36.66336023],[27.84891977,36.66340531],[27.84893121,36.66344498],[27.84895135,36.66346912],[27.84898775,36.66348701],[27.8490284,36.66349523],[27.84907859,36.66350505],[27.84914297,36.66351441],[27.84920725,36.66352186],[27.84924431,36.66355308],[27.84926067,36.66359641],[27.8492914,36.66364309],[27.84933555,36.66367408],[27.84939747,36.66368161],[27.84942885,36.66369394],[27.84947773,36.66372477],[27.84950601,36.66376963],[27.84954846,36.66381402],[27.84962097,36.66384409],[27.84969309,36.66381887],[27.84972881,36.66377576],[27.84976983,36.66374392],[27.84979846,36.66370104],[27.84984316,36.66364811],[27.84988416,36.6635686],[27.84987319,36.66353844],[27.84981864,36.66348872],[27.8498209,36.66343907],[27.84986823,36.6633441],[27.84994337,36.66328446],[27.85,36.663209685646],[27.85,36.64657134159507],[27.84994801,36.646574]]],[[[27.82116501,36.65320144],[27.8212483,36.65321069],[27.82131115,36.65322535],[27.82132438,36.65325353],[27.82135817,36.65327867],[27.82140259,36.65327962],[27.82144938,36.65326858],[27.82149492,36.65323232],[27.82153727,36.65317947],[27.82159143,36.65312624],[27.82163766,36.65305611],[27.82166858,36.65301126],[27.82170459,36.65297387],[27.82172086,36.65291995],[27.82171604,36.65287053],[27.82173978,36.652824],[27.82176653,36.65279072],[27.82178865,36.6527595],[27.82180964,36.65270543],[27.82184027,36.65265487],[27.82184501,36.65260704],[27.82187403,36.65257178],[27.82191335,36.65255336],[27.82196287,36.65254986],[27.8220143,36.65248909],[27.82201742,36.65245657],[27.8219939,36.65241156],[27.82200752,36.65235201],[27.82199864,36.65231606],[27.82199392,36.65226854],[27.8220029,36.65221104],[27.82198647,36.65216581],[27.82196748,36.65211684],[27.82198374,36.65206292],[27.82199159,36.65203025],[27.82195908,36.65199506],[27.82194435,36.65193642],[27.82192234,36.6518742],[27.82186629,36.65184167],[27.82177944,36.65180823],[27.82174277,36.65178462],[27.82175289,36.65174997],[27.82174496,36.65168539],[27.82173977,36.65162835],[27.82175982,36.65155524],[27.82176153,36.65149417],[27.82178545,36.65145144],[27.82182307,36.65139875],[27.82186514,36.65134019],[27.82190834,36.65130448],[27.82193651,36.65125208],[27.82195439,36.65118286],[27.82193095,36.65113975],[27.82186244,36.65109428],[27.82176377,36.65106122],[27.82171888,36.65106266],[27.8216582,36.65107987],[27.82160404,36.65108542],[27.821548,36.6510529],[27.82149404,36.65101458],[27.82141664,36.65098084],[27.82134604,36.65094115],[27.8213004,36.65087969],[27.82128264,36.6508078],[27.8212887,36.65073895],[27.82128465,36.65070476],[27.82124618,36.65069265],[27.82116084,36.65068967],[27.82110167,36.65068966],[27.82103466,36.65067465],[27.82095622,36.65066764],[27.82091935,36.65068789],[27.82086718,36.65068575],[27.82078817,36.65066731],[27.82069612,36.65067218],[27.82062561,36.65068207],[27.82051285,36.65069904],[27.82042051,36.65069819],[27.82029642,36.65067739],[27.8202088,36.65067639],[27.82013158,36.65069412],[27.82002488,36.65068992],[27.81985504,36.65065342],[27.81975713,36.65063559],[27.81968909,36.65059964],[27.81965072,36.65058943],[27.8195822,36.65059163],[27.81948466,36.65058141],[27.81942645,36.65055277],[27.8193481,36.65054766],[27.81928411,36.6505459],[27.81918336,36.65051862],[27.81907213,36.65047071],[27.81894256,36.65043482],[27.81886601,36.65041821],[27.81871517,36.65038301],[27.81857833,36.65034354],[27.81848902,36.65030827],[27.81845282,36.65029417],[27.81840112,36.65030156],[27.81841501,36.65034306],[27.81839667,36.65035509],[27.81835849,36.65034869],[27.81832872,36.65032104],[27.81825974,36.65026605],[27.81816164,36.65024441],[27.81803745,36.6502217],[27.81791912,36.65022168],[27.81783453,36.65023393],[27.81778538,36.65024504],[27.817747,36.6502825],[27.8177125,36.65030268],[27.81761836,36.65031333],[27.81754379,36.6503367],[27.81747752,36.65038459],[27.81739558,36.65040248],[27.81731694,36.65039165],[27.81722404,36.65037938],[27.81716043,36.65038524],[27.81710003,36.65040815],[27.81706458,36.65045696],[27.81707667,36.65050997],[27.81709745,36.65054744],[27.81715358,36.65058187],[27.81716189,36.65060639],[27.8171358,36.650653],[27.81710961,36.6506977],[27.81711849,36.65073364],[27.81713634,36.65075977],[27.81719739,36.65079785],[27.81722753,36.65083312],[27.81727979,36.65088484],[27.81736966,36.65093153],[27.81743629,36.65093893],[27.81752475,36.65095707],[27.81760414,36.65098312],[27.81764392,36.65102189],[27.81767652,36.65105898],[27.81769428,36.65113088],[27.81771231,36.65120848],[27.81770077,36.65126225],[27.81766749,36.65130718],[27.81764887,36.65131349],[27.81763527,36.6512777],[27.8176176,36.65125538],[27.81756278,36.65124761],[27.81749227,36.6512575],[27.81740181,36.65129473],[27.81733111,36.65134848],[27.81733781,36.65138831],[27.81738449,36.65142305],[27.81738665,36.65146684],[27.81735082,36.65150803],[27.81731594,36.65156827],[27.81728984,36.65161487],[27.81728454,36.65165127],[27.81722206,36.65167998],[27.8171749,36.6516834],[27.81711676,36.65170433],[27.81705258,36.65174644],[27.81697043,36.65180819],[27.81694179,36.65185106],[27.81699413,36.65195235],[27.81702682,36.65199135],[27.81705507,36.65203621],[27.81707736,36.65210414],[27.81709663,36.65215883],[27.81712224,36.65219805],[27.81711675,36.65223065],[27.8170708,36.65225882],[27.81701145,36.652255],[27.81696051,36.65222994],[27.8168781,36.65219063],[27.8167816,36.65220135],[27.81671477,36.65223782],[27.81666495,36.65228328],[27.81660133,36.65233681],[27.81653771,36.65239034],[27.81648685,36.65241485],[27.81643808,36.65243358],[27.8163996,36.65246914],[27.81634478,36.65250904],[27.81628372,36.65251863],[27.81620252,36.65255174],[27.81613814,36.65259004],[27.81608463,36.65265659],[27.81606383,36.65271447],[27.81607629,36.65277509],[27.81612883,36.65283252],[27.81618194,36.6528537],[27.81628439,36.65286757],[27.81632976,36.65287565],[27.81637106,36.65289721],[27.81646424,36.65296287],[27.8165303,36.65300652],[27.81659068,36.65303128],[27.81664134,36.65305063],[27.81667281,36.65306487],[27.81668566,36.65308544],[27.81677053,36.65312658],[27.81685209,36.65314875],[27.81691295,36.65318303],[27.81698346,36.65322081],[27.81712654,36.65329059],[27.81721792,36.65336775],[27.81729154,36.65342069],[27.81738519,36.65349587],[27.81746769,36.65353708],[27.81758735,36.65356375],[27.81767855,36.65358943],[27.81775085,36.65361571],[27.81781956,36.65361732],[27.81789063,36.65366652],[27.8179514,36.6536989],[27.81812633,36.65379054],[27.81824211,36.65383449],[27.81833482,36.65389063],[27.81839133,36.65393268],[27.81843121,36.65397335],[27.81848035,36.65400991],[27.81849291,36.65407244],[27.8185188,36.65411737],[27.81852607,36.65416863],[27.81850799,36.65428172],[27.81847603,36.6543533],[27.81845418,36.6544379],[27.81843507,36.65453005],[27.81845443,36.65458664],[27.81846529,36.65466257],[27.81847652,36.65474611],[27.81845845,36.65481153],[27.81846809,36.6548627],[27.81850314,36.6549493],[27.81857069,36.65507108],[27.81861208,36.65514222],[27.81867549,36.65518023],[27.8187045,36.65524032],[27.81873965,36.65528114],[27.81875618,36.65532828],[27.81878094,36.65535037],[27.81883869,36.65536949],[27.8188729,36.65539128],[27.81887394,36.65541222],[27.81889407,36.65543636],[27.81893811,36.65546546],[27.81897232,36.65548725],[27.81903489,36.65550812],[27.81910151,36.65556319],[27.81914839,36.65560173],[27.81921105,36.65562451],[27.81925651,36.65563449],[27.8192671,36.65565703],[27.81930206,36.65569405],[27.8193651,36.65572444],[27.81941869,36.65575514],[27.81946197,36.65576901],[27.81947983,36.65579513],[27.81950289,36.65583062],[27.81955327,36.65584426],[27.81960449,36.65587503],[27.81966384,36.65592652],[27.81971979,36.65595714],[27.81977007,36.65596888],[27.81980258,36.65600406],[27.8198729,36.65603804],[27.81994662,36.6560452],[27.82003311,36.65602336],[27.82008595,36.65599115],[27.8201233,36.65593274],[27.82015875,36.65588393],[27.8201944,36.65583892],[27.82023636,36.65582614],[27.8202927,36.6558167],[27.82035197,36.65577093],[27.82041465,36.65569836],[27.82046419,36.65564719],[27.82051372,36.65559602],[27.8205487,36.65553769],[27.82057149,36.6555198],[27.82061261,36.65548987],[27.82065033,36.65543908],[27.82069636,36.65541281],[27.82072576,36.65538517],[27.8207184,36.65533201],[27.82069705,36.65528312],[27.8206945,36.65523171],[27.82070925,36.65519501],[27.82071077,36.65517779],[27.82067693,36.65516363],[27.82064385,36.65516469],[27.8205914,36.65515684],[27.82054962,36.65512576],[27.82052902,36.6550921],[27.82050748,36.6550394],[27.82044917,36.65500885],[27.82039993,36.65497039],[27.820373,36.65495218],[27.82038056,36.6549138],[27.82037009,36.65485787],[27.82031897,36.65472127],[27.8203204,36.65465448],[27.82033336,36.6545816],[27.82033073,36.65448062],[27.82029464,36.65442076],[27.82022953,36.65434848],[27.82020062,36.65424262],[27.82020263,36.65413958],[27.82022636,36.65409305],[27.8202637,36.65403464],[27.82030549,36.65397037],[27.82032808,36.65394867],[27.82038102,36.65391837],[27.82044057,36.65387832],[27.82047338,36.65382387],[27.82047338,36.65377619],[27.82047378,36.65368846],[27.82047227,36.653658],[27.8205045,36.6536398],[27.82055394,36.6536344],[27.82059761,36.65360821],[27.82062976,36.65354043],[27.82065859,36.65350137],[27.82070408,36.65345223],[27.82078562,36.65336619],[27.82088026,36.65330594],[27.82098081,36.6532455],[27.82108325,36.65322314],[27.82116501,36.65320144]]],[[[27.79368852,36.62279195],[27.79392008,36.62278457],[27.79421118,36.62279346],[27.79449814,36.62282018],[27.79483784,36.62288144],[27.7949491,36.62291392],[27.79516631,36.62297006],[27.7953779,36.62305338],[27.79558245,36.62313695],[27.79577818,36.62323883],[27.79587332,36.62329886],[27.79603328,36.62339659],[27.7961177,36.62345323],[27.7963589,36.62349958],[27.79677153,36.62349541],[27.79721055,36.62354449],[27.79748032,36.62358992],[27.7977508,36.62363535],[27.79800512,36.62363624],[27.79830287,36.62355466],[27.79850935,36.62337696],[27.7987716,36.62317031],[27.79898307,36.62294333],[27.79908406,36.62279097],[27.79908446,36.62245762],[27.79908266,36.62225046],[27.79912517,36.62190674],[27.79921035,36.62167879],[27.79921056,36.62149862],[27.79902672,36.62139636],[27.79869863,36.62134377],[27.79834439,36.62132807],[27.79811723,36.62125423],[27.79800288,36.62105966],[27.79803126,36.62086958],[27.79840005,36.62064158],[27.79869862,36.62043385],[27.79899677,36.6202892],[27.79913786,36.6202036],[27.79922315,36.6201198],[27.79933743,36.6198729],[27.79916567,36.61959009],[27.79883903,36.61933925],[27.79845531,36.61903617],[27.79815845,36.61869429],[27.79791641,36.61843175],[27.79771218,36.61815635],[27.79764466,36.61789086],[27.79761719,36.61772956],[27.79761733,36.61757641],[27.79743212,36.6174742],[27.7970639,36.61738685],[27.79696356,36.61726392],[27.79669361,36.61720046],[27.79638202,36.61715634],[27.79621109,36.61691856],[27.79622489,36.61653072],[27.79638062,36.6161744],[27.79660748,36.6158158],[27.79684871,36.61556484],[27.79701925,36.61522607],[27.7969906,36.61498374],[27.79698938,36.6148306],[27.79703127,36.61473017],[27.79727347,36.61454227],[27.79755681,36.61428096],[27.79768441,36.6140066],[27.79778401,36.6136881],[27.79776939,36.6133192],[27.79771155,36.61312284],[27.79765489,36.61283634],[27.79762733,36.61270208],[27.7975272,36.61259718],[27.79738404,36.61258373],[27.79714401,36.61264544],[27.79705842,36.61266619],[27.79685933,36.61253741],[27.79680318,36.61240407],[27.79666064,36.61234555],[27.79628705,36.61234429],[27.79614998,36.61234384],[27.79576305,36.61241542],[27.79553931,36.61245339],[27.79519829,36.61256337],[27.79492873,36.61267633],[27.794561,36.6127999],[27.79427698,36.61289005],[27.79406465,36.61293285],[27.79375181,36.61300589],[27.79346773,36.61302395],[27.79314198,36.61306137],[27.79287166,36.61306098],[27.79260306,36.6130245],[27.79236078,36.61296916],[27.79212005,36.61293177],[27.79184953,36.61284129],[27.79167991,36.61272957],[27.79159382,36.61266926],[27.79152248,36.61258144],[27.79140972,36.61250394],[27.79141,36.61239583],[27.79133806,36.6121819],[27.79138462,36.61203249],[27.79152303,36.61185167],[27.79167864,36.61172059],[27.79189118,36.61159669],[27.79206239,36.61145609],[27.7922318,36.61137863],[27.79238778,36.61128354],[27.79250148,36.61118083],[27.79254272,36.61105339],[27.79265711,36.61077948],[27.79269906,36.61065201],[27.79271298,36.61030921],[27.79264296,36.61014928],[27.79221704,36.60993762],[27.79183078,36.60981565],[27.79135011,36.60974901],[27.7907545,36.60979502],[27.79028721,36.6100081],[27.78984658,36.61016629],[27.78954788,36.61025688],[27.78859773,36.61042227],[27.78825718,36.6106133],[27.78788084,36.61077087],[27.78746244,36.61080077],[27.78712153,36.61085665],[27.78686646,36.61081072],[27.78658351,36.61066657],[27.78636971,36.61066439],[27.78590124,36.61069727],[27.78556961,36.61058955],[27.78507809,36.61031806],[27.78466632,36.61019602],[27.78428262,36.60991991],[27.78406907,36.60956633],[27.78401139,36.60924384],[27.78377061,36.60881906],[27.78361504,36.60850867],[27.78361426,36.60836454],[27.78375616,36.60815283],[27.78398282,36.60797443],[27.78416739,36.60787848],[27.7842393,36.60767798],[27.78409643,36.60748432],[27.78394028,36.60721901],[27.78389727,36.60696812],[27.78395364,36.6067501],[27.78408163,36.6066109],[27.78420998,36.60650772],[27.78428013,36.60644242],[27.78440738,36.60623115],[27.78440819,36.60610499],[27.78413646,36.60586139],[27.78395314,36.605669],[27.78385377,36.60546495],[27.7838674,36.6051582],[27.78400929,36.60494648],[27.78432096,36.60469331],[27.7844487,36.60456312],[27.78454819,36.60446988],[27.78471786,36.60438339],[27.7848856,36.60431499],[27.78504064,36.60425137],[27.78517912,36.60416152],[27.78525971,36.60409589],[27.7853294,36.60402158],[27.7853882,36.60393864],[27.78546417,36.60376503],[27.78548608,36.60358416],[27.78547427,36.60348544],[27.78541107,36.60330726],[27.78535969,36.60322782],[27.78522113,36.60307906],[27.78513462,36.60300975],[27.78504063,36.60295867],[27.78483028,36.60288425],[27.78468907,36.60285272],[27.78451916,36.60277706],[27.78433356,36.6027379],[27.78430602,36.60253157],[27.78407837,36.60240368],[27.78359611,36.60240999],[27.78322708,36.60240371],[27.78280104,36.60248932],[27.78248911,36.60250824],[27.78205151,36.60231218],[27.78196404,36.60228169],[27.78186377,36.60223081],[27.78164149,36.60218381],[27.78152574,36.60218749],[27.78130917,36.60225744],[27.78121655,36.60230544],[27.78107968,36.60246293],[27.78104108,36.60254525],[27.78102642,36.60264481],[27.7810617,36.60282388],[27.78112651,36.60292093],[27.78122543,36.60311599],[27.78128272,36.60327366],[27.78133977,36.60345471],[27.78138218,36.60357949],[27.78138284,36.60367857],[27.78135464,36.60378755],[27.78119868,36.6039547],[27.78104279,36.60426597],[27.78092941,36.60450381],[27.7808301,36.60485833],[27.78085887,36.60504661],[27.78090138,36.60521643],[27.78076032,36.60554522],[27.7803198,36.60582052],[27.77993667,36.6059408],[27.77948216,36.60590117],[27.77939722,36.60577774],[27.77942618,36.60564168],[27.77932667,36.60524844],[27.77908469,36.60501287],[27.77885754,36.60479486],[27.77843157,36.60461017],[27.77793377,36.60435569],[27.7775943,36.60416826],[27.77728219,36.60407006],[27.77690086,36.60399781],[27.77657176,36.60396648],[27.77614561,36.60393498],[27.77603324,36.60389347],[27.77581947,36.60379214],[27.77576317,36.60373987],[27.77565081,36.60377047],[27.77554265,36.60380093],[27.77533488,36.60387959],[27.77514769,36.60399363],[27.7749837,36.60412498],[27.77484706,36.60427346],[27.77474244,36.60444795],[27.77467199,36.60462135],[27.77464919,36.60471217],[27.77463329,36.60490187],[27.77465322,36.60508143],[27.77467688,36.60517978],[27.77477076,36.60542907],[27.77477036,36.60556422],[27.77478466,36.60577097],[27.77487051,36.60598449],[27.77499851,36.60616061],[27.77511154,36.60630116],[27.77518297,36.60643405],[27.77516931,36.60656962],[27.77518236,36.60665026],[27.77519706,36.60679397],[27.77519709,36.60693811],[27.77522556,36.60730658],[27.77528282,36.607521],[27.77545304,36.60773181],[27.77565121,36.60784265],[27.77586503,36.60784487],[27.77606378,36.60783857],[27.77624777,36.60778769],[27.77647583,36.60785253],[27.77653115,36.60801293],[27.7765178,36.60821156],[27.77648912,36.60841069],[27.77641864,36.60858411],[27.77633369,36.60863183],[27.77617789,36.60857371],[27.7760641,36.60846023],[27.77590767,36.60830301],[27.77570964,36.6081381],[27.77552508,36.60806289],[27.77535379,36.60805929],[27.77523951,36.60810798],[27.77507009,36.60818542],[27.7749283,36.60827101],[27.7747872,36.60835656],[27.77451659,36.60846425],[27.77423297,36.60856334],[27.77403424,36.60856964],[27.77389225,36.60863721],[27.77370783,36.60875116],[27.77359466,36.60890791],[27.77349585,36.60907321],[27.77336595,36.60934334],[27.77329612,36.609503],[27.77311345,36.60989619],[27.77307032,36.61018585],[27.773042,36.61049306],[27.77298433,36.61090031],[27.77297227,36.61105385],[27.77294375,36.61127097],[27.77278694,36.61163633],[27.77266002,36.61164035],[27.77241787,36.61155793],[27.77214766,36.61150343],[27.77190732,36.61150204],[27.77173749,36.61139932],[27.77155123,36.61118898],[27.77136743,36.6110867],[27.77121067,36.61096553],[27.77108357,36.61078037],[27.77094225,36.6106317],[27.77084209,36.61062585],[27.77072854,36.61067451],[27.77051523,36.61079837],[27.77030781,36.6108622],[27.77018915,36.61087177],[27.76992019,36.61079921],[27.76966508,36.61060908],[27.76949355,36.61037127],[27.7692521,36.61011765],[27.76894011,36.60982121],[27.76857491,36.60956418],[27.76838631,36.60947838],[27.76822981,36.6093482],[27.76810178,36.60909999],[27.76810144,36.60882071],[27.76804434,36.60848015],[27.76798881,36.60815758],[27.76798719,36.60781013],[27.76798697,36.60776123],[27.76791629,36.60745715],[27.76785999,36.60716163],[27.76767511,36.60680711],[27.76753276,36.60652332],[27.76744711,36.60625574],[27.76724871,36.60591066],[27.76709184,36.60567238],[27.76696461,36.60546918],[27.76687925,36.60526468],[27.76680812,36.6049516],[27.76680832,36.60472636],[27.76687848,36.60427368],[27.76687962,36.60396732],[27.7667224,36.60376509],[27.76652262,36.60373537],[27.76632504,36.6038227],[27.76614098,36.60390062],[27.76584236,36.60403618],[27.7654171,36.60409469],[27.76525992,36.60396453],[27.76523189,36.60370415],[27.76524558,36.60332532],[27.76528841,36.6030717],[27.76544417,36.60267035],[27.76551571,36.60260502],[27.76567112,36.60255506],[27.76584191,36.60272083],[27.76629166,36.60302195],[27.76709973,36.6034869],[27.76778694,36.60374039],[27.76816971,36.60382738],[27.76860748,36.60382673],[27.76933404,36.6037725],[27.76980157,36.60372165],[27.77045495,36.60377303],[27.77099372,36.60376496],[27.77157613,36.60369244],[27.77211494,36.60358529],[27.77273981,36.60353845],[27.77330794,36.60350241],[27.77370476,36.60339073],[27.77397479,36.60315693],[27.77393134,36.60299615],[27.7737762,36.60279386],[27.77361914,36.60253755],[27.77360484,36.6021899],[27.77360375,36.60183532],[27.77393032,36.60125738],[27.77390803,36.60084601],[27.77388716,36.60067313],[27.77383144,36.60033256],[27.77353372,36.60041407],[27.77331907,36.60046594],[27.7728367,36.60042716],[27.77259691,36.60033568],[27.77225596,36.60010321],[27.772240376282287,36.6],[27.75100874186858,36.6],[27.75320192,36.6042508],[27.75344371,36.6046945],[27.75371742,36.60512598],[27.75906156,36.61320323],[27.75935306,36.61362374],[27.75984556,36.6142273],[27.76020913,36.61460959],[27.76040104,36.61479422],[27.77593076,36.62962029],[27.79110711,36.62361298],[27.79113587,36.62355801],[27.7913203,36.62351609],[27.79150338,36.62347423],[27.7916602,36.62342417],[27.79198613,36.62333271],[27.79215635,36.62322819],[27.79236953,36.6231313],[27.7925755,36.62304364],[27.79289637,36.62293431],[27.79311689,36.62287324],[27.7933439,36.62282995],[27.79368852,36.62279195]],[[27.7631242,36.60064888],[27.76320404,36.60065278],[27.76325727,36.60068315],[27.76329192,36.60073993],[27.76330151,36.60077409],[27.7632796,36.60081419],[27.76326285,36.6008425],[27.76324298,36.6008773],[27.76322039,36.60089106],[27.76320234,36.60091071],[27.76317861,36.60094692],[27.7631762,36.60098125],[27.76313034,36.60102125],[27.76309643,36.60106085],[27.76304646,36.60108464],[27.7630833,36.6011121],[27.76314375,36.60113323],[27.76314959,36.60116855],[27.76314134,36.60124315],[27.76305349,36.60124593],[27.76297291,36.60122595],[27.76292787,36.60120484],[27.76292414,36.60117529],[27.76292203,36.60115991],[27.76290163,36.60115256],[27.76285312,36.601136],[27.76283329,36.60112372],[27.76278253,36.60110239],[27.76276758,36.60109694],[27.76276493,36.60104243],[27.7627855,36.60097433],[27.76283362,36.60089895],[27.76288569,36.60082553],[27.76290893,36.60078328],[27.76292236,36.60075803],[27.76298542,36.60071455],[27.76305724,36.60067941],[27.7631242,36.60064888]]]]}},{"type":"Feature","properties":{"source_id":"emodnet:natura2000areas/GR4210027","source_name":"EMODnet Human Activities (European Commission DG MARE)","source_version":"2020-06-30Z","feature_type":"protected_area","restriction_class":"INFORMATIONAL","classification_rule":"Natura 2000 designation does not itself prohibit navigation","upstream_layer":"emodnet:natura2000areas","resource":null,"properties":{"sitecode":"GR4210027","sitename":"KOS: LIMNI PSALIDI - ALYKI","ms":"GR","country":"Greece","sitetype":"A","sitedesc":"SPA (Special Protection Areas)","directive":"http://ec.europa.eu/environment/nature/legislation/birdsdirective/index_en.htm","area_ha":432.89,"mar_perc":0.0,"coast_mar":1,"release_da":"2020-06-30Z","date_spa":"2002-09-30Z","date_sci":null,"date_sac":null,"shape_leng":0.129030479253,"shape_area":0.000437035096012}},"geometry":{"type":"MultiPolygon","coordinates":[[[[27.17788896,36.8909427],[27.17800293,36.89094251],[27.17807332,36.89092203],[27.1781906,36.89091603],[27.17846657,36.89091436],[27.17882768,36.89090469],[27.17897569,36.8908664],[27.17910655,36.89084429],[27.1794972,36.89081667],[27.17979914,36.89079714],[27.18005583,36.89076022],[27.18038729,36.89067982],[27.18073245,36.89062909],[27.18102781,36.89057969],[27.18135797,36.89055368],[27.18152325,36.89054635],[27.18169115,36.89051958],[27.18219842,36.89042244],[27.18241562,36.890378],[27.18252976,36.89033917],[27.18277857,36.89028387],[27.18311803,36.8902247],[27.18321644,36.89022893],[27.18322167,36.89017922],[27.18322333,36.88996938],[27.18322649,36.88977737],[27.18325235,36.88968255],[27.18325367,36.88962029],[27.18327007,36.88954291],[27.18331251,36.88951295],[27.18333139,36.88939252],[27.18334838,36.88933782],[27.18330948,36.88927609],[27.18327449,36.88921981],[27.18327133,36.88914361],[27.18328783,36.88911766],[27.18335769,36.88900778],[27.18345433,36.88883354],[27.18367972,36.88841778],[27.18375205,36.88828437],[27.18380823,36.88818026],[27.18381059,36.88817589],[27.18402487,36.88777878],[27.18443038,36.88696686],[27.18471079,36.88640671],[27.18471369,36.88640092],[27.18477737,36.88627369],[27.18511559,36.88562807],[27.18530534,36.88527783],[27.18548931,36.88492005],[27.1856781,36.88454977],[27.18569511,36.88451639],[27.18591317,36.88412193],[27.18610317,36.88376638],[27.18632181,36.88338621],[27.18652504,36.88299215],[27.18666484,36.88272485],[27.18667076,36.88271353],[27.18671473,36.88262945],[27.18692156,36.88223176],[27.18660963,36.88210011],[27.18643823,36.88202778],[27.18590293,36.88178705],[27.18544125,36.88160394],[27.18491228,36.88137258],[27.18461641,36.88125177],[27.18432056,36.88113097],[27.18386452,36.88094055],[27.18339244,36.88073924],[27.18286852,36.88054473],[27.1821609,36.88022754],[27.18190576,36.88012443],[27.1814355,36.87991083],[27.18131634,36.87986175],[27.18130749,36.8798581],[27.18070181,36.87960863],[27.17928899,36.87903138],[27.17912428,36.87894903],[27.17866366,36.87877635],[27.17855284,36.87873736],[27.17851636,36.87872453],[27.17844201,36.87869837],[27.17814644,36.87861283],[27.17788446,36.87854337],[27.17703738,36.87832028],[27.17642238,36.87816031],[27.17543922,36.87792436],[27.17504339,36.87782528],[27.17468822,36.8777406],[27.17433305,36.87765593],[27.17383901,36.87754993],[27.17334694,36.87742004],[27.17282721,36.87726705],[27.17237102,36.87714334],[27.17159755,36.87695421],[27.17156114,36.87694547],[27.17153413,36.87693898],[27.17065039,36.87672679],[27.16965738,36.87646722],[27.16894065,36.87628608],[27.16816986,36.8760897],[27.1673318,36.87587992],[27.16731472,36.87587565],[27.16724031,36.87585702],[27.16552467,36.87541964],[27.16380944,36.87498854],[27.16373825,36.87496879],[27.16372505,36.87496513],[27.16301168,36.87476721],[27.16213887,36.87454252],[27.16134994,36.87433704],[27.1609992,36.87425101],[27.16094493,36.87423713],[27.16045036,36.87411066],[27.15970373,36.87392311],[27.15958018,36.87389122],[27.15957532,36.87388997],[27.15943686,36.87385423],[27.15889989,36.87371563],[27.15870819,36.8736703],[27.15864327,36.87365373],[27.15859998,36.87364644],[27.15859935,36.87364633],[27.15856259,36.87364014],[27.15838807,36.87359413],[27.15817396,36.87353768],[27.15754619,36.87337217],[27.15725064,36.87414842],[27.15698549,36.8741331],[27.15696737,36.87415176],[27.15707258,36.87520705],[27.15707352,36.87521647],[27.15706619,36.87525632],[27.15713751,36.87585195],[27.15715329,36.87601055],[27.15720649,36.87654511],[27.15723879,36.87686965],[27.15662464,36.87673302],[27.15562488,36.87647065],[27.15529796,36.87638484],[27.15521508,36.87660126],[27.15522187,36.87664412],[27.15526811,36.8766634],[27.15523225,36.87684003],[27.15519464,36.87702524],[27.1551011,36.87700245],[27.15504769,36.87715474],[27.15502462,36.87722049],[27.15466126,36.87715038],[27.15463231,36.87723272],[27.15454171,36.87749031],[27.15478539,36.87755238],[27.1547568,36.87761666],[27.1546929,36.87776036],[27.15468538,36.87777726],[27.15460608,36.87795559],[27.15459129,36.87800643],[27.15429407,36.87793415],[27.15423089,36.87809954],[27.15406847,36.878454],[27.15406722,36.87845674],[27.15399998,36.87860348],[27.15391216,36.87883468],[27.15390898,36.87888112],[27.15387276,36.87901508],[27.15369386,36.8789385],[27.15362941,36.87906759],[27.15351456,36.87929763],[27.15351146,36.87930382],[27.15345446,36.87941799],[27.15330475,36.8797319],[27.15323839,36.8798272],[27.15320589,36.87984522],[27.15315172,36.87991342],[27.15304533,36.88009744],[27.15291483,36.88027796],[27.1528162,36.88041441],[27.15268566,36.88057166],[27.15248357,36.88083512],[27.15236417,36.88093365],[27.152283,36.88107416],[27.15222199,36.88142098],[27.15217925,36.88157231],[27.15217003,36.88160494],[27.1521748,36.88170793],[27.15217515,36.88171555],[27.15204969,36.88195538],[27.15192619,36.88209468],[27.15188748,36.88216297],[27.1518156,36.88225234],[27.1517405,36.88239177],[27.1517334,36.88251004],[27.15173155,36.88254087],[27.15172935,36.88257737],[27.15227661,36.8828333],[27.15265414,36.88299255],[27.1529468,36.88310875],[27.15333759,36.8832295],[27.1535219,36.88329775],[27.15419809,36.88358571],[27.15467734,36.88383972],[27.15494166,36.88397057],[27.15551953,36.8842726],[27.15578453,36.88441567],[27.15610802,36.88462174],[27.15635958,36.88476232],[27.15641194,36.88479485],[27.15651787,36.88484449],[27.15659597,36.88488238],[27.15669237,36.88490183],[27.15676953,36.88489657],[27.15676956,36.88489656],[27.15682724,36.8848741],[27.15697022,36.88480021],[27.15700507,36.88478635],[27.15702333,36.88478273],[27.15707964,36.88477157],[27.15712765,36.88477457],[27.15723823,36.88477878],[27.15732455,36.88479937],[27.15741551,36.88482033],[27.15757373,36.88487937],[27.15765744,36.88492641],[27.15787545,36.88503046],[27.15852305,36.8853327],[27.15918606,36.88564883],[27.15925287,36.88567091],[27.15956697,36.88579335],[27.1598054,36.88591367],[27.16010154,36.88604168],[27.16063325,36.88626832],[27.16104777,36.88645993],[27.16143759,36.88662836],[27.16185458,36.88680798],[27.16234756,36.88703087],[27.16273006,36.88723764],[27.1633936,36.88756565],[27.16391455,36.88781878],[27.16437275,36.88806167],[27.16506891,36.8883888],[27.16551181,36.88862017],[27.16598455,36.88885551],[27.16603458,36.88887856],[27.16650797,36.88906109],[27.16703679,36.88927442],[27.16755376,36.88945946],[27.16798262,36.88962396],[27.16843545,36.88976494],[27.16885572,36.8898939],[27.16916832,36.88995994],[27.16939927,36.89003245],[27.16953837,36.89008023],[27.16977431,36.89014403],[27.17026704,36.89025961],[27.1706725,36.89037466],[27.1708875,36.89044902],[27.17117229,36.89053153],[27.1716125,36.89062563],[27.17180527,36.89063621],[27.17233324,36.89069935],[27.17277921,36.89076038],[27.17319339,36.89082799],[27.17362329,36.89088802],[27.17394876,36.8909208],[27.1742743,36.89095501],[27.17458116,36.89096826],[27.17494287,36.89097289],[27.17529367,36.89097209],[27.17551146,36.89098486],[27.17577604,36.89100925],[27.17607407,36.89102417],[27.17651097,36.89103822],[27.17685228,36.89102337],[27.17732137,36.89099794],[27.17755945,36.89098442],[27.17775614,36.89096056],[27.17788896,36.8909427]]],[[[27.33917083,36.89054109],[27.33925265,36.89053879],[27.33934978,36.89052032],[27.33946847,36.89047872],[27.33955695,36.89038087],[27.33959584,36.89025164],[27.33968452,36.89007333],[27.339776,36.88987408],[27.33998053,36.88962993],[27.3401679,36.88933262],[27.34040129,36.88906977],[27.34060561,36.88890608],[27.34083509,36.88872381],[27.34097863,36.88861249],[27.34115681,36.88853],[27.34135327,36.88844103],[27.34154153,36.88833441],[27.34171061,36.88821343],[27.34184342,36.88811136],[27.34187391,36.88804494],[27.34192579,36.88787362],[27.3420209,36.8877577],[27.34216879,36.88766116],[27.34222866,36.88758796],[27.34225666,36.88749065],[27.3422641,36.88746478],[27.34235953,36.88727138],[27.34251426,36.88690645],[27.34252199,36.88688991],[27.34264015,36.88663726],[27.34273012,36.88649621],[27.34275349,36.88645957],[27.34295942,36.88628212],[27.34322147,36.88612551],[27.34335206,36.88592157],[27.34356137,36.88561768],[27.34370876,36.88532269],[27.34377153,36.88519695],[27.3438799,36.88509616],[27.3439695,36.88504119],[27.34412567,36.88474356],[27.34438069,36.8843311],[27.34459708,36.88405323],[27.34490878,36.88371546],[27.34509442,36.88348137],[27.34516457,36.88338881],[27.34544558,36.88316394],[27.34579706,36.88285366],[27.34596678,36.88266293],[27.34614956,36.8824313],[27.34630629,36.88235059],[27.3465081,36.88228292],[27.34660383,36.88223254],[27.3466836,36.88215639],[27.34680965,36.88191683],[27.34694864,36.88163398],[27.34707132,36.88124996],[27.34711311,36.88111918],[27.34701775,36.88102648],[27.34691199,36.88094855],[27.34685871,36.88090929],[27.3468369,36.88093237],[27.34660738,36.88117531],[27.34660577,36.88117701],[27.34652897,36.8812583],[27.34645546,36.88135871],[27.34661204,36.88163143],[27.34658565,36.88170667],[27.34609296,36.88197684],[27.3459429,36.88206815],[27.34588372,36.88197182],[27.34583904,36.88192731],[27.345769,36.88191376],[27.34571799,36.88197668],[27.34537109,36.88217574],[27.34481081,36.8824683],[27.34466666,36.88248452],[27.34458399,36.88244481],[27.34453066,36.88241294],[27.34450466,36.88236122],[27.34443054,36.88219286],[27.34419851,36.881738],[27.34410686,36.88156771],[27.34408777,36.88150411],[27.34401444,36.88142203],[27.34391227,36.88132479],[27.34379555,36.88124285],[27.34383442,36.88121554],[27.34388824,36.88115681],[27.34386552,36.88111215],[27.34383447,36.88108084],[27.34373474,36.88103955],[27.34369554,36.88097775],[27.3437235,36.88093857],[27.343914,36.88074751],[27.34401426,36.88065296],[27.34404783,36.8806213],[27.34388446,36.88045841],[27.34370268,36.88023705],[27.34351648,36.87998245],[27.34332088,36.87971618],[27.34318222,36.8795973],[27.3430052,36.87972118],[27.34253231,36.88003726],[27.34222645,36.88023658],[27.34197086,36.88043212],[27.3415561,36.88072033],[27.34133252,36.88084748],[27.34118448,36.88092316],[27.34113435,36.88093053],[27.34084271,36.88103364],[27.34036446,36.88115914],[27.33976378,36.88128889],[27.33947263,36.88134953],[27.33861376,36.881504],[27.33797569,36.88159099],[27.33760823,36.88165147],[27.33670882,36.88180177],[27.33614228,36.88186931],[27.33591993,36.8819143],[27.33558603,36.88198896],[27.33520494,36.88209733],[27.33502567,36.88217818],[27.33502151,36.88218006],[27.33493776,36.88221783],[27.3346389,36.88243502],[27.33450445,36.88250776],[27.33435341,36.88258948],[27.33445987,36.88264907],[27.334589,36.88280338],[27.33463813,36.88290927],[27.33465555,36.88293572],[27.33466021,36.88294278],[27.33488205,36.88327939],[27.33491005,36.88330634],[27.33498887,36.88338218],[27.33518699,36.88358928],[27.33522206,36.88362594],[27.33532368,36.88371768],[27.33559662,36.88396407],[27.33614081,36.88444942],[27.33618468,36.8845197],[27.33615776,36.88458304],[27.33553194,36.88494928],[27.33550729,36.88504555],[27.33550657,36.88504833],[27.33563219,36.88529213],[27.33580359,36.88560767],[27.33581053,36.88562043],[27.335975,36.8859232],[27.33606165,36.88605885],[27.33606728,36.88606766],[27.33609842,36.8861164],[27.33618392,36.88629391],[27.33620038,36.8863281],[27.33623319,36.88648511],[27.33627042,36.88657346],[27.33632606,36.88665832],[27.33633749,36.88667575],[27.33638169,36.88674318],[27.33644414,36.88689936],[27.3364464,36.88703637],[27.3364614,36.88712535],[27.33650846,36.88718363],[27.33697704,36.88746547],[27.33743805,36.88773678],[27.33744443,36.88774054],[27.33747963,36.88776126],[27.33750216,36.88778462],[27.33758076,36.88784926],[27.3376195,36.88790632],[27.33763946,36.88794988],[27.33763964,36.88802794],[27.33761721,36.88810903],[27.33754238,36.88817967],[27.33743973,36.88829281],[27.33739245,36.88834732],[27.33728077,36.88847608],[27.33719599,36.88856895],[27.33713559,36.88863512],[27.3369899,36.88878225],[27.33695888,36.88883676],[27.33719855,36.88897306],[27.33719917,36.88898732],[27.33720075,36.88902366],[27.33711857,36.88918093],[27.33701452,36.88937],[27.3370082,36.88941293],[27.33700536,36.88943224],[27.33700511,36.88943382],[27.33698573,36.88955622],[27.33695659,36.88970485],[27.33699091,36.88981116],[27.33717327,36.88997768],[27.33729672,36.89008626],[27.33744981,36.890194],[27.33755923,36.89025291],[27.33765544,36.89028119],[27.33775164,36.89030948],[27.33793579,36.89038059],[27.33815041,36.89046359],[27.3383422,36.89051219],[27.33846985,36.89059443],[27.33863204,36.8906385],[27.33870083,36.89068489],[27.3387173,36.890696],[27.33897393,36.89060067],[27.33904065,36.89057765],[27.33917083,36.89054109]]]]}},{"type":"Feature","properties":{"source_id":"emodnet:natura2000areas/GR4210032","source_name":"EMODnet Human Activities (European Commission DG MARE)","source_version":"2020-06-30Z","feature_type":"protected_area","restriction_class":"INFORMATIONAL","classification_rule":"Natura 2000 designation does not itself prohibit navigation","upstream_layer":"emodnet:natura2000areas","resource":null,"properties":{"sitecode":"GR4210032","sitename":"NISOS NISYROS KAI NISIDES","ms":"GR","country":"Greece","sitetype":"A","sitedesc":"SPA (Special Protection Areas)","directive":"http://ec.europa.eu/environment/nature/legislation/birdsdirective/index_en.htm","area_ha":4726.72,"mar_perc":0.0,"coast_mar":1,"release_da":"2020-06-30Z","date_spa":"2010-03-01Z","date_sci":null,"date_sac":null,"shape_leng":0.630611650805,"shape_area":0.00475422643509}},"geometry":{"type":"MultiPolygon","coordinates":[[[[27.13564607,36.68185394],[27.13566292,36.68184652],[27.13569291,36.68183198],[27.13570042,36.68182865],[27.13570767,36.68182573],[27.13571509,36.6818231],[27.13572273,36.6818208],[27.13573048,36.6818189],[27.13573784,36.6818175],[27.13574519,36.68181648],[27.1357572,36.68181562],[27.13576388,36.68181553],[27.13577703,36.68181604],[27.13579175,36.68181743],[27.13581911,36.68182108],[27.13583888,36.68182334],[27.13585413,36.68182427],[27.13586261,36.68182441],[27.13587661,36.68182405],[27.13588983,36.68182297],[27.13589875,36.68182177],[27.13590819,36.68181998],[27.13591558,36.68181816],[27.13592234,36.6818161],[27.13592982,36.68181333],[27.13593697,36.68181011],[27.13594323,36.68180675],[27.135951,36.68180174],[27.13595587,36.68179803],[27.13596052,36.68179405],[27.13596568,36.68178905],[27.1359752,36.68177834],[27.13599127,36.68175861],[27.1359961,36.68175331],[27.13599971,36.68174974],[27.1360069,36.68174373],[27.13601133,36.68174077],[27.13601532,36.68173856],[27.13602219,36.68173573],[27.13602991,36.68173371],[27.13604,36.68173197],[27.1360544,36.68172996],[27.13606748,36.68172883],[27.13607566,36.68172874],[27.13608347,36.68172909],[27.13611033,36.68173161],[27.13612594,36.68173241],[27.13613514,36.6817323],[27.13614271,36.68173185],[27.13615047,36.68173108],[27.13615727,36.68173015],[27.13617068,36.68172774],[27.13617853,36.68172603],[27.13618972,36.68172323],[27.13619904,36.68172055],[27.13621014,36.68171678],[27.13621994,36.6817128],[27.13623054,36.68170769],[27.13624014,36.68170232],[27.13624933,36.68169652],[27.13625808,36.68169037],[27.13626459,36.68168535],[27.13627518,36.68167633],[27.13629462,36.68165789],[27.13629957,36.68165349],[27.13630388,36.68165001],[27.1363114,36.68164488],[27.13631703,36.6816418],[27.13632362,36.68163886],[27.13635206,36.68162888],[27.1363632,36.68162446],[27.13637231,36.68162034],[27.13638257,36.68161522],[27.1363939,36.68160916],[27.13640729,36.6816016],[27.13641976,36.68159413],[27.13643044,36.68158736],[27.13644288,36.68157888],[27.1364687,36.68156026],[27.1364794,36.6815532],[27.13649259,36.68154561],[27.13650487,36.68153961],[27.13651859,36.68153393],[27.13653525,36.68152811],[27.13655084,36.68152349],[27.13655906,36.68152137],[27.13657371,36.68151815],[27.13658796,36.6815157],[27.13660233,36.68151383],[27.13665201,36.68150941],[27.13666534,36.68150795],[27.13667841,36.68150606],[27.13668642,36.68150457],[27.13669403,36.68150284],[27.13670618,36.68149924],[27.13671373,36.68149634],[27.13672124,36.68149282],[27.1367286,36.68148867],[27.13673363,36.68148539],[27.13673853,36.68148181],[27.13674341,36.68147783],[27.1367481,36.68147359],[27.13675258,36.68146912],[27.13676129,36.68145927],[27.13678152,36.68143368],[27.13678743,36.68142706],[27.13679292,36.68142152],[27.13680205,36.68141328],[27.13682863,36.68139092],[27.1368424,36.6813778],[27.13685139,36.68136825],[27.1368611,36.68135716],[27.13689743,36.68131314],[27.13690037,36.68131019],[27.13690322,36.68130781],[27.13690728,36.6813051],[27.13691011,36.6813036],[27.1369146,36.68130173],[27.13691977,36.68130019],[27.13692545,36.68129913],[27.13693376,36.68129857],[27.13693947,36.68129875],[27.13694545,36.68129935],[27.13695636,36.68130138],[27.13696663,36.6813042],[27.13697544,36.68130717],[27.1370002,36.68131627],[27.13700616,36.68131806],[27.13701481,36.68132003],[27.13702329,36.6813211],[27.1370322,36.68132125],[27.13703694,36.68132093],[27.13704257,36.68132023],[27.1370547,36.68131772],[27.13706838,36.68131371],[27.1370753,36.68131133],[27.13709171,36.68130489],[27.13710639,36.68129817],[27.13711424,36.68129422],[27.13713299,36.68128391],[27.13714371,36.68127762],[27.13717309,36.68125964],[27.13720754,36.68123766],[27.13721881,36.68123013],[27.13723392,36.68121958],[27.13724802,36.68120905],[27.1372611,36.68119853],[27.13727363,36.6811876],[27.13728057,36.68118116],[27.13729392,36.68116791],[27.13730639,36.68115451],[27.13732655,36.68113097],[27.13734186,36.6811119],[27.13735005,36.68110129],[27.13736055,36.68108709],[27.13737043,36.68107294],[27.13739335,36.68103902],[27.1374076,36.68101951],[27.13742424,36.68099867],[27.13745855,36.68095727],[27.13747462,36.68093636],[27.13749009,36.68091433],[27.13750358,36.68089299],[27.13751467,36.68087352],[27.13752659,36.68085054],[27.13754184,36.68081838],[27.13755265,36.68079405],[27.13756311,36.68076934],[27.13757496,36.68074003],[27.13759178,36.68069669],[27.13761548,36.68063442],[27.13762341,36.68061525],[27.13762689,36.68060781],[27.13763406,36.68059421],[27.13764201,36.68058136],[27.13765039,36.68056953],[27.13766406,36.68055232],[27.13767752,36.68053663],[27.13768438,36.68052921],[27.13770818,36.68050471],[27.13771625,36.6804956],[27.13773126,36.68047757],[27.13773749,36.6804706],[27.13774379,36.68046439],[27.1377474,36.68046121],[27.13775751,36.68045347],[27.13776345,36.6804495],[27.13777596,36.68044191],[27.13780755,36.68042363],[27.13783269,36.68040792],[27.13785494,36.68039285],[27.13786575,36.68038505],[27.13787634,36.68037703],[27.13788658,36.68036878],[27.1379002,36.6803568],[27.13790734,36.68034987],[27.13791408,36.68034278],[27.13792314,36.68033207],[27.13792773,36.68032581],[27.13793366,36.6803162],[27.13793621,36.68031117],[27.13793858,36.68030577],[27.13794249,36.68029472],[27.13794944,36.68026947],[27.13795373,36.68025577],[27.13795627,36.68024907],[27.13795914,36.68024254],[27.1379624,36.68023613],[27.13796603,36.68022989],[27.13797003,36.68022383],[27.13797453,36.68021774],[27.13798422,36.68020625],[27.13799851,36.68019112],[27.1380065,36.68018228],[27.13801312,36.68017343],[27.13801727,36.68016613],[27.13802097,36.68015724],[27.13802901,36.68013051],[27.1380327,36.68012004],[27.13803482,36.68011478],[27.13803964,36.68010413],[27.13805823,36.68006725],[27.13806496,36.68005175],[27.13806918,36.68004059],[27.13807284,36.68002939],[27.13807522,36.68002076],[27.13807713,36.68001215],[27.13807849,36.68000357],[27.1380791,36.67999649],[27.13807918,36.67998978],[27.13807874,36.67998354],[27.13807786,36.67997781],[27.13807533,36.67996845],[27.13807178,36.67995964],[27.13805248,36.6799221],[27.13804609,36.67990741],[27.13804327,36.67989975],[27.13804077,36.67989194],[27.13803861,36.67988401],[27.13803682,36.67987597],[27.13803543,36.67986804],[27.1380344,36.67986004],[27.13803371,36.67985197],[27.13803328,36.67983572],[27.13803393,36.67981941],[27.13803558,36.67980096],[27.13804081,36.67975371],[27.13804192,36.67973732],[27.13804224,36.67972105],[27.13804205,36.67971298],[27.13804097,36.67969731],[27.13803913,36.67968212],[27.13803348,36.67964457],[27.13803239,36.6796307],[27.13803232,36.67962437],[27.13803299,36.67961342],[27.1380356,36.67959409],[27.13803593,36.6795898],[27.13803597,36.67958582],[27.13803516,36.67957854],[27.1380331,36.67957151],[27.13803143,36.67956769],[27.13802695,36.67955988],[27.13802122,36.67955187],[27.1379971,36.67952124],[27.13797731,36.67949424],[27.13797019,36.67948392],[27.13796403,36.67947443],[27.13795892,36.67946575],[27.13795395,36.67945616],[27.13794656,36.67943931],[27.13793919,36.67941961],[27.13793498,36.67940627],[27.1379319,36.67939362],[27.13793076,36.67938721],[27.13792982,36.6793797],[27.13792934,36.67937211],[27.13792933,36.67936447],[27.13792984,36.67935679],[27.13793085,36.67934912],[27.13793243,36.67934129],[27.13793455,36.67933353],[27.13793721,36.67932589],[27.13794038,36.6793184],[27.13794406,36.6793111],[27.13794822,36.67930404],[27.13795255,36.67929764],[27.13795726,36.67929149],[27.1379623,36.67928563],[27.13796762,36.67928006],[27.13797316,36.67927481],[27.13797863,36.67927007],[27.1379898,36.67926134],[27.13800929,36.67924736],[27.13802117,36.67923804],[27.13802653,36.6792332],[27.13803108,36.67922858],[27.13803521,36.67922384],[27.13803891,36.67921897],[27.1380423,36.67921387],[27.13804783,36.67920375],[27.13805236,36.67919358],[27.13806315,36.67916632],[27.13806972,36.67915062],[27.13807697,36.67913471],[27.13808283,36.67912281],[27.13808904,36.67911099],[27.13809536,36.67909976],[27.13810207,36.67908868],[27.13811148,36.67907459],[27.1381225,36.67906009],[27.13812841,36.67905309],[27.13813461,36.67904626],[27.13814135,36.67903936],[27.13814841,36.67903263],[27.13815577,36.67902607],[27.13816341,36.67901969],[27.13817945,36.67900746],[27.1381878,36.67900164],[27.13820364,36.67899153],[27.13821857,36.67898308],[27.1382262,36.67897916],[27.13824239,36.67897171],[27.13825095,36.67896821],[27.13826833,36.67896186],[27.13830452,36.67895016],[27.13831554,36.67894623],[27.13832217,36.67894353],[27.13832827,36.67894068],[27.13833375,36.67893769],[27.13833858,36.67893457],[27.13834278,36.67893128],[27.13834634,36.6789279],[27.13834925,36.67892444],[27.13835177,36.67892062],[27.13835366,36.67891677],[27.13835502,36.67891289],[27.13835582,36.67890945],[27.13835655,36.67890206],[27.13835607,36.67889102],[27.13835262,36.67885959],[27.13835168,36.67885394],[27.13834976,36.67884562],[27.13834801,36.67884001],[27.13834579,36.67883417],[27.13834305,36.67882812],[27.1383402,36.67882259],[27.13833345,36.67881101],[27.13831732,36.67878479],[27.13830897,36.67876963],[27.13830506,36.67876178],[27.13829796,36.67874573],[27.13829196,36.67872947],[27.13828938,36.67872136],[27.13828506,36.6787054],[27.13827605,36.67866465],[27.13826707,36.678631],[27.13826483,36.67862152],[27.13826287,36.67861117],[27.13826159,36.67860194],[27.13826072,36.67859272],[27.13826026,36.67858354],[27.13826037,36.67857036],[27.13826103,36.67856182],[27.13826224,36.67855342],[27.1382635,36.67854758],[27.1382651,36.67854194],[27.13826731,36.67853589],[27.13827,36.67853006],[27.13827317,36.67852445],[27.1382768,36.67851906],[27.13828121,36.67851348],[27.13828614,36.67850809],[27.13829151,36.67850287],[27.1382972,36.67849781],[27.13831396,36.67848402],[27.13832435,36.67847491],[27.13832907,36.67847026],[27.13833351,36.67846542],[27.13833761,36.67846039],[27.13834134,36.67845515],[27.13834501,36.67844912],[27.13834825,36.67844273],[27.13835103,36.67843599],[27.13835334,36.67842894],[27.13835517,36.67842171],[27.13835656,36.67841426],[27.13835752,36.67840664],[27.1383581,36.67839889],[27.13835831,36.67839106],[27.13835781,36.6783752],[27.13835628,36.6783592],[27.13835298,36.67833689],[27.13835062,36.67832347],[27.1383322,36.67822701],[27.13833047,36.67821562],[27.13832936,36.67820443],[27.1383291,36.67819726],[27.13832931,36.67819034],[27.13833007,36.67818355],[27.13833141,36.67817716],[27.13833331,36.67817124],[27.13833573,36.67816586],[27.13833788,36.67816208],[27.13834025,36.67815864],[27.1383428,36.67815548],[27.13834652,36.67815157],[27.13835076,36.67814779],[27.13835571,36.67814398],[27.13836739,36.67813634],[27.13840319,36.67811507],[27.13842113,36.6781033],[27.1384337,36.67809411],[27.13843973,36.67808934],[27.13845197,36.67807884],[27.13845813,36.67807314],[27.13846879,36.67806271],[27.13847793,36.67805322],[27.13848545,36.67804497],[27.13849223,36.67803707],[27.13851829,36.67800411],[27.13854947,36.6779667],[27.13855904,36.67795457],[27.13856974,36.67794024],[27.13857665,36.67793053],[27.13858996,36.6779109],[27.13860415,36.67788858],[27.13861577,36.67786843],[27.13863387,36.6778334],[27.13863946,36.67782327],[27.13866001,36.6777897],[27.13866682,36.67777769],[27.13867311,36.67776505],[27.13867825,36.6777528],[27.13868268,36.67774026],[27.13869011,36.67771705],[27.13869595,36.67770157],[27.13870027,36.67769185],[27.13870539,36.67768152],[27.13870916,36.67767463],[27.13871384,36.67766712],[27.13871816,36.67766126],[27.13872406,36.67765457],[27.13872868,36.67765006],[27.13873402,36.67764539],[27.13874636,36.67763591],[27.13877189,36.67761788],[27.13878404,36.67760869],[27.1387987,36.67759638],[27.13880578,36.67758985],[27.13881265,36.67758309],[27.13881929,36.67757612],[27.13882568,36.67756895],[27.1388318,36.67756163],[27.13883762,36.67755416],[27.13884314,36.67754654],[27.13884832,36.6775388],[27.13885639,36.67752522],[27.13886335,36.67751135],[27.13886638,36.67750434],[27.13886943,36.6774964],[27.1388721,36.67748844],[27.1388744,36.67748047],[27.13887794,36.67746499],[27.13888246,36.67743889],[27.1388855,36.67742345],[27.13888861,36.67741167],[27.13889295,36.67739913],[27.13889579,36.6773922],[27.13890057,36.67738168],[27.1389124,36.67735731],[27.13892622,36.67732791],[27.13893372,36.67731325],[27.13894209,36.67729908],[27.13894674,36.67729211],[27.13895172,36.67728525],[27.13895726,36.67727821],[27.13896317,36.6772713],[27.13896942,36.67726452],[27.13897601,36.67725787],[27.13898288,36.6772514],[27.13899002,36.67724508],[27.13899742,36.67723894],[27.13900504,36.67723301],[27.13901289,36.6772273],[27.13902096,36.67722185],[27.13902923,36.67721669],[27.1390377,36.67721185],[27.13904637,36.67720735],[27.13905495,36.67720335],[27.13906375,36.67719968],[27.13907275,36.67719636],[27.13908195,36.6771934],[27.13909131,36.67719082],[27.13910081,36.67718864],[27.13910966,36.67718698],[27.1391186,36.67718567],[27.13912758,36.67718471],[27.13913659,36.67718411],[27.1391456,36.67718385],[27.13915459,36.67718395],[27.13916391,36.67718441],[27.13917319,36.67718522],[27.1391824,36.67718636],[27.13919152,36.67718779],[27.13920935,36.67719133],[27.13925278,36.67720168],[27.13927103,36.67720525],[27.13929032,36.67720818],[27.13930482,36.67721001],[27.13932232,36.67721178],[27.13933234,36.67721251],[27.13934255,36.677213],[27.13935284,36.67721318],[27.13936182,36.67721304],[27.1393708,36.67721261],[27.13937975,36.67721187],[27.13938866,36.6772108],[27.1393987,36.67720918],[27.13940862,36.67720713],[27.13941838,36.67720465],[27.13942799,36.67720176],[27.13943709,36.67719861],[27.1394461,36.67719511],[27.13945503,36.67719129],[27.13947267,36.67718288],[27.13948356,36.67717724],[27.13956592,36.67713181],[27.13958175,36.67712272],[27.13958945,36.67711804],[27.13959691,36.6771133],[27.13961159,36.6771033],[27.13962601,36.67709264],[27.13963594,36.67708489],[27.13966502,36.67706093],[27.13973424,36.67700234],[27.13975026,36.67698961],[27.13975846,36.67698365],[27.13976491,36.67697934],[27.13977141,36.67697538],[27.13977855,36.6769715],[27.13978569,36.67696817],[27.13979277,36.6769654],[27.13979972,36.67696322],[27.13980647,36.6769616],[27.1398131,36.67696047],[27.13981956,36.67695977],[27.13982641,36.67695943],[27.13983371,36.67695945],[27.13984609,36.67696019],[27.13985859,36.67696156],[27.13986791,36.67696282],[27.13990511,36.67696852],[27.13992221,36.67697141],[27.13993546,36.67697425],[27.1399404,36.67697558],[27.13994908,36.67697849],[27.1399563,36.67698165],[27.13996332,36.67698554],[27.1399672,36.67698805],[27.13998608,36.67700193],[27.13998948,36.67700405],[27.13999344,36.67700607],[27.13999704,36.67700736],[27.14000017,36.67700793],[27.14000277,36.67700793],[27.14000475,36.67700756],[27.14000656,36.67700688],[27.14000828,36.67700586],[27.14000998,36.67700434],[27.14001166,36.67700214],[27.1400132,36.67699917],[27.14001449,36.67699541],[27.14001558,36.67699026],[27.14001625,36.67698433],[27.14001657,36.67697783],[27.14001675,36.67695033],[27.14001725,36.67694347],[27.14001821,36.67693664],[27.14001969,36.67692997],[27.14002175,36.67692354],[27.14002439,36.67691739],[27.14002747,36.67691177],[27.14003111,36.67690636],[27.14003527,36.67690122],[27.14004001,36.67689629],[27.14004704,36.67689024],[27.14005468,36.67688495],[27.14005889,36.67688252],[27.14006555,36.67687928],[27.14007155,36.67687689],[27.14008787,36.67687119],[27.1400963,36.67686755],[27.14010008,36.67686547],[27.14010406,36.67686283],[27.14010799,36.6768596],[27.14011171,36.67685569],[27.140115,36.67685111],[27.14011731,36.67684673],[27.14011903,36.67684198],[27.1401201,36.67683696],[27.14012044,36.67683177],[27.14012003,36.67682651],[27.14011887,36.67682125],[27.14011696,36.67681611],[27.14011433,36.67681117],[27.14011106,36.67680652],[27.14010719,36.67680222],[27.14010279,36.6767983],[27.14009778,36.67679469],[27.14009221,36.67679143],[27.14008613,36.67678853],[27.14007959,36.67678601],[27.14007266,36.67678387],[27.1400654,36.67678207],[27.14005763,36.67678054],[27.1400495,36.67677926],[27.14002378,36.67677607],[27.14001434,36.67677479],[27.14000505,36.67677325],[27.13999608,36.67677138],[27.1399873,36.67676903],[27.13997919,36.67676623],[27.13997185,36.67676299],[27.13996532,36.67675933],[27.13996019,36.67675573],[27.13995555,36.67675173],[27.13995142,36.6767473],[27.13994784,36.67674247],[27.13994485,36.67673727],[27.13994248,36.67673183],[27.13994067,36.67672607],[27.13993942,36.67672002],[27.13993869,36.67671374],[27.13993843,36.67670666],[27.13993894,36.67669555],[27.13994141,36.6766759],[27.1399459,36.67665067],[27.13994896,36.67663661],[27.13995273,36.67662283],[27.13995499,36.67661613],[27.13995748,36.6766097],[27.13996031,36.67660333],[27.1399635,36.67659703],[27.13996706,36.67659081],[27.13997193,36.67658331],[27.13997735,36.67657596],[27.13998329,36.67656878],[27.13998972,36.67656181],[27.1399966,36.67655508],[27.14000386,36.67654862],[27.14001149,36.67654245],[27.14001943,36.6765366],[27.14002675,36.67653166],[27.14003428,36.67652699],[27.14004199,36.6765226],[27.14005456,36.67651624],[27.14006742,36.67651075],[27.14007617,36.67650766],[27.14008473,36.67650517],[27.14009299,36.67650333],[27.14010082,36.67650214],[27.14010808,36.67650155],[27.14011475,36.67650147],[27.1401193,36.67650167],[27.14012817,36.67650264],[27.14013351,36.67650355],[27.14015648,36.67650868],[27.14016311,36.67650997],[27.14016976,36.67651096],[27.14017641,36.67651154],[27.14018254,36.67651165],[27.14018875,36.67651132],[27.14019502,36.67651048],[27.14020128,36.6765091],[27.14020828,36.67650684],[27.14021509,36.67650386],[27.1402216,36.67650019],[27.14022779,36.67649585],[27.14023357,36.67649095],[27.14023895,36.67648556],[27.1402433,36.6764806],[27.14024964,36.67647248],[27.14026944,36.67644444],[27.14027952,36.67643121],[27.14029037,36.6764185],[27.14030201,36.67640657],[27.14031153,36.67639796],[27.1403216,36.67638991],[27.14032893,36.67638471],[27.14033624,36.67638007],[27.14034378,36.67637584],[27.14035152,36.67637204],[27.14035938,36.67636874],[27.14036681,36.67636609],[27.14037416,36.67636391],[27.14038134,36.67636219],[27.1403883,36.67636088],[27.14039602,36.67635982],[27.14040997,36.67635876],[27.14044342,36.67635793],[27.14048613,36.67635617],[27.14050386,36.67635602],[27.14052061,36.67635674],[27.14055624,36.67636004],[27.14056247,36.67636029],[27.14056738,36.67636023],[27.14057187,36.6763599],[27.14057594,36.67635931],[27.1405805,36.6763582],[27.14058458,36.6763567],[27.14058821,36.67635482],[27.14059066,36.67635315],[27.14059292,36.67635123],[27.14059501,36.67634905],[27.14059725,36.67634605],[27.14059926,36.67634255],[27.14060099,36.67633853],[27.14060242,36.67633405],[27.14060363,36.676329],[27.14060905,36.67629558],[27.14061173,36.67628358],[27.14061996,36.67625063],[27.14062364,36.67623119],[27.14062669,36.67621048],[27.14062841,36.67619565],[27.14062907,36.67618556],[27.140629,36.67617571],[27.14062847,36.67616983],[27.14062752,36.6761643],[27.14062617,36.67615914],[27.14062442,36.67615429],[27.14062223,36.67614961],[27.14061961,36.67614508],[27.14061656,36.67614069],[27.14061241,36.67613566],[27.14060774,36.67613075],[27.14059106,36.67611547],[27.14058675,36.67611129],[27.14058289,36.67610714],[27.14057918,36.67610248],[27.14057616,36.67609777],[27.14057383,36.676093],[27.14057233,36.67608861],[27.14057136,36.67608402],[27.14057097,36.67607927],[27.14057121,36.6760738],[27.14057212,36.6760683],[27.1405736,36.67606285],[27.14058156,36.67604166],[27.14058247,36.67603769],[27.14058276,36.67603441],[27.14058257,36.67603157],[27.14058201,36.67602917],[27.1405811,36.67602696],[27.14057977,36.67602476],[27.14057789,36.67602251],[27.14057522,36.67602009],[27.14057166,36.67601761],[27.14056722,36.67601514],[27.14056205,36.67601276],[27.14052956,36.67600057],[27.14052308,36.67599771],[27.14051775,36.67599507],[27.14050783,36.67598922],[27.14050301,36.67598588],[27.14049462,36.67597922],[27.14048682,36.67597195],[27.14048146,36.67596626],[27.14047644,36.67596033],[27.14046941,36.67595072],[27.14046345,36.67594087],[27.14045855,36.67593065],[27.14045648,36.6759253],[27.14045407,36.67591759],[27.14045224,36.67590965],[27.140451,36.67590151],[27.14045033,36.67589321],[27.14045023,36.67588478],[27.14045065,36.67587628],[27.14045142,36.67586889],[27.14045399,36.67585405],[27.14045572,36.67584663],[27.14046025,36.67583066],[27.14047496,36.67578764],[27.14048114,36.67576747],[27.14048326,36.67575894],[27.14048493,36.67575057],[27.14048611,36.67574234],[27.14048675,36.67573431],[27.14048683,36.67572651],[27.14048637,36.67571893],[27.14048555,36.67571245],[27.14048434,36.67570594],[27.14048273,36.67569923],[27.1404808,36.67569257],[27.14047598,36.67567897],[27.14046208,36.67564601],[27.14045944,36.67563876],[27.14045731,36.67563163],[27.14045577,36.67562466],[27.14045488,36.67561792],[27.14045466,36.67561136],[27.14045508,36.67560487],[27.14045619,36.6755982],[27.14045803,36.67559132],[27.1404606,36.67558427],[27.14046386,36.67557711],[27.14046776,36.67556989],[27.14047158,36.67556362],[27.14048026,36.67555109],[27.14048775,36.67554138],[27.14049568,36.67553177],[27.1405124,36.67551278],[27.14052733,36.67549673],[27.14054393,36.67547979],[27.14055448,36.67546969],[27.14056792,36.67545785],[27.14058082,36.67544779],[27.14058743,36.67544316],[27.14060063,36.67543492],[27.14060739,36.67543117],[27.14062067,36.67542455],[27.14064215,36.67541518],[27.14066608,36.67540553],[27.14068752,36.67539745],[27.14069836,36.67539377],[27.14070779,36.67539091],[27.14071722,36.67538842],[27.14072663,36.67538635],[27.14073596,36.67538474],[27.1407452,36.6753836],[27.1407542,36.67538293],[27.14076328,36.67538268],[27.14077467,36.67538291],[27.14078605,36.67538373],[27.14079741,36.67538511],[27.14080517,36.67538639],[27.14082038,36.67538968],[27.14083583,36.67539397],[27.14086894,36.67540474],[27.14088791,36.67541062],[27.14090541,36.67541529],[27.14092104,36.67541859],[27.14092869,36.67541982],[27.14093653,36.67542075],[27.14094408,36.67542127],[27.14095126,36.67542135],[27.14095796,36.67542097],[27.14096421,36.67542012],[27.14096984,36.67541882],[27.14097479,36.67541713],[27.14097849,36.67541542],[27.14098174,36.67541347],[27.1409846,36.67541129],[27.1409872,36.67540878],[27.14098946,36.67540593],[27.14099137,36.67540272],[27.14099314,36.67539834],[27.14099425,36.67539343],[27.14099461,36.67538807],[27.14099421,36.67538233],[27.14099304,36.6753763],[27.14099081,36.67536918],[27.14098768,36.67536186],[27.14098377,36.67535445],[27.14097921,36.67534705],[27.14097414,36.67533974],[27.14096315,36.67532567],[27.14094757,36.67530714],[27.14094343,36.67530188],[27.14094001,36.67529706],[27.1409372,36.67529232],[27.14093533,36.67528815],[27.14093429,36.67528451],[27.14093392,36.6752815],[27.140934,36.67527905],[27.14093448,36.67527645],[27.1409356,36.67527337],[27.14093766,36.67526982],[27.14094083,36.67526597],[27.14094512,36.67526198],[27.14095038,36.67525795],[27.14097548,36.67524176],[27.14098092,36.67523786],[27.14098583,36.67523391],[27.14099214,36.67522777],[27.14099706,36.67522148],[27.14099904,36.67521821],[27.14100084,36.67521461],[27.14100236,36.67521076],[27.14100451,36.67520222],[27.14100506,36.67519784],[27.14100527,36.67519336],[27.14100514,36.67518888],[27.14100385,36.67518007],[27.1410027,36.67517588],[27.14100121,36.67517184],[27.1409987,36.67516666],[27.14099542,36.67516145],[27.14099156,36.6751565],[27.14098685,36.67515148],[27.14098129,36.67514644],[27.14097494,36.67514142],[27.14096825,36.6751367],[27.14095719,36.67512974],[27.14094552,36.67512311],[27.14093738,36.67511879],[27.14092039,36.67511032],[27.14091166,36.67510624],[27.14090286,36.67510234],[27.14089158,36.6750977],[27.1408802,36.67509355],[27.1408687,36.67509007],[27.14086073,36.67508817],[27.1408532,36.67508681],[27.14084617,36.67508598],[27.14083573,36.67508556],[27.14082573,36.67508605],[27.14081466,36.67508747],[27.14080211,36.67508986],[27.1407882,36.67509315],[27.14077335,36.67509723],[27.14073186,36.67511032],[27.14072242,36.67511305],[27.140713,36.67511541],[27.14070368,36.67511727],[27.14069453,36.67511855],[27.14068711,36.67511913],[27.14067978,36.67511924],[27.14067253,36.67511888],[27.14066539,36.67511804],[27.14065761,36.67511652],[27.14064996,36.67511437],[27.14064246,36.6751116],[27.1406352,36.67510821],[27.14062824,36.67510423],[27.14062168,36.67509975],[27.14061548,36.67509475],[27.14060965,36.67508927],[27.14060426,36.67508337],[27.14059932,36.6750771],[27.14059489,36.67507054],[27.14059097,36.67506372],[27.14058759,36.67505669],[27.14058471,36.67504938],[27.14058239,36.6750419],[27.14058064,36.6750343],[27.14057946,36.67502661],[27.14057887,36.6750189],[27.14057888,36.67501121],[27.14057957,36.6750029],[27.140581,36.67499475],[27.14058317,36.67498683],[27.14058606,36.67497922],[27.14058966,36.67497193],[27.1405934,36.67496585],[27.1405977,36.67496001],[27.14060255,36.67495443],[27.14060792,36.67494912],[27.1406138,36.6749441],[27.14062098,36.67493881],[27.14062875,36.67493386],[27.14063704,36.67492925],[27.14064578,36.67492498],[27.1406549,36.67492102],[27.14066318,36.67491774],[27.1406802,36.67491165],[27.14070121,36.67490454],[27.14072084,36.67489726],[27.14072797,36.67489423],[27.1407354,36.67489071],[27.14074248,36.67488692],[27.14074918,36.67488285],[27.14075546,36.67487848],[27.1407613,36.67487383],[27.1407667,36.6748689],[27.14077206,36.6748632],[27.14077699,36.6748571],[27.14078146,36.6748506],[27.14078548,36.67484375],[27.14078915,36.67483639],[27.14079231,36.67482882],[27.14079506,36.67482085],[27.1407973,36.67481276],[27.14079905,36.6748046],[27.14080033,36.67479639],[27.14080116,36.67478843],[27.14080165,36.67478039],[27.14080183,36.67476411],[27.1408011,36.67474459],[27.14079968,36.67472546],[27.14079565,36.67468518],[27.14079538,36.67467603],[27.14079576,36.67466693],[27.1407964,36.67466059],[27.14079862,36.67464689],[27.14080271,36.67462518],[27.14080371,36.67461799],[27.14080432,36.67461092],[27.14080447,36.67460378],[27.14080411,36.67459675],[27.14080321,36.67458984],[27.14080181,36.67458304],[27.14080047,36.67457809],[27.14079709,36.67456809],[27.14078778,36.67454498],[27.14078521,36.67453795],[27.140783,36.6745309],[27.14078128,36.67452383],[27.14078024,36.67451775],[27.14077965,36.67451167],[27.14077954,36.67450559],[27.14077993,36.67449956],[27.1407808,36.67449359],[27.14078216,36.6744877],[27.14078398,36.67448191],[27.14078621,36.67447625],[27.14078879,36.67447074],[27.14079167,36.67446539],[27.14080925,36.67443732],[27.14081165,36.67443274],[27.1408137,36.67442801],[27.14081529,36.67442322],[27.14081636,36.67441832],[27.1408168,36.67441443],[27.14081686,36.67441039],[27.14081652,36.67440621],[27.14081564,36.67440152],[27.14081421,36.67439675],[27.14081222,36.67439193],[27.14080916,36.67438617],[27.14080534,36.67438039],[27.14080084,36.67437462],[27.14079575,36.67436889],[27.14078989,36.67436289],[27.14076462,36.6743389],[27.14075873,36.67433282],[27.14075326,36.67432664],[27.14074849,36.67432067],[27.14074406,36.67431445],[27.14073998,36.67430797],[27.14073628,36.67430121],[27.14073298,36.67429422],[27.14073009,36.67428703],[27.1407276,36.67427966],[27.14072551,36.67427217],[27.14072378,36.67426456],[27.14072124,36.67424885],[27.14072035,36.67424087],[27.14071706,36.67420071],[27.14071517,36.67418493],[27.14071394,36.67417715],[27.14071055,36.67416015],[27.14070239,36.67412607],[27.14070058,36.6741176],[27.14069903,36.67410916],[27.14069695,36.67409292],[27.14069614,36.67407699],[27.14069646,36.67405773],[27.14070065,36.67399699],[27.14070133,36.67397286],[27.14070096,36.67395674],[27.14069977,36.6739407],[27.14069766,36.67392478],[27.14069619,36.67391656],[27.14069249,36.67390019],[27.1406903,36.67389202],[27.14068531,36.67387578],[27.14067828,36.6738559],[27.14066909,36.67383242],[27.14065916,36.67380871],[27.14064675,36.67378149],[27.14063404,36.6737566],[27.14062484,36.67374026],[27.14061501,36.67372419],[27.1406051,36.67370927],[27.1405952,36.67369546],[27.14057941,36.67367519],[27.1405599,36.67365217],[27.14051944,36.67360649],[27.1404698,36.67354986],[27.14044384,36.67352073],[27.14042625,36.6735015],[27.14040773,36.67348203],[27.14034361,36.67341609],[27.14031998,36.6733927],[27.14030626,36.67338014],[27.14029238,36.67336839],[27.14026163,36.67334446],[27.14024921,36.67333438],[27.14023635,36.6733229],[27.14022396,36.67331056],[27.14021763,36.67330374],[27.14020536,36.67328961],[27.14016957,36.67324576],[27.14015077,36.67322432],[27.14013081,36.67320349],[27.14008342,36.67315738],[27.14007093,36.67314425],[27.14006506,36.67313757],[27.14005948,36.67313079],[27.14005399,36.67312359],[27.14004882,36.67311622],[27.14004397,36.67310866],[27.14003944,36.67310094],[27.14003524,36.67309306],[27.14003138,36.67308505],[27.14002787,36.67307693],[27.1400247,36.67306871],[27.14001994,36.67305377],[27.14001641,36.67303866],[27.14001419,36.67302349],[27.14001358,36.67301589],[27.1400133,36.67300725],[27.14001343,36.67299857],[27.14001396,36.67298986],[27.14001486,36.67298112],[27.14001611,36.67297239],[27.14001933,36.67295608],[27.1400212,36.67294851],[27.14002561,36.67293353],[27.14003122,36.67291794],[27.14003811,36.67290169],[27.14004581,36.6728856],[27.14005846,36.67286172],[27.1400697,36.67284203],[27.14008868,36.67281094],[27.14010094,36.67279225],[27.14011084,36.67277802],[27.14012114,36.67276399],[27.14013187,36.6727502],[27.14014261,36.67273715],[27.14015092,36.67272748],[27.14016769,36.67270889],[27.14018467,36.67269112],[27.14019871,36.67267722],[27.14022062,36.67265702],[27.14024351,36.67263746],[27.14027898,36.67260883],[27.14032727,36.67257131],[27.14036396,36.67254383],[27.14038,36.67253228],[27.14040006,36.67251831],[27.14041229,36.67251011],[27.14042883,36.67249943],[27.14044525,36.67248942],[27.14046202,36.67247994],[27.14047915,36.67247118],[27.14048786,36.67246715],[27.14049658,36.67246342],[27.14050538,36.67246001],[27.14051424,36.67245693],[27.14052313,36.67245423],[27.14053201,36.67245193],[27.14054087,36.67245006],[27.14054967,36.67244861],[27.14055836,36.67244759],[27.14056702,36.67244696],[27.14057566,36.67244669],[27.14058301,36.67244671],[27.1405943,36.6724471],[27.14061389,36.67244849],[27.14063078,36.67245008],[27.14065478,36.6724527],[27.14067018,36.67245463],[27.14070017,36.67245923],[27.14072444,36.67246379],[27.14074813,36.67246889],[27.14079927,36.67248137],[27.1408176,36.67248534],[27.14082642,36.67248684],[27.14083495,36.67248794],[27.14084325,36.67248861],[27.1408567,36.67248886],[27.14086377,36.67248859],[27.14087109,36.67248805],[27.14088058,36.67248702],[27.14089398,36.67248507],[27.14093119,36.67247858],[27.14094161,36.67247696],[27.14095198,36.67247561],[27.14096225,36.67247464],[27.14097129,36.67247415],[27.14098018,36.67247405],[27.14098888,36.6724744],[27.14099737,36.67247521],[27.14100508,36.67247641],[27.14101256,36.67247804],[27.14101977,36.6724801],[27.14102668,36.67248259],[27.1410339,36.67248582],[27.1410407,36.67248953],[27.14104703,36.67249369],[27.14105289,36.67249826],[27.1410583,36.67250322],[27.14106303,36.67250825],[27.1410675,36.67251368],[27.14107174,36.6725195],[27.14107578,36.67252565],[27.14107965,36.67253206],[27.14109549,36.67256026],[27.14110407,36.67257393],[27.14110915,36.672581],[27.14111461,36.67258782],[27.14112048,36.67259437],[27.14112676,36.67260057],[27.14113343,36.67260638],[27.14114071,36.67261194],[27.14114832,36.67261695],[27.14115617,36.67262136],[27.14116413,36.6726251],[27.14117107,36.67262776],[27.14117789,36.67262983],[27.14118448,36.6726313],[27.14119068,36.67263218],[27.14119591,36.67263251],[27.14120062,36.67263247],[27.14120479,36.67263214],[27.14120976,36.67263135],[27.14121395,36.67263036],[27.14121831,36.67262901],[27.14122232,36.67262752],[27.14124207,36.6726189],[27.1412474,36.67261687],[27.14125279,36.67261516],[27.14125811,36.67261388],[27.1412632,36.67261306],[27.1412707,36.67261265],[27.14127775,36.67261315],[27.14128167,36.67261377],[27.14129049,36.67261593],[27.14131714,36.67262491],[27.14132807,36.67262804],[27.14134011,36.67263065],[27.14134821,36.67263196],[27.14136731,36.67263459],[27.14137642,36.67263618],[27.14138248,36.67263747],[27.1413962,36.67264118],[27.14140364,36.67264363],[27.14141131,36.67264647],[27.14142671,36.67265303],[27.14144587,36.67266244],[27.14149989,36.67269136],[27.14152528,36.67270416],[27.14154023,36.67271102],[27.14154752,36.67271406],[27.1415603,36.67271875],[27.14157265,36.67272253],[27.14157929,36.6727243],[27.14165651,36.67274297],[27.1416748,36.67274684],[27.14169403,36.6727503],[27.14170883,36.67275262],[27.14174349,36.67275751],[27.14177209,36.67276119],[27.14178425,36.67276249],[27.14180164,36.67276379],[27.14181106,36.67276414],[27.14182054,36.67276422],[27.14183007,36.67276402],[27.14183942,36.67276354],[27.14185826,36.6727618],[27.14187786,36.67275906],[27.1419,36.67275512],[27.14193689,36.67274739],[27.14198204,36.67273699],[27.1420061,36.67273105],[27.14205531,36.67271821],[27.14206913,36.67271484],[27.14208291,36.67271188],[27.142092,36.67271024],[27.14210056,36.67270898],[27.14211556,36.67270757],[27.14212639,36.67270721],[27.14216191,36.67270742],[27.14220151,36.67270562],[27.14220902,36.67270547],[27.14222372,36.67270584],[27.14223067,36.67270641],[27.14223775,36.67270727],[27.14224499,36.67270846],[27.14225238,36.67270996],[27.14225988,36.67271177],[27.14226925,36.67271438],[27.14230577,36.67272609],[27.14231371,36.67272839],[27.14232153,36.67273037],[27.14232922,36.67273196],[27.14233718,36.67273315],[27.14234496,36.6727338],[27.14235253,36.67273389],[27.14236007,36.67273338],[27.14236746,36.67273227],[27.14237469,36.67273054],[27.14238212,36.67272805],[27.1423893,36.67272491],[27.1423962,36.67272114],[27.14240279,36.67271682],[27.14240917,36.67271195],[27.14241535,36.67270663],[27.14242136,36.67270097],[27.14243755,36.67268472],[27.14244835,36.67267467],[27.14245381,36.67267017],[27.14245936,36.67266605],[27.14246501,36.67266228],[27.14247103,36.6726587],[27.14247748,36.67265526],[27.14249134,36.67264893],[27.14252856,36.6726345],[27.14254261,36.67262852],[27.14255565,36.67262215],[27.14256188,36.67261873],[27.1425688,36.67261461],[27.14257547,36.67261029],[27.14258858,36.67260081],[27.14260799,36.67258497],[27.14263178,36.67256398],[27.14264602,36.6725505],[27.14265472,36.67254116],[27.14265844,36.67253655],[27.14266185,36.6725317],[27.14266464,36.67252696],[27.14266687,36.67252229],[27.14266869,36.67251734],[27.14267008,36.67251205],[27.14267092,36.67250705],[27.1426714,36.67250173],[27.14267137,36.67248936],[27.14267043,36.67246855],[27.14267062,36.67246189],[27.14267116,36.67245632],[27.14267211,36.67245087],[27.14267349,36.67244549],[27.14267579,36.67243903],[27.14267889,36.67243245],[27.14268285,36.67242576],[27.14268764,36.67241901],[27.14269321,36.67241229],[27.14269947,36.67240564],[27.14270635,36.67239909],[27.14271367,36.67239272],[27.14272143,36.67238651],[27.14272954,36.67238048],[27.14273788,36.67237468],[27.14274649,36.67236908],[27.14275521,36.67236377],[27.14276402,36.67235876],[27.14277285,36.67235406],[27.14278163,36.6723497],[27.14279715,36.67234262],[27.1428484,36.67232091],[27.14286024,36.67231623],[27.14286647,36.67231416],[27.14287232,36.6723126],[27.14287773,36.67231161],[27.14288188,36.67231119],[27.14288588,36.67231108],[27.14288977,36.6723113],[27.14289362,36.67231183],[27.14289806,36.67231286],[27.14290281,36.67231448],[27.14290783,36.67231677],[27.14291302,36.67231978],[27.14291827,36.67232351],[27.1429242,36.67232852],[27.14293007,36.67233428],[27.14293583,36.67234066],[27.14294437,36.67235113],[27.14296377,36.6723769],[27.14297493,36.6723911],[27.14298065,36.67239783],[27.14298929,36.67240705],[27.14299828,36.67241516],[27.1430043,36.67241958],[27.14301015,36.67242303],[27.1430157,36.67242548],[27.14302088,36.67242701],[27.143025,36.6724277],[27.143029,36.67242791],[27.14303295,36.67242766],[27.14303643,36.67242707],[27.14304004,36.67242608],[27.14304413,36.6724245],[27.14304833,36.67242236],[27.14305256,36.67241965],[27.14306115,36.67241248],[27.14306512,36.67240836],[27.14306931,36.67240342],[27.14307333,36.67239809],[27.14308036,36.6723874],[27.14308938,36.67237231],[27.14309524,36.67236335],[27.14310221,36.67235513],[27.14310556,36.6723522],[27.14310883,36.67234993],[27.14311149,36.67234846],[27.14311487,36.67234701],[27.14312046,36.67234538],[27.14312903,36.67234414],[27.14313757,36.67234376],[27.14314517,36.67234384],[27.143161,36.6723447],[27.14320294,36.6723487],[27.14321615,36.67234916],[27.14322417,36.67234893],[27.14323338,36.67234829],[27.14324891,36.67234671],[27.14326007,36.67234524],[27.14326827,36.67234387],[27.14328497,36.67234024],[27.14329361,36.6723379],[27.14330934,36.67233278],[27.14332403,36.67232695],[27.14333311,36.67232284],[27.1433431,36.67231788],[27.14347502,36.6722423],[27.14349822,36.67217612],[27.14349289,36.67204514],[27.14348804,36.67192606],[27.14348828,36.67175022],[27.14354151,36.67152178],[27.14357252,36.67150409],[27.1435986,36.67148884],[27.14361458,36.67147869],[27.14362845,36.67146897],[27.1436414,36.67145883],[27.14365387,36.67144776],[27.14365986,36.67144186],[27.1436713,36.67142942],[27.14367665,36.67142304],[27.14368685,36.67140984],[27.14371602,36.67136826],[27.14372585,36.67135517],[27.14373594,36.67134311],[27.14374128,36.6713373],[27.1437524,36.67132636],[27.1437583,36.67132113],[27.14376442,36.67131605],[27.14377675,36.67130675],[27.14378975,36.67129798],[27.14379815,36.67129274],[27.14381051,36.67128549],[27.14382315,36.67127849],[27.14386535,36.67125654],[27.14388692,36.67124466],[27.14389958,36.67123688],[27.14390581,36.67123271],[27.14391804,36.67122366],[27.14392402,36.67121873],[27.14393007,36.6712133],[27.14393527,36.67120821],[27.14394017,36.67120298],[27.14394882,36.67119249],[27.14395255,36.67118736],[27.14395903,36.67117737],[27.14397274,36.6711529],[27.14397881,36.67114282],[27.14398224,36.67113764],[27.14398978,36.67112744],[27.14399391,36.6711224],[27.14400302,36.67111226],[27.1440142,36.67110102],[27.1440234,36.67109235],[27.14405752,36.67106154],[27.14409489,36.67102652],[27.14410821,36.67101488],[27.14413169,36.6709952],[27.14414225,36.67098581],[27.14415345,36.67097493],[27.14416396,36.67096338],[27.14417329,36.6709514],[27.1441808,36.67094],[27.14418687,36.67092917],[27.14419419,36.67091365],[27.14419747,36.67090569],[27.14443445,36.67063745],[27.14451163,36.67053408],[27.14456701,36.67044023],[27.14458566,36.67035331],[27.14466378,36.67020563],[27.14467031,36.67020028],[27.1446792,36.67019225],[27.14468328,36.67018812],[27.14468815,36.67018263],[27.14469255,36.67017695],[27.14469645,36.67017106],[27.14469966,36.6701653],[27.14470242,36.67015931],[27.14470472,36.6701531],[27.14470657,36.6701467],[27.14470818,36.67013898],[27.1447817,36.67007991],[27.14482416,36.6699417],[27.14482598,36.66980456],[27.14478569,36.66963278],[27.14471765,36.66950643],[27.14465967,36.66944538],[27.14459612,36.66942917],[27.1445402,36.66941873],[27.14451263,36.66937774],[27.14442394,36.66919829],[27.14436487,36.66911044],[27.14432416,36.66901913],[27.14418469,36.66886487],[27.14392988,36.66860338],[27.14386676,36.6685067],[27.14385313,36.66844448],[27.1438215,36.66839465],[27.14373505,36.66836118],[27.14339622,36.66830754],[27.14314953,36.66824551],[27.14289673,36.66812404],[27.14263284,36.66800286],[27.14248296,36.66795616],[27.14221556,36.66793044],[27.14210911,36.66795113],[27.14201939,36.66801907],[27.1419716,36.66802629],[27.14194464,36.66800018],[27.14189272,36.66790618],[27.14182154,36.66788422],[27.14173666,36.66788944],[27.14167348,36.66788217],[27.14160993,36.66786597],[27.14156352,36.66781653],[27.14149913,36.66777949],[27.14136512,36.66775918],[27.14128225,36.66772263],[27.14121367,36.66767378],[27.14114128,36.66762204],[27.14106137,36.66756753],[27.14099829,36.66748592],[27.14100136,36.66748033],[27.14100693,36.6674688],[27.14101139,36.66745789],[27.14101409,36.6674505],[27.1410283,36.66740781],[27.14105164,36.66734397],[27.14105559,36.66733142],[27.14105856,36.66731971],[27.14106005,36.66731162],[27.14106096,36.66730372],[27.14106124,36.66729612],[27.14106101,36.66729038],[27.1410604,36.66728493],[27.14105944,36.66727981],[27.14105686,36.66727121],[27.14105207,36.66726139],[27.14104965,36.66725781],[27.14104545,36.66725286],[27.14104258,36.66725012],[27.1410395,36.66724762],[27.14103282,36.66724332],[27.14102514,36.66723965],[27.14101986,36.66723764],[27.14101424,36.66723582],[27.14100372,36.66723297],[27.14097997,36.66722747],[27.14096,36.66722324],[27.14094081,36.66721979],[27.14092071,36.66721712],[27.14091054,36.6672162],[27.14090029,36.66721561],[27.14089006,36.66721534],[27.14088031,36.66721539],[27.14086042,36.66721624],[27.14081277,36.66721997],[27.14079571,36.66722103],[27.1407761,36.66722172],[27.14076637,36.66722181],[27.14075047,36.66722151],[27.14073479,36.6672205],[27.14072678,36.66721962],[27.14071897,36.66721847],[27.14070986,36.66721673],[27.14070078,36.66721453],[27.14069176,36.66721187],[27.14068285,36.66720875],[27.14067414,36.66720522],[27.14066277,36.66719988],[27.14065212,36.66719403],[27.14064559,36.66718998],[27.14063789,36.66718457],[27.14063105,36.66717889],[27.14062728,36.66717518],[27.14062376,36.6671711],[27.14062098,36.66716714],[27.1406189,36.66716337],[27.14061756,36.66716017],[27.14061665,36.66715715],[27.14061609,36.66715431],[27.14061577,36.66714874],[27.14061775,36.6671324],[27.14061764,36.66712967],[27.14061719,36.66712745],[27.14061648,36.66712558],[27.14061425,36.66712235],[27.14061232,36.6671206],[27.14060938,36.66711866],[27.14060524,36.66711672],[27.14059985,36.66711494],[27.1405933,36.66711343],[27.14058557,36.66711223],[27.14057723,36.66711137],[27.14056799,36.66711081],[27.14055832,36.66711052],[27.14054293,36.66711053],[27.14052706,36.66711102],[27.14051098,36.66711193],[27.1404949,36.66711331],[27.1404844,36.66711451],[27.14047408,36.66711598],[27.14046424,36.66711773],[27.14045472,36.66711985],[27.1404459,36.66712232],[27.14043785,36.66712516],[27.14043068,36.66712833],[27.14042451,36.66713176],[27.14041933,36.66713536],[27.140415,36.6671391],[27.14041125,36.66714315],[27.14040778,36.66714785],[27.14040466,36.66715329],[27.14040196,36.66715945],[27.14039975,36.66716624],[27.14039799,36.66717355],[27.14039623,36.66718401],[27.14039292,36.66721354],[27.14039062,36.66722879],[27.14038908,36.66723598],[27.1403872,36.66724296],[27.14038494,36.66724969],[27.14038229,36.6672562],[27.14037891,36.66726309],[27.14037495,36.6672699],[27.14037042,36.66727665],[27.14036533,36.66728334],[27.14035972,36.66728995],[27.14035368,36.66729646],[27.14034053,36.66730923],[27.14033027,36.66731832],[27.14031966,36.66732725],[27.14029776,36.66734477],[27.14025163,36.66737995],[27.14017998,36.66743349],[27.1401558,36.66745103],[27.14014353,36.6674596],[27.14012317,36.66747301],[27.14010703,36.66748266],[27.1400988,36.66748716],[27.14009046,36.6674914],[27.14008199,36.66749534],[27.1400734,36.66749897],[27.1400647,36.66750226],[27.14005584,36.66750521],[27.14004683,36.66750781],[27.14003768,36.66751007],[27.1400294,36.66751181],[27.14001261,36.66751449],[27.13999573,36.66751619],[27.13998238,36.66751693],[27.13996904,36.66751721],[27.13996057,36.66751715],[27.13994578,36.66751656],[27.13993633,36.6675158],[27.13992893,36.66751492],[27.13992155,36.66751375],[27.13991425,36.66751225],[27.13990709,36.66751043],[27.13989992,36.66750822],[27.13989299,36.66750573],[27.13988599,36.66750286],[27.13987181,36.6674961],[27.13983236,36.66747445],[27.1398186,36.66746753],[27.13981243,36.66746469],[27.1398003,36.66745963],[27.13978702,36.66745489],[27.13977997,36.66745277],[27.13976814,36.66744998],[27.13976197,36.66744893],[27.13975532,36.66744812],[27.13974861,36.66744768],[27.1397419,36.66744761],[27.13973524,36.66744794],[27.13972676,36.66744898],[27.13971858,36.66745069],[27.13971084,36.66745303],[27.13970371,36.66745592],[27.13969782,36.66745895],[27.13969263,36.66746222],[27.13968817,36.66746559],[27.13968443,36.66746894],[27.13967855,36.66747543],[27.13966542,36.66749396],[27.13966102,36.66749917],[27.13965588,36.66750395],[27.13965263,36.6675064],[27.13964899,36.66750875],[27.13964465,36.66751114],[27.13963959,36.66751352],[27.13963413,36.66751574],[27.13960941,36.66752436],[27.13960282,36.66752689],[27.1395966,36.66752961],[27.13959088,36.66753253],[27.13958565,36.6675357],[27.13958099,36.66753906],[27.13957696,36.66754255],[27.13957361,36.66754601],[27.13957082,36.66754943],[27.13956847,36.66755282],[27.13956447,36.66756011],[27.13955685,36.66757814],[27.13955233,36.66758748],[27.13954691,36.66759615],[27.13954362,36.66760044],[27.13953992,36.66760465],[27.13953485,36.66760962],[27.13952913,36.6676144],[27.1395228,36.66761894],[27.13951592,36.6676232],[27.13950856,36.66762716],[27.13950137,36.66763057],[27.13949387,36.66763378],[27.1394783,36.66763967],[27.1394469,36.66765095],[27.13943159,36.66765738],[27.13942359,36.66766116],[27.13940981,36.66766832],[27.13937613,36.66768744],[27.13936658,36.6676925],[27.13935478,36.66769789],[27.13934486,36.66770175],[27.1393358,36.66770498],[27.13931442,36.66771198],[27.13929757,36.66771685],[27.13927907,36.66772144],[27.13925956,36.66772543],[27.13923856,36.66772888],[27.13922445,36.66773083],[27.13919602,36.66773421],[27.13916175,36.66773769],[27.13913429,36.66774001],[27.13911373,36.66774131],[27.13909324,36.66774208],[27.13908303,36.66774222],[27.13906362,36.66774198],[27.13904421,36.66774108],[27.13902483,36.66773953],[27.13900484,36.6677373],[27.13898426,36.66773438],[27.13896378,36.66773089],[27.13894343,36.66772689],[27.13891306,36.66771997],[27.13888791,36.66771349],[27.13885939,36.66770544],[27.13883259,36.6676972],[27.13881244,36.66769044],[27.13879268,36.66768315],[27.13877355,36.66767518],[27.13876432,36.66767088],[27.13875536,36.66766634],[27.13874671,36.66766155],[27.13873839,36.66765649],[27.13873081,36.66765143],[27.13872351,36.66764609],[27.13871647,36.6676405],[27.1387097,36.66763468],[27.13870318,36.66762866],[27.13867112,36.66759633],[27.13866475,36.66759043],[27.13865835,36.66758502],[27.13865193,36.66758018],[27.13864548,36.66757592],[27.13863929,36.6675724],[27.13863282,36.66756927],[27.13862606,36.66756653],[27.13861888,36.66756421],[27.13861157,36.66756245],[27.13860427,36.6675613],[27.13859702,36.66756077],[27.13858926,36.66756092],[27.13858147,36.66756183],[27.13857371,36.66756353],[27.13856607,36.66756605],[27.13855972,36.6675688],[27.13855351,36.66757215],[27.13854747,36.66757605],[27.13854166,36.66758048],[27.13853613,36.66758539],[27.13853091,36.66759071],[27.13852578,36.66759671],[27.13852103,36.66760304],[27.13851665,36.66760965],[27.13850952,36.66762233],[27.1385033,36.66763552],[27.13849396,36.66765772],[27.13848721,36.66767281],[27.13848329,36.66768057],[27.13847901,36.66768828],[27.13847432,36.66769595],[27.13846922,36.66770357],[27.13846374,36.6677111],[27.13845789,36.66771853],[27.13844526,36.66773305],[27.13843157,36.66774706],[27.1384252,36.66775311],[27.13841202,36.66776489],[27.1383914,36.66778177],[27.13837727,36.66779247],[27.13836077,36.66780429],[27.13833773,36.6678201],[27.13831957,36.66783215],[27.13830783,36.66783968],[27.1382911,36.66784991],[27.13827317,36.66786009],[27.13825855,36.66786778],[27.13824734,36.66787334],[27.1382283,36.66788227],[27.1381927,36.66789799],[27.13817527,36.6679062],[27.13816383,36.66791229],[27.1381509,36.66792016],[27.13814369,36.66792508],[27.13813663,36.66793031],[27.13812974,36.66793582],[27.13811645,36.66794756],[27.13810388,36.66795998],[27.13809225,36.66797258],[27.1380815,36.66798513],[27.13804987,36.66802466],[27.13802795,36.66805018],[27.13802115,36.66805851],[27.13801391,36.66806844],[27.13801003,36.6680746],[27.1380066,36.66808081],[27.13800191,36.66809104],[27.13799791,36.66810175],[27.13798961,36.66812617],[27.13798684,36.66813331],[27.13798012,36.66814813],[27.13797616,36.6681557],[27.13796828,36.6681691],[27.1379594,36.66818245],[27.13794974,36.66819564],[27.13793673,36.66821208],[27.13788109,36.66827944],[27.13786453,36.66829817],[27.13785294,36.66831027],[27.13783953,36.66832336],[27.13781863,36.66834264],[27.13776986,36.66838681],[27.13773593,36.66841666],[27.13771278,36.66843619],[27.13770102,36.6684458],[27.13767719,36.66846456],[27.13766124,36.66847653],[27.13764517,36.66848816],[27.1375913,36.668526],[27.1375765,36.6685369],[27.137543,36.66856239],[27.13752751,36.66857357],[27.13751154,36.66858403],[27.13750332,36.6685889],[27.13749457,36.66859368],[27.13748557,36.66859818],[27.13747633,36.6686024],[27.13746685,36.66860634],[27.13745722,36.66860997],[27.13744739,36.66861334],[27.13743738,36.66861646],[27.13741693,36.668622],[27.13739607,36.66862666],[27.13738553,36.66862867],[27.13736427,36.66863207],[27.13734246,36.66863474],[27.13731491,36.66863713],[27.1372983,36.66863818],[27.13726497,36.66863961],[27.1372316,36.66864029],[27.13720937,36.66864032],[27.13718741,36.66863999],[27.13715449,36.66863884],[27.13713345,36.6686377],[27.13710827,36.66863591],[27.13708315,36.66863369],[27.13706241,36.66863151],[27.13703566,36.66862828],[27.13700367,36.66862386],[27.13697217,36.66861897],[27.13694135,36.66861366],[27.13691089,36.66860786],[27.13689573,36.66860475],[27.13686466,36.66859782],[27.13682293,36.66858749],[27.13677643,36.66857478],[27.13674071,36.66856405],[27.13672057,36.66855749],[27.13670175,36.668551],[27.13662604,36.66852346],[27.13658859,36.66851026],[27.13654747,36.66849635],[27.13651815,36.66848694],[27.13650255,36.66848216],[27.13648165,36.66847607],[27.13645145,36.66846798],[27.13637631,36.66844979],[27.13633215,36.6684385],[27.13630122,36.66842986],[27.13628565,36.66842521],[27.13626507,36.66841869],[27.13624474,36.66841174],[27.13622497,36.66840442],[27.13620569,36.66839676],[27.13617704,36.66838466],[27.13612001,36.6683598],[27.13609121,36.66834783],[27.13606204,36.66833659],[27.13601481,36.66831985],[27.13599025,36.66831081],[27.13597093,36.66830285],[27.13596172,36.6682986],[27.13595289,36.66829415],[27.13594453,36.66828949],[27.13593719,36.66828496],[27.13593039,36.66828029],[27.1359242,36.66827555],[27.13591864,36.66827082],[27.13590935,36.66826166],[27.13590531,36.66825715],[27.13589143,36.66824055],[27.13588724,36.66823587],[27.13587859,36.66822729],[27.13586915,36.66821939],[27.1358607,36.66821332],[27.13585173,36.66820766],[27.135845,36.66820385],[27.13583797,36.66820023],[27.1358295,36.66819631],[27.13582058,36.66819261],[27.13581126,36.66818914],[27.13580159,36.66818587],[27.13577932,36.66817922],[27.13572612,36.66816458],[27.13570733,36.6681587],[27.13569793,36.66815545],[27.13567956,36.66814836],[27.13567063,36.66814449],[27.13566191,36.6681404],[27.13565342,36.66813608],[27.13564555,36.66813172],[27.13563794,36.66812716],[27.1356306,36.66812238],[27.13562355,36.66811741],[27.13561683,36.66811225],[27.13561041,36.66810693],[27.1356043,36.66810145],[27.13559272,36.66808998],[27.13556877,36.6680641],[27.13556083,36.66805633],[27.1355559,36.668052],[27.13555098,36.66804811],[27.13554612,36.66804469],[27.13554126,36.66804167],[27.13553616,36.6680389],[27.13553068,36.66803631],[27.13552421,36.66803369],[27.13551427,36.66803035],[27.13550395,36.66802753],[27.13548964,36.66802431],[27.13545457,36.66801758],[27.13543752,36.66801373],[27.13542936,36.66801153],[27.13542145,36.66800909],[27.13541325,36.66800623],[27.13540506,36.66800302],[27.13539682,36.66799945],[27.13538424,36.66799346],[27.13537185,36.66798709],[27.13532935,36.66796445],[27.13531186,36.66795565],[27.13529406,36.66794734],[27.1352766,36.66793988],[27.13525896,36.66793301],[27.13520516,36.66791371],[27.13519139,36.66790851],[27.13517917,36.66790363],[27.13516734,36.6678985],[27.13516003,36.66789504],[27.13514742,36.66788828],[27.1351368,36.66788156],[27.13512679,36.66787422],[27.13511237,36.66786309],[27.1351078,36.66785999],[27.13510339,36.66785745],[27.13509927,36.66785555],[27.13509542,36.66785424],[27.13509245,36.66785356],[27.13508705,36.66785306],[27.13508364,36.66785324],[27.13507981,36.6678539],[27.13507558,36.66785515],[27.1350711,36.66785706],[27.13506677,36.66785948],[27.13506249,36.66786239],[27.13505836,36.66786572],[27.13505438,36.66786939],[27.13504985,36.66787407],[27.1350322,36.6678939],[27.13502758,36.6678984],[27.1350226,36.66790269],[27.13501722,36.6679067],[27.13501142,36.66791039],[27.13500527,36.66791369],[27.13499881,36.66791658],[27.13499216,36.66791905],[27.13498512,36.66792122],[27.13497774,36.66792311],[27.13497017,36.66792473],[27.13495484,36.66792729],[27.13493986,36.66792906],[27.13490716,36.66793202],[27.13489298,36.66793373],[27.13488003,36.66793572],[27.13484023,36.66794274],[27.13482024,36.66794547],[27.13480981,36.66794651],[27.13479924,36.66794726],[27.13478863,36.66794766],[27.1347781,36.66794766],[27.13476775,36.66794721],[27.13475772,36.66794627],[27.13474812,36.6679448],[27.13473943,36.66794287],[27.13473135,36.66794046],[27.13472395,36.6679376],[27.13471718,36.66793431],[27.13471107,36.66793066],[27.1347052,36.66792643],[27.13469955,36.66792158],[27.1346942,36.66791614],[27.13468917,36.66791019],[27.13468451,36.66790382],[27.13468021,36.66789713],[27.13467621,36.66789015],[27.13467251,36.6678831],[27.13466277,36.66786314],[27.13465837,36.66785505],[27.13465358,36.6678481],[27.13465047,36.66784474],[27.13464746,36.66784229],[27.1346447,36.66784065],[27.1346423,36.66783966],[27.13463814,36.66783874],[27.13463576,36.66783859],[27.13439846,36.66781535],[27.13422132,36.66782598],[27.13408459,36.66782958],[27.13394962,36.66778545],[27.13381895,36.66775611],[27.13375861,36.6677279],[27.13371663,36.66769622],[27.13366369,36.66766782],[27.13354319,36.66770675],[27.13343305,36.66772753],[27.13330863,36.66778024],[27.1332875,36.667784],[27.13327013,36.66778657],[27.13326123,36.66778763],[27.13324312,36.66778916],[27.13323389,36.6677896],[27.13321536,36.66778972],[27.13320612,36.66778939],[27.13319695,36.66778878],[27.13318787,36.66778789],[27.1331789,36.66778673],[27.13317007,36.66778529],[27.1331614,36.66778359],[27.13314424,36.66777937],[27.13313155,36.66777557],[27.13311906,36.66777135],[27.13310705,36.66776691],[27.13308791,36.66775907],[27.13305454,36.66774423],[27.13304815,36.6677417],[27.1330376,36.66773807],[27.13303148,36.66773633],[27.13301983,36.66773377],[27.13300792,36.66773212],[27.13299948,36.66773146],[27.13299059,36.66773114],[27.13298126,36.66773114],[27.1329622,36.66773188],[27.13292189,36.66773451],[27.13290846,36.667735],[27.13289874,36.66773501],[27.13288938,36.66773464],[27.13288037,36.66773387],[27.13287156,36.66773267],[27.13286272,36.66773101],[27.13285381,36.66772889],[27.13284485,36.66772634],[27.13283642,36.66772365],[27.13280153,36.66771156],[27.13279219,36.66770872],[27.13278282,36.66770625],[27.13277341,36.66770421],[27.1327644,36.6677027],[27.1327552,36.66770159],[27.13274581,36.66770088],[27.13273622,36.66770057],[27.13272633,36.66770063],[27.13270604,36.66770166],[27.13268634,36.66770337],[27.13263888,36.66770797],[27.13255417,36.66771473],[27.13253058,36.667717],[27.13251089,36.66771951],[27.13249017,36.66772287],[27.13246421,36.6677279],[27.13243835,36.66773347],[27.13241369,36.66773906],[27.13238941,36.66774502],[27.13237142,36.66774999],[27.13235246,36.6677559],[27.13232411,36.66776584],[27.13226745,36.66778737],[27.13223902,36.66779787],[27.13213276,36.66783583],[27.13212067,36.66783998],[27.13210863,36.66784375],[27.13209662,36.66784694],[27.13208797,36.66784874],[27.13207958,36.66785],[27.13207149,36.66785067],[27.13206524,36.66785078],[27.13205915,36.66785051],[27.13205322,36.66784987],[27.13204597,36.66784855],[27.13203888,36.66784664],[27.13203196,36.66784418],[27.13202525,36.66784121],[27.13201972,36.66783832],[27.13200878,36.6678315],[27.13200193,36.66782655],[27.13199514,36.66782119],[27.13198853,36.66781554],[27.13197912,36.66780673],[27.13197048,36.66779763],[27.13196555,36.66779183],[27.13196133,36.66778633],[27.1319578,36.66778123],[27.13195225,36.66777197],[27.13194732,36.66776286],[27.1319427,36.66775564],[27.13194035,36.66775295],[27.13193809,36.66775094],[27.13193645,36.66774979],[27.13193297,36.66774802],[27.13192834,36.66774673],[27.1319249,36.66774634],[27.13192089,36.66774636],[27.13191634,36.66774686],[27.13191132,36.6677479],[27.13190445,36.66774997],[27.13189706,36.66775282],[27.13188927,36.66775633],[27.13185583,36.66777314],[27.13184723,36.66777701],[27.13183867,36.66778039],[27.13183025,36.66778314],[27.13182206,36.66778519],[27.13181409,36.66778652],[27.13180713,36.66778713],[27.13180007,36.66778721],[27.13179289,36.66778674],[27.13178561,36.66778572],[27.13177826,36.66778413],[27.13177028,36.6677818],[27.13176223,36.66777885],[27.13175416,36.66777537],[27.13174608,36.66777143],[27.13173472,36.66776536],[27.13170727,36.66775014],[27.13168989,36.66774145],[27.1316809,36.66773742],[27.1316717,36.66773365],[27.13165635,36.66772813],[27.13164051,36.66772336],[27.1316307,36.66772081],[27.13161073,36.6677164],[27.13159055,36.66771273],[27.13155094,36.66770629],[27.13153265,36.6677028],[27.13152393,36.66770075],[27.13151586,36.6676985],[27.13150837,36.66769602],[27.13150143,36.66769327],[27.13149602,36.6676908],[27.13149068,36.66768803],[27.13148538,36.66768494],[27.1314746,36.66767763],[27.13147914,36.66762102],[27.13141045,36.66756919],[27.13135084,36.66755883],[27.13128838,36.66756942],[27.13119584,36.66760324],[27.13118624,36.66760277],[27.13117702,36.66760194],[27.13116815,36.66760074],[27.13116039,36.66759937],[27.13114465,36.66759581],[27.13112133,36.66758957],[27.13110686,36.66758595],[27.13109094,36.66758282],[27.13108189,36.66758151],[27.13107256,36.66758051],[27.13106303,36.66757983],[27.13105349,36.66757945],[27.13103461,36.66757942],[27.13101091,36.66758007],[27.13099475,36.66758011],[27.13098386,36.66757944],[27.13097317,36.66757796],[27.13096766,36.66757682],[27.13095689,36.66757388],[27.13094517,36.66756976],[27.13093748,36.66756668],[27.13092127,36.66755956],[27.13090588,36.66755234],[27.13088476,36.66754202],[27.13085301,36.66752596],[27.13083639,36.66751812],[27.13082014,36.6675115],[27.13080581,36.66750667],[27.13079846,36.66750453],[27.13078252,36.66750048],[27.13075871,36.66749548],[27.13074429,36.66749293],[27.13071714,36.66748896],[27.13066512,36.66748272],[27.13065213,36.66748073],[27.13064421,36.66747928],[27.13062921,36.66747585],[27.1306171,36.66747233],[27.13060306,36.66746749],[27.1305909,36.6674628],[27.13055406,36.66744787],[27.13052872,36.66743857],[27.13051848,36.66743515],[27.13049776,36.66742881],[27.13047772,36.66742342],[27.13046766,36.66742104],[27.1304498,36.66741747],[27.13044084,36.667416],[27.13042369,36.66741373],[27.13039795,36.66741127],[27.13036478,36.66740862],[27.1303445,36.66740677],[27.13032432,36.66740447],[27.13030548,36.66740175],[27.13028794,36.66739866],[27.1302705,36.66739507],[27.13025232,36.66739088],[27.13018996,36.66737533],[27.13017398,36.66737157],[27.13015792,36.6673681],[27.1301409,36.66736487],[27.13012397,36.66736226],[27.13010492,36.66736008],[27.13008195,36.66735831],[27.13004529,36.66735614],[27.13002542,36.6673547],[27.13000554,36.6673527],[27.12999571,36.66735143],[27.12998615,36.66734995],[27.12996983,36.66734683],[27.12995511,36.66734338],[27.12991806,36.66733381],[27.12990253,36.66733044],[27.1298868,36.66732783],[27.12987827,36.6673268],[27.12986964,36.66732604],[27.12986089,36.66732554],[27.12985216,36.66732532],[27.12983819,36.66732551],[27.12982439,36.6673264],[27.12981088,36.66732804],[27.12980215,36.66732958],[27.12979392,36.66733144],[27.12978625,36.6673336],[27.12977916,36.66733599],[27.12977268,36.66733856],[27.12976231,36.66734343],[27.12973883,36.66735613],[27.12972889,36.66736055],[27.1297192,36.66736372],[27.1297095,36.66736582],[27.12969874,36.66736718],[27.12968762,36.66736784],[27.12967175,36.66736795],[27.12964861,36.66736718],[27.12961147,36.66736544],[27.12959413,36.66736504],[27.12958524,36.66736509],[27.12957655,36.66736538],[27.12956804,36.66736596],[27.12955917,36.66736691],[27.12955046,36.66736824],[27.12954194,36.66736995],[27.12953362,36.66737205],[27.12952554,36.6673745],[27.12951768,36.66737728],[27.12950958,36.66738053],[27.12950153,36.6673841],[27.12946971,36.66739961],[27.12945422,36.66740666],[27.12943432,36.66741458],[27.12942209,36.66741893],[27.12940612,36.6674241],[27.12938699,36.66742944],[27.12937285,36.66743257],[27.12936574,36.66743384],[27.12934899,36.66743614],[27.12933688,36.66743733],[27.1292717,36.66744263],[27.12925103,36.66744403],[27.12922604,36.66744511],[27.12917122,36.66744677],[27.12914928,36.66744768],[27.12912751,36.66744894],[27.12908181,36.66745232],[27.12905579,36.6674536],[27.12903769,36.66745382],[27.12901891,36.66745342],[27.12896691,36.66745071],[27.12894825,36.66745014],[27.12893899,36.66745005],[27.12891545,36.66745045],[27.12890149,36.667451],[27.1288629,36.66745326],[27.12884033,36.66745536],[27.12882774,36.66745721],[27.12882075,36.6674586],[27.1288148,36.66746005],[27.12880586,36.6674628],[27.12878445,36.66747116],[27.12877556,36.66747422],[27.12877077,36.66747558],[27.12876531,36.66747686],[27.12875987,36.66747784],[27.12874924,36.66747893],[27.12874359,36.66747912],[27.1287309,36.66747882],[27.12871779,36.66747786],[27.12866774,36.66747294],[27.12865451,36.66747187],[27.12863723,36.66747094],[27.1286204,36.66747067],[27.12859973,36.66747122],[27.12857737,36.66747279],[27.12855338,36.66747538],[27.12853401,36.66747805],[27.12852182,36.66748014],[27.1285149,36.66748157],[27.12850379,36.66748438],[27.12849413,36.66748741],[27.1284647,36.66749826],[27.12845178,36.66750257],[27.12840174,36.66751682],[27.12838503,36.66752232],[27.12836998,36.66752817],[27.1283537,36.66753555],[27.12833422,36.66754536],[27.12829661,36.66756487],[27.1282842,36.66757064],[27.12827597,36.66757406],[27.12826773,36.66757708],[27.12825954,36.66757966],[27.12825114,36.66758186],[27.12824252,36.66758366],[27.12823372,36.66758504],[27.1282248,36.667586],[27.12821584,36.66758653],[27.12820749,36.66758665],[27.12819923,36.66758642],[27.12819108,36.66758589],[27.12817517,36.66758404],[27.12814307,36.66757869],[27.12812563,36.66757622],[27.12811624,36.66757532],[27.12810685,36.66757479],[27.12809743,36.66757465],[27.12808928,36.66757486],[27.12807258,36.66757611],[27.12805163,36.66757886],[27.12802134,36.66758367],[27.12800153,36.66758652],[27.1279811,36.66758872],[27.12797082,36.66758943],[27.12796058,36.66758985],[27.12795016,36.66758997],[27.12793962,36.6675898],[27.1279182,36.66758876],[27.12788599,36.66758657],[27.12787541,36.66758603],[27.12785785,36.66758573],[27.12784935,36.66758597],[27.1278411,36.66758653],[27.12783175,36.66758763],[27.12782291,36.66758924],[27.12781469,36.66759137],[27.12780736,36.66759393],[27.12780083,36.6675969],[27.12779521,36.66760016],[27.12779051,36.66760359],[27.12778668,36.66760705],[27.12778394,36.66761004],[27.12777943,36.66761632],[27.12777722,36.66762021],[27.12776725,36.66764136],[27.12776187,36.66765028],[27.12775872,36.6676545],[27.12775487,36.66765896],[27.12775031,36.66766353],[27.12774498,36.66766817],[27.12773891,36.66767284],[27.12772845,36.66767987],[27.12771725,36.66768654],[27.12770732,36.66769199],[27.12768857,36.66770161],[27.12764326,36.66772406],[27.12762545,36.66773374],[27.12761701,36.66773875],[27.12760894,36.66774386],[27.12759399,36.66775437],[27.12758735,36.66775949],[27.12756122,36.66778068],[27.127549,36.66778979],[27.12753732,36.66779753],[27.12752504,36.66780474],[27.12751063,36.66781231],[27.12749827,36.66781832],[27.12742574,36.66785178],[27.12738729,36.667869],[27.12735839,36.66788101],[27.12734393,36.6678865],[27.12732952,36.66789147],[27.12732106,36.66789407],[27.12731264,36.66789636],[27.1273053,36.66789807],[27.12729809,36.66789943],[27.12729065,36.66790047],[27.12728342,36.66790106],[27.12727645,36.66790118],[27.12726983,36.66790082],[27.12726362,36.66789999],[27.12725775,36.66789868],[27.12725243,36.66789693],[27.1272477,36.66789483],[27.1272436,36.66789245],[27.1272401,36.66788987],[27.12723747,36.66788749],[27.12723515,36.66788495],[27.1272331,36.66788224],[27.12723088,36.66787866],[27.12722893,36.66787475],[27.12722719,36.66787048],[27.12722245,36.66785701],[27.12722066,36.66785283],[27.1272187,36.66784915],[27.12721651,36.66784591],[27.12721413,36.66784317],[27.12721126,36.66784065],[27.12720828,36.66783869],[27.12720569,36.6678374],[27.12720065,36.66783572],[27.12719305,36.66783467],[27.12718951,36.66783466],[27.12718504,36.66783502],[27.1271803,36.6678358],[27.12717533,36.66783704],[27.1271692,36.6678391],[27.12716281,36.66784181],[27.12715622,36.66784513],[27.12714733,36.66785033],[27.12713264,36.66786027],[27.12711845,36.66787099],[27.12710741,36.66788007],[27.1270977,36.66788883],[27.12708881,36.66789765],[27.12707222,36.66791548],[27.12705914,36.66793028],[27.1270512,36.66794048],[27.12704766,36.66794565],[27.12704122,36.66795664],[27.12703603,36.66796761],[27.12702367,36.66799875],[27.1270187,36.6680087],[27.12701294,36.6680179],[27.12700514,36.66802792],[27.12699617,36.66803728],[27.126991,36.6680419],[27.12698446,36.6680471],[27.12697733,36.66805209],[27.12696965,36.66805682],[27.12696223,36.66806088],[27.12695444,36.66806468],[27.12694634,36.66806825],[27.12693796,36.66807158],[27.12692839,36.66807505],[27.12690866,36.66808144],[27.12686891,36.66809352],[27.12681841,36.66810958],[27.12679795,36.66811546],[27.12678756,36.66811819],[27.12676649,36.66812311],[27.12674514,36.66812726],[27.12672382,36.66813055],[27.12671308,36.66813191],[27.12669151,36.66813406],[27.1266699,36.6681355],[27.12665912,36.66813594],[27.12664837,36.66813621],[27.12662703,36.66813621],[27.12660691,36.66813564],[27.12656902,36.66813395],[27.12654474,36.66813322],[27.126359,36.66813146],[27.12632569,36.66813073],[27.12629918,36.66812956],[27.12627947,36.6681281],[27.12625901,36.66812589],[27.12623774,36.6681228],[27.12621653,36.66811899],[27.12620068,36.66811572],[27.12618492,36.66811217],[27.12616922,36.66810834],[27.12614329,36.6681014],[27.12612279,36.66809532],[27.12610313,36.66808896],[27.12607885,36.66808041],[27.12605017,36.66806934],[27.12603604,36.66806348],[27.12601745,36.66805533],[27.12599919,36.66804676],[27.1259812,36.66803779],[27.12595463,36.66802373],[27.1259284,36.66800919],[27.1258938,36.66798935],[27.12586367,36.66797166],[27.12582787,36.66795027],[27.12579368,36.66792956],[27.12575971,36.66790863],[27.12573591,36.66789358],[27.12570698,36.66787454],[27.12567477,36.66785216],[27.12559952,36.6677976],[27.12556717,36.66777458],[27.12546037,36.66770053],[27.12541548,36.66766893],[27.12539064,36.66765097],[27.12535786,36.66762672],[27.12533352,36.66760832],[27.1253095,36.66758968],[27.12529769,36.66758024],[27.12527842,36.66756422],[27.12526353,36.66755109],[27.1252563,36.6675444],[27.12523711,36.66752553],[27.12520007,36.6674869],[27.12518654,36.66747366],[27.12517274,36.6674611],[27.12515815,36.66744872],[27.1251429,36.6674365],[27.12509583,36.66740062],[27.12507259,36.66738246],[27.12505755,36.66737006],[27.12504255,36.66735699],[27.12502792,36.66734361],[27.12501359,36.66732997],[27.12495729,36.6672746],[27.12494313,36.66726098],[27.1249219,36.6672411],[27.1248899,36.66721214],[27.12480518,36.66713727],[27.12469485,36.66713803],[27.12457642,36.66717333],[27.12453053,36.66724606],[27.12441354,36.66731708],[27.12435979,36.66741505],[27.12435367,36.66748316],[27.1243663,36.66757581],[27.12432585,36.66767343],[27.12423306,36.66779388],[27.12408446,36.66785143],[27.12394612,36.66783361],[27.12376121,36.66798151],[27.12363139,36.66817446],[27.12358666,36.66827577],[27.12351344,36.66833133],[27.12338975,36.66845618],[27.1231804,36.66865837],[27.12310674,36.66870321],[27.1228076,36.66878888],[27.12278417,36.66886817],[27.12273159,36.66903168],[27.12264032,36.66926295],[27.12257237,36.6696319],[27.12246688,36.6700972],[27.12247517,36.67031885],[27.12247216,36.67033189],[27.12246373,36.67037406],[27.12245423,36.67041321],[27.12245221,36.67042544],[27.12245157,36.67043214],[27.12245132,36.6704388],[27.12245146,36.67044541],[27.12245208,36.67045285],[27.12245315,36.6704603],[27.1224556,36.67047229],[27.12246077,36.67049462],[27.12246242,36.67050482],[27.12246303,36.6705145],[27.1224625,36.67052379],[27.12246079,36.67053329],[27.12245786,36.67054323],[27.12245597,36.6705484],[27.12244388,36.67057822],[27.12244106,36.67058675],[27.12243911,36.6705942],[27.12243786,36.67060036],[27.12243622,36.67061104],[27.12243024,36.67065336],[27.12242935,36.67066315],[27.12242914,36.67067377],[27.12242983,36.67068515],[27.12243052,36.67069109],[27.12243659,36.67072682],[27.12244226,36.67076902],[27.12244448,36.6707838],[27.12244609,36.67079283],[27.12244802,36.67080138],[27.12245556,36.6708265],[27.12245734,36.67083391],[27.12245878,36.67084202],[27.12246333,36.67087742],[27.12247166,36.67092301],[27.12247453,36.670941],[27.12247571,36.67095254],[27.12247594,36.67095869],[27.12247578,36.67096474],[27.12247511,36.67097081],[27.12247357,36.67097771],[27.12247091,36.6709849],[27.12246666,36.6709928],[27.12246365,36.67099725],[27.12246019,36.67100176],[27.12245588,36.67100678],[27.1224501,36.67101289],[27.12243216,36.6710305],[27.12242605,36.67103748],[27.12242378,36.67104066],[27.12242177,36.67104406],[27.12242029,36.67104735],[27.12241945,36.67105007],[27.12241891,36.67105382],[27.12241915,36.6710574],[27.1224205,36.67106147],[27.12242167,36.67106343],[27.12242308,36.67106513],[27.12242658,36.67106797],[27.12243059,36.67106994],[27.12243607,36.6710715],[27.12243956,36.67107208],[27.12244858,36.67107274],[27.1224592,36.67107293],[27.122468,36.67107346],[27.12247482,36.67107464],[27.12248065,36.67107655],[27.12248547,36.67107902],[27.12249011,36.6710824],[27.1224947,36.67108699],[27.12249951,36.67109338],[27.12250408,36.67110099],[27.12250857,36.67111013],[27.12251122,36.67111765],[27.12251213,36.67112188],[27.12251271,36.67112733],[27.12251263,36.67114722],[27.12251285,36.67115167],[27.12251363,36.6711577],[27.12251463,36.67116219],[27.12251612,36.67116698],[27.12251775,36.67117115],[27.122522,36.67117961],[27.12252749,36.67118833],[27.12253068,36.67119287],[27.12253847,36.67120311],[27.12254504,36.67121115],[27.12255191,36.67121911],[27.12256138,36.6712294],[27.12258337,36.67125147],[27.12259206,36.67126066],[27.12259627,36.67126578],[27.12260003,36.67127112],[27.12260234,36.67127501],[27.12260449,36.67127927],[27.1226064,36.67128388],[27.12260799,36.67128881],[27.1226092,36.67129391],[27.12260999,36.67129909],[27.12261039,36.6713043],[27.1226104,36.67131028],[27.12261,36.67131629],[27.12260633,36.67134107],[27.12260547,36.67134978],[27.12260542,36.67135942],[27.12260592,36.6713652],[27.12260678,36.67137089],[27.12260892,36.67138027],[27.12261864,36.67141133],[27.12262182,36.67141965],[27.12262584,36.67142765],[27.1226281,36.67143121],[27.12263253,36.67143686],[27.12263852,36.67144273],[27.12264226,36.67144577],[27.12266235,36.67145969],[27.12266538,36.67146216],[27.12266778,36.67146445],[27.12266967,36.67146666],[27.12267117,36.67146891],[27.12267221,36.67147103],[27.12267319,36.6714749],[27.12267325,36.67147735],[27.12267281,36.67148038],[27.12267169,36.67148383],[27.12266859,36.6714895],[27.12266422,36.67149509],[27.12265786,36.67150138],[27.12265405,36.67150459],[27.12263418,36.67151917],[27.12262777,36.67152477],[27.1226254,36.67152746],[27.12262347,36.67153036],[27.12262229,36.67153301],[27.12262179,36.6715351],[27.12262166,36.67153713],[27.1226219,36.67153914],[27.12262265,36.67154147],[27.12262396,36.67154387],[27.12262589,36.67154631],[27.1226287,36.67154896],[27.12263224,36.6715516],[27.12263898,36.67155566],[27.12266395,36.67156873],[27.12267517,36.67157529],[27.12268659,36.67158256],[27.12269932,36.67159161],[27.12271026,36.67160087],[27.12271443,36.67160501],[27.1227182,36.67160919],[27.12272149,36.67161335],[27.12272594,36.67162008],[27.12273001,36.67162837],[27.12273269,36.6716369],[27.12273347,36.67164141],[27.12273383,36.67164852],[27.12273346,36.67165356],[27.12273256,36.67165898],[27.12273113,36.67166473],[27.12272941,36.67167024],[27.12272238,36.67169009],[27.12272027,36.67169824],[27.12271967,36.67170206],[27.12271936,36.6717066],[27.12271955,36.67171106],[27.12272036,36.67171584],[27.12272188,36.6717207],[27.12272417,36.67172557],[27.12272721,36.6717303],[27.12273092,36.67173474],[27.12273476,36.67173844],[27.12273886,36.67174173],[27.12274304,36.67174454],[27.12274721,36.67174695],[27.12275469,36.67175053],[27.12277142,36.67175699],[27.1227793,36.67176028],[27.12278638,36.67176392],[27.1227933,36.67176843],[27.12280023,36.6717742],[27.12280518,36.67177923],[27.12280972,36.67178463],[27.12281283,36.67178883],[27.12281719,36.67179555],[27.122821,36.67180255],[27.1228237,36.67180847],[27.1228259,36.6718143],[27.12282893,36.67182522],[27.12283372,36.67185265],[27.12283631,36.67186137],[27.12283794,36.67186516],[27.12283976,36.67186855],[27.12284366,36.6718741],[27.12284678,36.67187753],[27.1228506,36.67188103],[27.12285508,36.67188453],[27.12286006,36.67188796],[27.12287714,36.67189902],[27.12288395,36.67190432],[27.12289029,36.6719106],[27.12289367,36.67191476],[27.12289673,36.67191928],[27.12289946,36.67192411],[27.12290196,36.67192935],[27.12291255,36.67195605],[27.12291759,36.67196619],[27.12292033,36.67197089],[27.12292647,36.6719802],[27.12294429,36.67200483],[27.12294982,36.6720138],[27.12295219,36.67201823],[27.12295487,36.67202388],[27.12295953,36.67203612],[27.12296678,36.67206101],[27.12297083,36.67207358],[27.12297485,36.67208384],[27.12297725,36.6720892],[27.12298281,36.67210027],[27.12298894,36.67211123],[27.12299544,36.67212211],[27.12301647,36.67215561],[27.12302634,36.67217049],[27.12303688,36.67218451],[27.12304537,36.67219443],[27.12305827,36.67220783],[27.1230733,36.67222166],[27.12309081,36.67223609],[27.1231028,36.67224499],[27.12311459,36.67225294],[27.12312808,36.67226118],[27.12315905,36.67227914],[27.12316605,36.67228363],[27.12317259,36.67228823],[27.12317862,36.67229295],[27.12318365,36.67229738],[27.12318829,36.67230198],[27.12319251,36.67230672],[27.12319688,36.67231242],[27.12320068,36.67231829],[27.12320327,36.67232302],[27.12320561,36.672328],[27.1232077,36.67233325],[27.12320977,36.6723395],[27.12321237,36.67234944],[27.12321442,36.67235961],[27.12321686,36.67237508],[27.12321824,36.6723856],[27.12322072,36.67241122],[27.12322252,36.67244545],[27.12322272,36.67246178],[27.12322254,36.67246779],[27.12322165,36.67247974],[27.12321794,36.67251019],[27.12321738,36.67252088],[27.12321765,36.67253164],[27.1232183,36.67253844],[27.12321979,36.67254745],[27.12322139,36.67255415],[27.12322335,36.67256068],[27.12322551,36.67256673],[27.12323119,36.67258003],[27.12324161,36.67260203],[27.12324764,36.67261573],[27.12325363,36.67263123],[27.1232574,36.672644],[27.12325884,36.67265202],[27.1232593,36.67265656],[27.12325955,36.67266615],[27.12325933,36.6726797],[27.12325962,36.6726884],[27.12326069,36.67269686],[27.12326179,36.67270199],[27.1232633,36.6727073],[27.12326525,36.67271275],[27.12326761,36.67271827],[27.1232726,36.67272792],[27.12327892,36.67273813],[27.12328974,36.67275415],[27.12329544,36.67276348],[27.12329946,36.67277153],[27.12330106,36.67277539],[27.1233037,36.67278322],[27.1233113,36.67281499],[27.12331868,36.67283988],[27.12332228,36.67285472],[27.12332337,36.67286069],[27.12332509,36.67287306],[27.12332797,36.67290449],[27.12332962,36.67291904],[27.12333251,36.6729357],[27.12333456,36.67294459],[27.12333699,36.67295342],[27.12334183,36.67296759],[27.12334784,36.67298139],[27.1233556,36.67299586],[27.12336066,36.67300416],[27.12336604,36.67301236],[27.12337864,36.67302982],[27.12339218,36.67304715],[27.12343266,36.67309789],[27.12345167,36.6731224],[27.12346354,36.67313691],[27.12347044,36.67314443],[27.12347507,36.67314886],[27.1234821,36.67315458],[27.123499,36.67316645],[27.12350404,36.67317079],[27.12350877,36.67317628],[27.12351221,36.67318183],[27.12351508,36.67318794],[27.12352275,36.67320949],[27.1235257,36.67321702],[27.12352969,36.67322597],[27.12353481,36.67323637],[27.12354546,36.67325696],[27.12355359,36.67327175],[27.12355746,36.67327811],[27.12356589,36.67329046],[27.12357756,36.6733052],[27.12358492,36.67331378],[27.12363185,36.67336621],[27.12365152,36.67338708],[27.1236756,36.67341046],[27.12368278,36.67341781],[27.12368717,36.67342267],[27.12369342,36.6734303],[27.12369901,36.67343793],[27.12370415,36.67344578],[27.1237112,36.67345814],[27.12371476,36.67346531],[27.12372116,36.67348015],[27.12372665,36.67349513],[27.12373806,36.67352993],[27.12374237,36.67354097],[27.12374678,36.67354984],[27.1237497,36.67355464],[27.12375288,36.67355912],[27.12375874,36.67356596],[27.12376486,36.6735718],[27.12377233,36.67357783],[27.12379608,36.67359455],[27.12380462,36.67360112],[27.12381165,36.67360741],[27.12381843,36.67361471],[27.1238255,36.6736241],[27.12382927,36.67362995],[27.12385003,36.67366664],[27.123859,36.67368083],[27.1238639,36.67368792],[27.12386906,36.67369495],[27.12387886,36.67370735],[27.12388797,36.67371806],[27.12391453,36.67374824],[27.12392452,36.67376064],[27.12393562,36.67377615],[27.12395297,36.67380312],[27.12396027,36.67381398],[27.12396864,36.67382538],[27.12397379,36.67383182],[27.12397919,36.67383813],[27.1239905,36.67385002],[27.12400218,36.67386064],[27.12401307,36.67386921],[27.12402537,36.67387755],[27.12403288,36.67388206],[27.12404059,36.6738863],[27.12404874,36.6738904],[27.12405701,36.67389422],[27.12407117,36.67390012],[27.12408181,36.67390419],[27.12413721,36.67392445],[27.12416001,36.67393248],[27.12419574,36.67394404],[27.12425482,36.6739619],[27.12427506,36.67396867],[27.12428826,36.67397365],[27.12429927,36.67397818],[27.12430991,36.67398288],[27.1243251,36.67399023],[27.1243329,36.67399451],[27.12433706,36.67399708],[27.12434126,36.67399997],[27.12434531,36.67400317],[27.12434885,36.67400639],[27.12435207,36.67400981],[27.12435489,36.67401332],[27.12435857,36.67401899],[27.12436131,36.67402441],[27.12436997,36.67404697],[27.12437379,36.67405501],[27.12437625,36.67405937],[27.12438255,36.67406868],[27.12438633,36.67407345],[27.12439121,36.67407907],[27.12440128,36.67408942],[27.12440823,36.67409597],[27.12442294,36.67410881],[27.12444019,36.6741226],[27.12445414,36.67413302],[27.12447498,36.67414791],[27.12449468,36.67416162],[27.12477243,36.67432043],[27.12495248,36.67438126],[27.12517777,36.67455416],[27.12527285,36.67470961],[27.12536529,36.67479957],[27.12544736,36.67490768],[27.12550188,36.6749748],[27.12557997,36.67498467],[27.12563215,36.67490283],[27.12564139,36.67479573],[27.12571867,36.67473915],[27.12573844,36.67471936],[27.1257447,36.67471338],[27.12575032,36.67470844],[27.12575605,36.6747039],[27.12576192,36.67469979],[27.12576808,36.67469601],[27.12577476,36.67469249],[27.12578219,36.67468916],[27.12579007,36.67468622],[27.12579822,36.67468371],[27.12580643,36.67468168],[27.12581348,36.67468029],[27.12582058,36.67467919],[27.12582791,36.67467833],[27.12584137,36.67467737],[27.1258703,36.67467653],[27.12588426,36.67467569],[27.12589088,36.67467496],[27.12589726,36.67467398],[27.12590312,36.6746728],[27.12590883,36.67467137],[27.12591538,36.67466935],[27.12592156,36.67466702],[27.12592734,36.67466446],[27.12593642,36.67465963],[27.12594909,36.67465146],[27.12596509,36.6746398],[27.12597233,36.67463381],[27.12597686,36.67462934],[27.12598012,36.67462534],[27.1259831,36.67462032],[27.12598506,36.67461527],[27.1259869,36.67460686],[27.12598952,36.67458989],[27.12599191,36.67458096],[27.12599388,36.67457597],[27.1259963,36.67457127],[27.12599886,36.67456739],[27.12600168,36.67456401],[27.12600464,36.67456117],[27.1260077,36.67455883],[27.12601298,36.67455583],[27.12601601,36.67455454],[27.12602044,36.67455311],[27.1260253,36.67455201],[27.12603048,36.67455125],[27.12603584,36.67455081],[27.12605692,36.67455004],[27.12606089,36.67454958],[27.12606676,36.67454825],[27.12607077,36.67454667],[27.12607353,36.67454513],[27.1260766,36.67454284],[27.12607941,36.67454011],[27.12608235,36.6745363],[27.12608389,36.67453371],[27.12608639,36.67452763],[27.12608734,36.67452398],[27.12608866,36.67451424],[27.12608942,36.67450243],[27.1260904,36.67449207],[27.12609218,36.67448216],[27.1260934,36.67447745],[27.12609653,36.67446825],[27.12609853,36.67446351],[27.12610355,36.67445341],[27.12610668,36.67444799],[27.12611208,36.67443983],[27.12611819,36.67443221],[27.12612271,36.67442755],[27.12612783,36.67442312],[27.12613334,36.67441924],[27.12613923,36.67441591],[27.12614547,36.67441319],[27.1261516,36.6744112],[27.12615822,36.67440968],[27.12616535,36.67440869],[27.12617291,36.67440827],[27.12618082,36.67440845],[27.12618895,36.67440923],[27.12619721,36.67441059],[27.12620655,36.6744128],[27.12621585,36.67441568],[27.12622437,36.67441892],[27.12623267,36.67442264],[27.12624065,36.67442681],[27.12624822,36.67443138],[27.12625528,36.6744363],[27.12626176,36.67444152],[27.12626718,36.67444658],[27.126272,36.67445182],[27.1262762,36.67445719],[27.12627979,36.67446268],[27.12628244,36.67446754],[27.12628466,36.67447248],[27.12628647,36.67447748],[27.12628796,36.6744828],[27.12628903,36.67448807],[27.12628972,36.67449321],[27.12629015,36.67449939],[27.12629024,36.67450518],[27.12628991,36.6745168],[27.12629013,36.67452715],[27.12629062,36.67453069],[27.12629157,36.67453459],[27.12629295,36.67453814],[27.12629475,36.67454132],[27.12629692,36.67454406],[27.12629936,36.67454638],[27.12630211,36.67454838],[27.12630555,36.67455025],[27.12630962,36.67455188],[27.12631818,36.67455395],[27.12632342,36.67455463],[27.12632794,36.67455495],[27.12633756,36.67455491],[27.12634768,36.67455389],[27.12635273,36.674553],[27.126359,36.67455156],[27.12636534,36.67454973],[27.12637532,36.67454618],[27.12639684,36.67453701],[27.12640836,36.67453243],[27.12641461,36.6745303],[27.1264214,36.67452833],[27.12642882,36.67452657],[27.12643684,36.67452511],[27.12644543,36.674524],[27.12645448,36.67452329],[27.1264639,36.674523],[27.12647359,36.67452311],[27.12648349,36.67452362],[27.12649351,36.67452449],[27.12650391,36.67452573],[27.12651438,36.67452728],[27.12653532,36.67453115],[27.12655621,36.67453586],[27.1265666,36.67453847],[27.12658714,36.67454412],[27.12660729,36.67455033],[27.12661721,36.67455365],[27.12663665,36.67456079],[27.12665538,36.6745687],[27.1266644,36.67457298],[27.12667266,36.67457723],[27.12668067,36.67458171],[27.12668842,36.67458641],[27.12669589,36.67459133],[27.12670306,36.67459648],[27.12670993,36.67460183],[27.12671723,36.67460802],[27.12672423,36.67461446],[27.12673096,36.67462111],[27.12673746,36.67462791],[27.1267592,36.67465192],[27.12676957,36.67466272],[27.12678073,36.67467315],[27.12678687,36.67467838],[27.1268008,36.67468926],[27.12681079,36.6746965],[27.1268472,36.67472191],[27.12686342,36.67473386],[27.12687915,36.67474631],[27.12688677,36.67475272],[27.12690145,36.67476596],[27.12691439,36.67477877],[27.12692061,36.67478535],[27.12693255,36.67479882],[27.12694777,36.67481741],[27.12698049,36.67485924],[27.12699176,36.67487272],[27.12700291,36.67488502],[27.12700872,36.67489096],[27.1270218,36.67490314],[27.12702916,36.6749093],[27.12703678,36.67491521],[27.12704467,36.67492087],[27.12705268,36.67492621],[27.12706944,36.67493638],[27.12710464,36.67495592],[27.12712049,36.67496502],[27.12713439,36.67497365],[27.12714115,36.67497815],[27.12715433,36.67498762],[27.12716689,36.67499774],[27.12717285,36.67500301],[27.12718454,36.67501445],[27.12719572,36.67502703],[27.12720594,36.67504023],[27.1272153,36.67505393],[27.12722405,36.67506811],[27.12725177,36.67511655],[27.12729178,36.6751843],[27.12731087,36.67521794],[27.12732023,36.67523576],[27.12732716,36.67525042],[27.12734643,36.67529664],[27.12735355,36.67531177],[27.12736111,36.67532535],[27.12736531,36.67533194],[27.12736982,36.67533839],[27.12737507,36.67534523],[27.12738071,36.67535192],[27.12738671,36.67535846],[27.12739308,36.67536486],[27.12740623,36.67537681],[27.12741319,36.67538263],[27.12742752,36.67539385],[27.1274701,36.67542505],[27.12748013,36.6754328],[27.12748783,36.67543915],[27.12749511,36.67544562],[27.12750181,36.67545219],[27.12750791,36.67545892],[27.12751332,36.67546579],[27.12751797,36.67547279],[27.12752172,36.67547973],[27.12752463,36.67548673],[27.12752665,36.67549374],[27.12752772,36.67550064],[27.12752783,36.67550734],[27.12752698,36.67551374],[27.1275255,36.67551893],[27.12752338,36.67552381],[27.12752066,36.67552833],[27.12751741,36.67553245],[27.12751368,36.67553619],[27.12750941,36.67553965],[27.1275046,36.67554282],[27.12749907,36.67554581],[27.12749291,36.67554856],[27.12748619,36.67555107],[27.12747907,36.67555336],[27.12744864,36.67556193],[27.12744267,36.67556405],[27.12743751,36.6755663],[27.12743342,36.67556855],[27.12743029,36.67557073],[27.12742629,36.67557458],[27.12742402,36.67557777],[27.12742217,36.67558173],[27.12742102,36.67558644],[27.12742077,36.67559081],[27.12742122,36.6755955],[27.12742242,36.67560042],[27.12742478,36.67560635],[27.1274281,36.67561228],[27.12743231,36.67561807],[27.12743733,36.67562364],[27.12744317,36.675629],[27.12744981,36.67563415],[27.1274572,36.67563904],[27.12746352,36.67564271],[27.12747021,36.67564618],[27.12747766,36.67564963],[27.1274854,36.67565283],[27.12749386,36.67565592],[27.12750255,36.6756587],[27.12751141,36.67566116],[27.12751944,36.67566308],[27.12752758,36.67566474],[27.12754412,36.67566732],[27.12756244,36.67566911],[27.12758112,36.67567008],[27.12763373,36.67567133],[27.12765415,36.67567264],[27.12766383,36.67567368],[27.12767331,36.67567504],[27.12768257,36.67567675],[27.12769157,36.67567882],[27.12770031,36.67568127],[27.12770863,36.67568405],[27.12771675,36.67568723],[27.12772468,36.67569081],[27.1277324,36.67569477],[27.1277399,36.67569908],[27.12774717,36.67570372],[27.12775405,36.67570853],[27.12776731,36.67571892],[27.12777583,36.67572629],[27.12779222,36.67574171],[27.12781308,36.6757632],[27.12783198,36.67578384],[27.12786162,36.67581685],[27.12788053,36.67583897],[27.12788459,36.6758441],[27.12789188,36.67585425],[27.12789499,36.67585929],[27.12789774,36.67586447],[27.12789998,36.67586963],[27.1279017,36.67587475],[27.12790289,36.67587986],[27.12790364,36.67588616],[27.12790361,36.6758928],[27.12790272,36.67589977],[27.12790095,36.67590698],[27.1278983,36.67591433],[27.12789485,36.67592169],[27.12789068,36.67592895],[27.1278859,36.67593601],[27.12788064,36.67594277],[27.12787503,36.67594916],[27.12786921,36.6759551],[27.12786331,36.67596059],[27.12785746,36.67596563],[27.12784115,36.67597888],[27.12783375,36.67598585],[27.12783112,36.67598901],[27.12782924,36.67599188],[27.12782801,36.6759944],[27.12782727,36.6759966],[27.12782664,36.67600112],[27.12782679,36.67600363],[27.12782733,36.67600639],[27.12782862,36.67601018],[27.12783067,36.67601428],[27.12783343,36.67601861],[27.12783869,36.67602544],[27.12786695,36.67605739],[27.1278818,36.6760752],[27.12788974,36.67608569],[27.1279127,36.67611854],[27.12791823,36.67612571],[27.1279332,36.67614409],[27.12793604,36.67614793],[27.12794041,36.67615471],[27.12794428,36.67616227],[27.12794752,36.67617087],[27.12794984,36.67618003],[27.12795097,36.67618914],[27.12795104,36.67619343],[27.12795073,36.67619834],[27.12794989,36.67620365],[27.12794844,36.67620928],[27.12794635,36.67621511],[27.12794352,36.67622121],[27.12794009,36.67622728],[27.1279362,36.67623318],[27.12792774,36.67624411],[27.12791337,36.67626063],[27.12790736,36.67626802],[27.12790338,36.67627344],[27.12789949,36.67627936],[27.12789581,36.67628576],[27.12789315,36.67629104],[27.12788848,36.67630229],[27.12788476,36.67631425],[27.12788207,36.67632634],[27.12788027,36.67633957],[27.12787986,36.67634657],[27.12787992,36.6763535],[27.12788051,36.6763601],[27.12788154,36.67636585],[27.12788303,36.67637126],[27.12788496,36.67637631],[27.12788731,36.67638106],[27.12789044,36.67638608],[27.12789429,36.67639112],[27.12789895,36.67639617],[27.1279044,36.67640122],[27.12791057,36.6764062],[27.12791696,36.6764108],[27.12792746,36.6764176],[27.12793855,36.67642412],[27.12795511,36.67643323],[27.12801802,36.67646657],[27.12803849,36.67647706],[27.12806225,36.67648833],[27.12811368,36.67651122],[27.1281314,36.67652002],[27.1281398,36.67652462],[27.12814801,36.67652945],[27.12815601,36.67653452],[27.12816378,36.67653982],[27.12817132,36.67654537],[27.12817861,36.67655114],[27.12818564,36.67655713],[27.12819285,36.67656373],[27.12819981,36.67657057],[27.12821301,36.67658485],[27.12822532,36.67659975],[27.12823686,36.67661505],[27.12824774,36.67663066],[27.12825803,36.67664641],[27.1282818,36.67668433],[27.12828661,36.67669132],[27.1282916,36.67669801],[27.12829687,36.67670436],[27.12830199,36.67670987],[27.12830746,36.67671511],[27.12831331,36.67672005],[27.12831954,36.67672466],[27.12832613,36.67672893],[27.12833307,36.67673283],[27.12834021,36.6767363],[27.1283477,36.67673943],[27.1283555,36.67674223],[27.1283636,36.67674471],[27.12837195,36.67674688],[27.1283805,36.67674876],[27.12839945,36.67675205],[27.12843955,36.67675744],[27.12846074,36.67676083],[27.12847114,36.67676289],[27.12848137,36.67676524],[27.12849106,36.67676783],[27.12850058,36.67677075],[27.12850992,36.676774],[27.12851908,36.67677758],[27.12852702,36.676781],[27.12854262,36.67678853],[27.12855611,36.67679579],[27.12856932,36.67680341],[27.12859024,36.6768162],[27.12861341,36.67683114],[27.12862749,36.67684088],[27.12863379,36.67684557],[27.12864314,36.67685322],[27.1286471,36.67685684],[27.12865414,36.67686413],[27.12866183,36.67687361],[27.12867902,36.67689753],[27.12868357,36.67690305],[27.12868834,36.67690812],[27.12869212,36.67691168],[27.12869625,36.67691514],[27.12870078,36.6769185],[27.12870701,36.6769225],[27.12871385,36.67692623],[27.12872123,36.67692959],[27.12872842,36.67693232],[27.12873595,36.67693467],[27.12874374,36.67693664],[27.1287522,36.67693831],[27.12876083,36.67693956],[27.12876956,36.67694041],[27.12877836,36.67694091],[27.12879435,36.6769411],[27.12883806,36.67693975],[27.12885695,36.6769395],[27.1288731,36.67693979],[27.12888294,36.67694034],[27.12889261,36.67694127],[27.12890406,36.67694308],[27.12890905,36.67694416],[27.12891705,36.6769463],[27.12892269,36.67694808],[27.12895257,36.67695871],[27.12896026,36.67696102],[27.1289709,36.67696362],[27.12898493,36.67696605],[27.12899365,36.67696702],[27.12900857,36.67696784],[27.12902423,36.67696778],[27.12903787,36.67696713],[27.12905154,36.6769661],[27.12906966,36.67696428],[27.12908703,36.6769621],[27.12910447,36.67695921],[27.12911363,36.67695718],[27.12911926,36.67695566],[27.12912958,36.67695219],[27.12913587,36.67694956],[27.12914229,36.67694644],[27.12914885,36.67694277],[27.12915548,36.67693859],[27.12916214,36.67693393],[27.12917532,36.67692364],[27.12920137,36.67690203],[27.12921394,36.67689278],[27.12922015,36.67688879],[27.12922642,36.6768852],[27.12923326,36.6768818],[27.12924016,36.67687892],[27.1292471,36.67687656],[27.12925405,36.67687472],[27.12926103,36.67687337],[27.12926782,36.67687251],[27.12927492,36.67687202],[27.12928236,36.67687192],[27.12929579,36.67687263],[27.1293093,36.67687428],[27.12932277,36.67687668],[27.12933611,36.67687971],[27.12934916,36.6768833],[27.1293582,36.67688618],[27.12937273,36.67689167],[27.12937926,36.67689459],[27.12938995,36.67690028],[27.12939455,36.67690327],[27.12939866,36.67690638],[27.1294027,36.67691],[27.12940627,36.67691392],[27.12940934,36.67691815],[27.12941179,36.67692254],[27.12941372,36.67692728],[27.12941509,36.67693233],[27.12941587,36.6769377],[27.12941605,36.67694316],[27.12941567,36.67694888],[27.12941476,36.67695484],[27.12941337,36.67696098],[27.12941108,36.67696884],[27.12939991,36.67700064],[27.12939775,36.67700818],[27.12939613,36.67701558],[27.12939517,36.67702265],[27.12939485,36.67702958],[27.12939511,36.67703526],[27.12939586,36.67704084],[27.12939708,36.67704629],[27.1293987,36.67705141],[27.12940072,36.6770564],[27.12940313,36.67706127],[27.12940611,36.67706639],[27.12941331,36.67707657],[27.1294332,36.67710063],[27.12943971,36.67710971],[27.12944238,36.67711413],[27.12944497,36.67711917],[27.12944716,36.67712444],[27.12944894,36.67712999],[27.12945026,36.67713582],[27.1294511,36.67714189],[27.12945147,36.67714815],[27.12945103,36.67716015],[27.12944616,36.67719781],[27.12944523,36.67721087],[27.12944514,36.6772246],[27.12944628,36.67725734],[27.12944578,36.67727115],[27.12944512,36.6772783],[27.12944295,36.67729296],[27.12944076,36.67730377],[27.12943472,36.67732869],[27.12942317,36.67737263],[27.12942094,36.67738262],[27.1294189,36.67739557],[27.12941838,36.67740185],[27.12941821,36.67740806],[27.12941842,36.67741421],[27.12941913,36.6774213],[27.12942037,36.67742846],[27.12942215,36.6774357],[27.12942523,36.67744518],[27.12942905,36.6774544],[27.12943355,36.67746329],[27.1294387,36.67747175],[27.1294434,36.67747824],[27.12944777,36.67748342],[27.1294524,36.67748814],[27.12945727,36.67749233],[27.1294623,36.67749594],[27.12946743,36.67749894],[27.12947253,36.67750129],[27.12947764,36.67750308],[27.12948243,36.67750427],[27.12948729,36.67750505],[27.12949227,36.67750542],[27.12949684,36.67750541],[27.12950161,36.67750506],[27.12950855,36.67750402],[27.12951588,36.67750229],[27.12952244,36.67750026],[27.12952914,36.67749779],[27.12954264,36.67749181],[27.12957832,36.67747343],[27.12958766,36.6774694],[27.12959327,36.67746749],[27.12959838,36.67746618],[27.12960324,36.67746542],[27.12960732,36.67746522],[27.12961067,36.67746539],[27.12961407,36.67746591],[27.12961787,36.67746694],[27.12962209,36.67746865],[27.12962605,36.67747081],[27.12963012,36.67747357],[27.12963423,36.67747684],[27.12965108,36.67749191],[27.12965493,36.67749485],[27.12965889,36.67749748],[27.12966293,36.67749973],[27.12966701,36.67750155],[27.12967095,36.6775029],[27.12967488,36.67750385],[27.1296788,36.67750444],[27.12968358,36.67750468],[27.12968858,36.6775044],[27.12969338,36.67750366],[27.12969851,36.67750239],[27.12970393,36.67750057],[27.12971086,36.6774976],[27.12971803,36.67749388],[27.12972539,36.67748955],[27.12975534,36.67747027],[27.1297618,36.6774665],[27.12976832,36.67746302],[27.1297749,36.67745991],[27.12978149,36.67745721],[27.12978849,36.67745483],[27.12979547,36.67745299],[27.12980241,36.6774517],[27.12981011,36.67745092],[27.12981773,36.67745085],[27.12982516,36.67745152],[27.12983224,36.67745291],[27.12983881,36.677455],[27.12984505,36.6774579],[27.12985043,36.6774614],[27.12985483,36.67746536],[27.12985818,36.67746958],[27.12986051,36.67747389],[27.12986197,36.67747822],[27.12986271,36.6774827],[27.12986277,36.67748772],[27.12986206,36.67749331],[27.12986057,36.67749939],[27.12985846,36.67750565],[27.12985581,36.67751223],[27.129847,36.67753235],[27.12984192,36.67754571],[27.12984002,36.67755194],[27.12983852,36.6775581],[27.12983749,36.67756412],[27.12983696,36.67756989],[27.12983692,36.67757541],[27.12983735,36.67758065],[27.12983822,36.67758554],[27.12983947,36.6775901],[27.12984147,36.67759534],[27.12984393,36.67760028],[27.12984654,36.67760463],[27.12985866,36.67762132],[27.12986106,36.67762501],[27.12986292,36.67762843],[27.12986439,36.67763201],[27.12986523,36.67763534],[27.1298655,36.67763749],[27.12986552,36.67763971],[27.12986516,36.67764265],[27.12986426,36.67764579],[27.12986274,36.67764905],[27.12986056,36.6776523],[27.12985753,36.67765563],[27.12985388,36.67765865],[27.12984976,36.67766124],[27.12984535,36.6776633],[27.12984087,36.67766483],[27.12983647,36.67766586],[27.12983216,36.67766647],[27.12982831,36.67766673],[27.12981937,36.67766648],[27.12981263,36.6776657],[27.12980526,36.67766446],[27.12978116,36.67765957],[27.12977264,36.67765819],[27.12976428,36.67765729],[27.12975627,36.67765698],[27.12974868,36.6776573],[27.12974311,36.67765797],[27.1297377,36.67765903],[27.12973242,36.67766048],[27.12972727,36.67766235],[27.12972171,36.67766491],[27.12971621,36.67766805],[27.12971081,36.67767179],[27.12970559,36.6776761],[27.12970041,36.67768115],[27.12969324,36.67768962],[27.12968706,36.67769879],[27.12968307,36.67770613],[27.12967979,36.67771365],[27.12967726,36.67772128],[27.12967569,36.67772806],[27.12967475,36.67773487],[27.12967443,36.67774168],[27.12967469,36.67774796],[27.12967547,36.67775428],[27.12967675,36.67776064],[27.12967851,36.677767],[27.12968072,36.67777337],[27.12968377,36.67778074],[27.12969109,36.67779542],[27.12970624,36.67782292],[27.12971225,36.67783556],[27.129715,36.67784237],[27.12971745,36.67784941],[27.12971964,36.67785671],[27.12972157,36.67786423],[27.12972472,36.67787935],[27.12972825,36.67790006],[27.12973141,36.67792141],[27.12973268,36.67793275],[27.12973331,36.67794384],[27.1297329,36.67795548],[27.12973193,36.67796218],[27.1297304,36.67796831],[27.12972834,36.67797386],[27.12972598,36.67797853],[27.12972315,36.67798289],[27.12971987,36.67798696],[27.1297157,36.67799118],[27.12971108,36.67799502],[27.12970612,36.67799852],[27.12969683,36.67800403],[27.12968215,36.67801205],[27.1296743,36.67801716],[27.12967097,36.67801981],[27.1296681,36.67802252],[27.12966535,36.67802574],[27.1296632,36.67802907],[27.12966167,36.67803248],[27.12966075,36.67803593],[27.12966045,36.67803979],[27.12966092,36.67804389],[27.12966196,36.67804739],[27.12966364,36.67805088],[27.12966596,36.67805427],[27.12966882,36.6780574],[27.12967225,36.6780603],[27.12967621,36.67806289],[27.12968146,36.67806546],[27.12968723,36.67806747],[27.1296934,36.67806887],[27.12969989,36.67806967],[27.12970484,36.67806987],[27.12971,36.67806975],[27.12971641,36.67806919],[27.1297231,36.67806818],[27.12973005,36.67806673],[27.1297372,36.67806488],[27.12974501,36.67806252],[27.12976102,36.67805693],[27.12980663,36.67803962],[27.12985467,36.67802203],[27.12988494,36.67801058],[27.12991434,36.67799863],[27.12993331,36.67799037],[27.12996958,36.67797395],[27.12998426,36.67796772],[27.12999112,36.67796509],[27.13000126,36.67796182],[27.1300108,36.67795982],[27.13001619,36.67795941],[27.13002078,36.67795965],[27.13002451,36.67796038],[27.13002731,36.67796134],[27.13002974,36.67796254],[27.13003218,36.67796416],[27.13003516,36.67796689],[27.13003806,36.67797063],[27.13004048,36.677975],[27.13004331,36.67798242],[27.13004538,36.67799069],[27.13004689,36.67799962],[27.13004856,36.67801586],[27.13004948,36.67803427],[27.13004978,36.67805937],[27.13004946,36.67810571],[27.13004996,36.67812378],[27.13005114,36.67813921],[27.13005206,36.67814707],[27.13005461,36.67816271],[27.13005623,36.67817047],[27.1300594,36.67818321],[27.13006158,36.67819071],[27.13006583,36.67820351],[27.13007344,36.67822283],[27.13008809,36.67825608],[27.13009665,36.67827641],[27.13010293,36.67829291],[27.13010801,36.67830859],[27.1301107,36.67831865],[27.13011228,36.67832586],[27.13011386,36.67833586],[27.13011452,36.67834423],[27.13011464,36.67834962],[27.13011403,36.67837152],[27.13011414,36.6783752],[27.13011496,36.67838123],[27.13011674,36.67838609],[27.13011797,36.67838795],[27.13011932,36.67838934],[27.13012043,36.67839017],[27.13012244,36.67839114],[27.13012474,36.67839168],[27.13012635,36.6783918],[27.13013083,36.67839136],[27.13013465,36.67839036],[27.13014104,36.67838796],[27.13015799,36.6783803],[27.13016898,36.67837588],[27.13017594,36.67837362],[27.13018291,36.67837184],[27.13018862,36.6783708],[27.13019418,36.67837015],[27.13019855,36.6783699],[27.13020286,36.67836991],[27.13020844,36.67837027],[27.13021402,36.67837104],[27.13022319,36.67837322],[27.1302338,36.67837717],[27.13024018,36.67838033],[27.13024686,36.67838439],[27.13025295,36.67838899],[27.1302561,36.67839185],[27.13025925,36.67839519],[27.13026202,36.67839867],[27.1302644,36.6784023],[27.13026609,36.67840542],[27.13026864,36.6784117],[27.13026957,36.67841489],[27.13027079,36.67842097],[27.13027146,36.6784275],[27.13027163,36.67843777],[27.13027088,36.67845783],[27.13027087,36.67846515],[27.13027118,36.67847187],[27.13027186,36.67847844],[27.13027293,36.67848479],[27.13027435,36.67849082],[27.13027763,36.6785009],[27.13028292,36.67851317],[27.13029349,36.6785359],[27.13029618,36.67854279],[27.13029894,36.67855116],[27.13030121,36.67855944],[27.1303038,36.67857099],[27.13031022,36.6786037],[27.1303147,36.67862106],[27.13031812,36.67863131],[27.13032156,36.67864],[27.13033296,36.67866529],[27.13035027,36.67870576],[27.13035729,36.6787205],[27.13037492,36.67875485],[27.13037998,36.67876555],[27.13038285,36.67877251],[27.13038523,36.67877935],[27.13038707,36.67878631],[27.13038819,36.67879304],[27.13038852,36.67879947],[27.13038807,36.67880552],[27.13038695,36.67881079],[27.13038523,36.67881567],[27.13038297,36.67882013],[27.13038022,36.67882424],[27.13037769,36.67882732],[27.13037476,36.67883034],[27.1303706,36.67883397],[27.13036576,36.67883758],[27.13036069,36.67884089],[27.13035021,36.67884686],[27.13032223,36.67886154],[27.13031327,36.67886709],[27.13030944,36.67886985],[27.13030526,36.67887334],[27.13030197,36.67887672],[27.13029981,36.67887958],[27.13029841,36.67888219],[27.13029784,36.6788838],[27.13029751,36.67888569],[27.13029774,36.67888825],[27.13029837,36.67888988],[27.13029922,36.67889121],[27.13030026,36.67889238],[27.13030337,36.67889482],[27.13030786,36.6788972],[27.13031236,36.67889893],[27.13031736,36.67890033],[27.13032282,36.67890139],[27.13034692,36.67890415],[27.13035867,36.67890634],[27.13036705,36.67890863],[27.13037546,36.67891166],[27.13038387,36.67891561],[27.13038942,36.6789188],[27.13039501,36.67892255],[27.13040016,36.67892658],[27.1304048,36.67893085],[27.13040886,36.67893532],[27.13041223,36.67893991],[27.13041442,36.67894374],[27.13041601,36.67894751],[27.13041702,36.67895111],[27.13041748,36.67895458],[27.1304175,36.67895703],[27.13041727,36.67895943],[27.1304165,36.67896285],[27.1304152,36.67896626],[27.1304135,36.67896941],[27.13041133,36.67897253],[27.13040873,36.67897558],[27.13040527,36.67897894],[27.13040136,36.67898217],[27.13039545,36.67898641],[27.13036727,36.67900398],[27.13035848,36.67901029],[27.13035352,36.67901419],[27.13034329,36.67902303],[27.13033465,36.67903112],[27.13032543,36.67904035],[27.13031655,36.67904984],[27.13030819,36.67905947],[27.13030131,36.67906804],[27.1302941,36.67907787],[27.13029086,36.67908271],[27.13028736,36.67908842],[27.13028424,36.67909417],[27.13028052,36.67910279],[27.1302787,36.67910872],[27.1302775,36.67911466],[27.13027706,36.6791186],[27.13027689,36.67912255],[27.13027706,36.67912755],[27.13027763,36.67913252],[27.13027886,36.67913848],[27.1302813,36.67914618],[27.13028368,36.67915172],[27.13028797,36.6791597],[27.1302915,36.67916518],[27.13029533,36.67917041],[27.13030202,36.67917826],[27.13031313,36.6791894],[27.13031951,36.67919633],[27.1303211,36.67919852],[27.13032335,36.67920286],[27.13032395,36.67920493],[27.13032421,36.67920884],[27.13032319,36.67921306],[27.13032211,36.67921536],[27.13032055,36.67921783],[27.13031842,36.67922052],[27.13031584,36.6792233],[27.13031149,36.6792274],[27.1303008,36.67923676],[27.13029284,36.67924443],[27.13028906,36.67924862],[27.13028555,36.67925302],[27.13028229,36.67925778],[27.13027949,36.6792627],[27.13027717,36.67926775],[27.13027503,36.67927401],[27.13027359,36.67928051],[27.13027283,36.679287],[27.13027265,36.67929364],[27.13027296,36.67930038],[27.13027546,36.67932204],[27.13027591,36.67932811],[27.13027594,36.67933352],[27.13027567,36.67933739],[27.1302745,36.67934387],[27.13027352,36.67934714],[27.13027212,36.67935076],[27.13026995,36.6793552],[27.13026708,36.67936003],[27.13026354,36.67936509],[27.13025823,36.67937177],[27.13024074,36.67939168],[27.13023531,36.67939863],[27.13023266,36.67940266],[27.13023063,36.67940636],[27.13022922,36.6794097],[27.13022823,36.67941314],[27.13022784,36.67941554],[27.13022829,36.679422],[27.13022962,36.67942534],[27.13023206,36.67942872],[27.13023508,36.67943145],[27.13023774,36.67943329],[27.13024282,36.67943614],[27.13025639,36.6794429],[27.13026241,36.6794468],[27.13026615,36.6794502],[27.13026773,36.67945212],[27.13026996,36.67945603],[27.13027137,36.67946084],[27.1302717,36.67946369],[27.13027172,36.67946712],[27.1302714,36.67947083],[27.13026768,36.67949026],[27.13026745,36.67949345],[27.1302676,36.67949615],[27.1302687,36.67949978],[27.13026969,36.67950132],[27.13027151,36.67950308],[27.1302754,36.67950531],[27.1302956,36.67951207],[27.13030209,36.67951506],[27.130306,36.67951731],[27.13031656,36.67952484],[27.13035092,36.67955345],[27.13036014,36.67956065],[27.13036639,36.67956516],[27.13037284,36.67956944],[27.13037992,36.67957368],[27.13038736,36.67957764],[27.13039513,36.67958127],[27.13040322,36.67958454],[27.13041156,36.67958744],[27.13042011,36.67958997],[27.13042832,36.67959204],[27.13044518,36.67959545],[27.1304805,36.67960092],[27.13049333,36.67960318],[27.13050345,36.67960546],[27.13051428,36.67960864],[27.13052508,36.67961277],[27.13053183,36.67961588],[27.13053844,36.67961931],[27.13055387,36.67962863],[27.13056706,36.67963777],[27.1305714,36.67964106],[27.1305794,36.67964772],[27.13058646,36.67965473],[27.13059265,36.67966239],[27.13059782,36.67967066],[27.13060055,36.67967612],[27.13060303,36.67968203],[27.1306064,36.67969189],[27.1306152,36.67972454],[27.13061991,36.67973958],[27.13062268,36.67974684],[27.13062578,36.67975378],[27.13062923,36.6797603],[27.13063301,36.67976627],[27.13063709,36.67977162],[27.13064139,36.67977627],[27.13064577,36.6797802],[27.13064975,36.67978318],[27.13065368,36.67978568],[27.13065793,36.67978796],[27.13066243,36.67979],[27.13067166,36.67979331],[27.13068098,36.67979595],[27.1306978,36.67980006],[27.13072392,36.67980602],[27.13073607,36.67980851],[27.13075217,36.67981122],[27.13075953,36.67981211],[27.13076715,36.67981271],[27.13077219,36.67981287],[27.13078175,36.67981257],[27.13078653,36.67981209],[27.1307969,36.67981026],[27.13080248,36.67980884],[27.13081417,36.67980501],[27.13082159,36.67980209],[27.1308518,36.67978904],[27.13085924,36.6797862],[27.13086663,36.67978372],[27.13087484,36.67978139],[27.1308835,36.67977944],[27.13089266,36.6797779],[27.1309023,36.67977681],[27.13091232,36.67977618],[27.13092141,36.67977603],[27.13093071,36.67977623],[27.13094003,36.67977677],[27.13094946,36.67977763],[27.13095889,36.67977879],[27.13096832,36.67978025],[27.13097772,36.67978198],[27.13098706,36.67978397],[27.13100637,36.67978888],[27.13102551,36.67979467],[27.13104448,36.67980111],[27.13107451,36.67981226],[27.13110431,36.67982393],[27.1312117,36.67986687],[27.13124122,36.67987899],[27.13126948,36.6798915],[27.13128698,36.67989999],[27.13130398,36.67990892],[27.1313274,36.67992228],[27.13136577,36.67994561],[27.13137728,36.67995295],[27.13138855,36.67996047],[27.13140271,36.67997078],[27.13140936,36.67997611],[27.13141571,36.67998158],[27.13142185,36.67998729],[27.13142776,36.67999322],[27.13143894,36.68000576],[27.13144664,36.68001543],[27.1314539,36.68002534],[27.13146018,36.68003459],[27.13146612,36.680044],[27.13147384,36.6800575],[27.13147776,36.68006504],[27.13148498,36.6800805],[27.13149145,36.68009635],[27.13149587,36.68010843],[27.13149994,36.68012062],[27.13150483,36.68013701],[27.13150903,36.68015334],[27.13151085,36.68016145],[27.13151392,36.68017771],[27.13151516,36.68018586],[27.13151618,36.68019403],[27.13151755,36.6802102],[27.1315181,36.68022647],[27.13151801,36.68023807],[27.13151703,36.68025652],[27.13151556,36.68027019],[27.13151439,36.68027809],[27.13151124,36.68029375],[27.13150923,36.68030148],[27.13150692,36.68030913],[27.13150428,36.68031668],[27.1315009,36.68032508],[27.13149709,36.6803333],[27.13149284,36.68034132],[27.13148817,36.68034908],[27.1314831,36.68035653],[27.13147766,36.68036361],[27.13147237,36.68036978],[27.13146685,36.68037556],[27.13146119,36.6803809],[27.13145548,36.68038577],[27.13144556,36.68039316],[27.13143426,36.68040024],[27.13142383,36.68040565],[27.13141479,36.68040918],[27.13141094,36.68041025],[27.13140717,36.680411],[27.13140351,36.68041144],[27.13139988,36.68041158],[27.13139523,36.68041134],[27.13138982,36.68041047],[27.13138372,36.68040878],[27.13137712,36.68040616],[27.13137136,36.68040325],[27.13136546,36.68039974],[27.13135947,36.68039568],[27.13135344,36.68039119],[27.1313461,36.6803853],[27.13132417,36.68036693],[27.13131666,36.68036109],[27.13130922,36.68035584],[27.13130178,36.68035127],[27.13129609,36.68034829],[27.13129044,36.68034579],[27.13128488,36.68034379],[27.13127858,36.68034207],[27.1312723,36.68034092],[27.13126606,36.68034033],[27.13125991,36.68034025],[27.13125383,36.68034066],[27.13124509,36.68034203],[27.13123745,36.6803439],[27.13122989,36.68034629],[27.13121753,36.68035115],[27.1312056,36.68035678],[27.13110892,36.68040334],[27.1311037,36.68045712],[27.13111721,36.68051637],[27.13114156,36.68056937],[27.13118844,36.68063072],[27.13123176,36.68069514],[27.13130071,36.68075293],[27.13140758,36.68083357],[27.13150336,36.68091449],[27.13161666,36.68097111],[27.13172614,36.68102485],[27.13175994,36.68112827],[27.13176071,36.68123852],[27.13176325,36.68130104],[27.13171813,36.68136545],[27.13169601,36.68137705],[27.13167754,36.68138721],[27.13166676,36.68139356],[27.13165646,36.68140015],[27.13164928,36.68140521],[27.13164267,36.6814104],[27.13163673,36.68141568],[27.13163153,36.68142103],[27.13162682,36.6814268],[27.13162297,36.68143261],[27.13162025,36.68143771],[27.13161798,36.68144308],[27.13161616,36.68144875],[27.13161479,36.68145471],[27.13161385,36.6814608],[27.13161327,36.68146709],[27.13161298,36.68147351],[27.13161268,36.68150159],[27.13161232,36.68150773],[27.13161111,36.68151794],[27.13160959,36.68152554],[27.13160698,36.68153495],[27.1315989,36.68155784],[27.13159545,36.68156856],[27.13159276,36.68157966],[27.13159149,36.68158896],[27.13159141,36.68159792],[27.13159193,36.68160244],[27.13159305,36.68160724],[27.1315946,36.68161141],[27.1315977,36.68161687],[27.13160033,36.68162014],[27.13160245,36.68162231],[27.13160849,36.68162705],[27.13161557,36.68163096],[27.13162224,36.68163339],[27.13162929,36.68163494],[27.13163523,36.68163564],[27.13164656,36.68163584],[27.13165775,36.68163497],[27.13166287,36.6816343],[27.13167565,36.68163206],[27.13168866,36.68162921],[27.13169923,36.68162662],[27.13174723,36.68161411],[27.13175947,36.68161132],[27.13177151,36.68160908],[27.13177961,36.68160798],[27.13178735,36.68160734],[27.13179353,36.68160719],[27.13179934,36.68160739],[27.13180531,36.68160802],[27.13181084,36.68160905],[27.1318182,36.68161124],[27.13182304,36.68161327],[27.13182772,36.68161576],[27.13183454,36.68162047],[27.13183902,36.68162437],[27.13184328,36.68162872],[27.13184728,36.68163343],[27.13185337,36.68164166],[27.13186738,36.68166304],[27.1318717,36.6816686],[27.13187665,36.68167348],[27.13188175,36.68167706],[27.1318876,36.68167984],[27.13189161,36.68168114],[27.13189644,36.68168224],[27.13190533,36.68168322],[27.13191496,36.68168327],[27.13192692,36.68168243],[27.13194188,36.68168047],[27.1319597,36.68167703],[27.13199633,36.68166837],[27.1320401,36.68165842],[27.13205638,36.68165416],[27.13209003,36.68164418],[27.13210145,36.681641],[27.13211229,36.68163856],[27.13211878,36.68163759],[27.1321246,36.68163717],[27.13212965,36.6816373],[27.13213389,36.68163789],[27.13213738,36.68163881],[27.13214134,36.68164051],[27.13214357,36.68164188],[27.13214576,36.6816436],[27.13214788,36.68164573],[27.13215013,36.68164871],[27.13215211,36.68165229],[27.13215378,36.68165645],[27.13215533,36.68166216],[27.13215641,36.68166853],[27.13215703,36.68167477],[27.1321584,36.6817065],[27.13215948,36.68172002],[27.13216056,36.68172874],[27.1321625,36.68174041],[27.13216564,36.68175483],[27.13216974,36.68176932],[27.13217374,36.68178055],[27.13217901,36.68179262],[27.13218354,36.68180128],[27.1321886,36.68180961],[27.13219206,36.68181463],[27.13219679,36.68182073],[27.13220189,36.68182648],[27.13220734,36.6818318],[27.13221308,36.68183662],[27.13221958,36.68184122],[27.13222624,36.68184508],[27.13223289,36.68184816],[27.13223861,36.68185022],[27.1322442,36.68185173],[27.13224879,36.68185262],[27.13225353,36.6818532],[27.13225846,36.68185348],[27.13226572,36.68185331],[27.1322735,36.68185244],[27.13228171,36.68185082],[27.13228922,36.68184877],[27.13229687,36.68184618],[27.13230459,36.6818431],[27.13231222,36.68183961],[27.13232231,36.68183434],[27.13233001,36.68182983],[27.13233751,36.68182502],[27.13234536,36.68181952],[27.13235306,36.6818137],[27.13236801,36.68180122],[27.13238612,36.68178464],[27.13241387,36.68175858],[27.13242655,36.68174741],[27.13243939,36.68173694],[27.13244593,36.68173196],[27.13245894,36.6817227],[27.1324924,36.68170091],[27.1325076,36.68169058],[27.13252187,36.68167974],[27.13252902,36.68167368],[27.13253572,36.68166749],[27.13254196,36.68166123],[27.13254772,36.68165496],[27.13255338,36.6816483],[27.13256969,36.68162798],[27.1325752,36.68162207],[27.13257907,36.68161861],[27.1325828,36.68161588],[27.13258623,36.6816139],[27.13258878,36.68161275],[27.1325924,36.68161155],[27.13259539,36.68161092],[27.13260135,36.68161042],[27.13260766,36.68161062],[27.13261298,36.68161114],[27.13263149,36.68161394],[27.1326442,36.68161617],[27.13265725,36.68161876],[27.13266973,36.68162176],[27.13268075,36.68162505],[27.13268852,36.68162784],[27.13269585,36.6816309],[27.13270051,36.68163314],[27.13270779,36.68163732],[27.13271392,36.68164194],[27.13271658,36.68164457],[27.1327186,36.68164707],[27.1327205,36.68165025],[27.13272132,36.68165217],[27.13272213,36.68165507],[27.13272252,36.6816584],[27.13272235,36.68166252],[27.13272086,36.68166962],[27.13271839,36.68167685],[27.13271433,36.68168734],[27.13271137,36.6816964],[27.13271044,36.68170059],[27.13271,36.68170419],[27.13270999,36.68170741],[27.13271055,36.68171077],[27.13271161,36.68171339],[27.13271268,36.68171495],[27.13271386,36.68171616],[27.13271598,36.68171756],[27.13271918,36.68171868],[27.13272145,36.68171904],[27.1327242,36.68171915],[27.13272745,36.68171896],[27.13273198,36.68171826],[27.13274012,36.68171618],[27.13274895,36.6817132],[27.13275545,36.6817107],[27.13276716,36.68170579],[27.13278097,36.68169948],[27.13280039,36.68168956],[27.13281852,36.6816791],[27.13283711,36.68166738],[27.13287096,36.68164444],[27.13287954,36.68163906],[27.13288533,36.68163577],[27.13289101,36.68163292],[27.13289659,36.68163051],[27.13290201,36.6816286],[27.13290696,36.68162727],[27.13291153,36.68162643],[27.1329156,36.68162602],[27.13292119,36.68162605],[27.1329276,36.68162703],[27.13293397,36.68162896],[27.13294351,36.68163317],[27.13296655,36.68164541],[27.13297986,36.68165307],[27.13299042,36.68165982],[27.13300894,36.68167291],[27.13301628,36.68167758],[27.1330236,36.68168139],[27.13302757,36.6816831],[27.13303696,36.68168628],[27.13304232,36.68168763],[27.1330498,36.68168908],[27.13305773,36.68169014],[27.13306593,36.68169086],[27.13307418,36.68169131],[27.13309777,36.68169206],[27.13310811,36.6816926],[27.1331252,36.68169414],[27.13314464,36.68169648],[27.13316198,36.6816989],[27.13317891,36.68170188],[27.13319436,36.68170553],[27.13320188,36.68170774],[27.13320932,36.68171024],[27.13321663,36.68171304],[27.1332247,36.68171654],[27.13323256,36.68172039],[27.13323886,36.6817238],[27.13325141,36.68173143],[27.13326341,36.68173976],[27.13327332,36.68174745],[27.1332841,36.68175666],[27.13329008,36.68176217],[27.13329591,36.68176784],[27.13330748,36.68177989],[27.13332232,36.68179674],[27.13334675,36.68182565],[27.13335349,36.68183324],[27.13336041,36.68184056],[27.13337008,36.6818497],[27.13338099,36.68185826],[27.13338962,36.68186363],[27.13339437,36.68186609],[27.13340096,36.68186896],[27.13340804,36.6818714],[27.13341545,36.68187335],[27.13342335,36.68187485],[27.13343168,36.68187586],[27.13343904,36.68187632],[27.13344705,36.68187643],[27.13345515,36.68187616],[27.13346377,36.68187547],[27.13347237,36.6818744],[27.13348045,36.68187306],[27.1334962,36.6818696],[27.13351257,36.68186498],[27.13352214,36.68186193],[27.13354546,36.68185387],[27.13357011,36.68184469],[27.13363044,36.68182115],[27.13364825,36.68181499],[27.13366242,36.68181106],[27.13366986,36.68180944],[27.13367725,36.68180817],[27.13368475,36.68180727],[27.13369219,36.6818068],[27.13369947,36.6818068],[27.13370551,36.68180719],[27.13371104,36.6818079],[27.13371605,36.68180889],[27.13372184,36.68181049],[27.13372865,36.68181306],[27.13373475,36.68181603],[27.13374273,36.68182088],[27.13375204,36.68182782],[27.13376001,36.68183479],[27.13376671,36.6818414],[27.13377391,36.68184954],[27.13377657,36.68185295],[27.13378364,36.68186394],[27.13378651,36.68186974],[27.13378905,36.68187647],[27.13379078,36.68188313],[27.13379287,36.68189413],[27.13379417,36.68189897],[27.13379513,36.68190129],[27.1337962,36.68190314],[27.13379816,36.68190539],[27.13379975,36.68190659],[27.13380296,36.68190802],[27.1338063,36.68190863],[27.13381151,36.68190853],[27.133815,36.68190795],[27.1338187,36.681907],[27.13382367,36.68190533],[27.1338305,36.68190255],[27.13384289,36.68189709],[27.13385494,36.68189218],[27.13386162,36.6818898],[27.1338687,36.68188759],[27.13387546,36.6818858],[27.13388244,36.68188429],[27.1338896,36.68188311],[27.13389685,36.68188229],[27.13390555,36.68188184],[27.13391251,36.6818819],[27.13391936,36.68188233],[27.13392549,36.68188305],[27.13393151,36.68188405],[27.13393842,36.68188558],[27.13394538,36.68188752],[27.13395387,36.68189037],[27.13396243,36.68189371],[27.13397013,36.68189702],[27.13399879,36.68191022],[27.13401139,36.68191563],[27.13401856,36.68191847],[27.13403317,36.68192357],[27.13404059,36.6819258],[27.13405681,36.68192984],[27.13406681,36.6819318],[27.13407696,36.68193344],[27.13408721,36.68193481],[27.13410842,36.68193704],[27.1341462,36.68194038],[27.13416075,36.68194143],[27.13416912,36.68194176],[27.13418259,36.68194156],[27.13419355,36.68194044],[27.1341981,36.68193967],[27.13420697,36.68193761],[27.13421132,36.68193634],[27.13422,36.68193336],[27.13423302,36.681928],[27.13424548,36.68192215],[27.13426204,36.68191354],[27.13427197,36.68190797],[27.13431096,36.68188522],[27.13433271,36.6818736],[27.1343544,36.68186307],[27.13438002,36.68185145],[27.13440007,36.68184312],[27.13440989,36.68183941],[27.13442547,36.68183422],[27.13443461,36.68183164],[27.13444389,36.68182937],[27.13445295,36.68182753],[27.13446206,36.68182605],[27.13447079,36.681825],[27.13447942,36.68182435],[27.13448791,36.68182412],[27.13449465,36.68182422],[27.13450303,36.68182471],[27.13451133,36.68182559],[27.13451954,36.68182684],[27.1345306,36.68182906],[27.1345385,36.68183096],[27.13455304,36.68183498],[27.13458278,36.68184398],[27.13460379,36.68184967],[27.13461687,36.68185252],[27.13462587,36.68185413],[27.13464411,36.68185659],[27.1346537,36.6818575],[27.13467282,36.68185873],[27.1346911,36.6818593],[27.13470159,36.68185934],[27.13471483,36.68185902],[27.13472417,36.68185854],[27.13476831,36.68185475],[27.13477442,36.68185446],[27.13478308,36.68185441],[27.13478927,36.68185467],[27.13479577,36.68185524],[27.13480644,36.68185685],[27.13481758,36.68185956],[27.13482322,36.68186138],[27.13483036,36.68186416],[27.13483536,36.68186644],[27.13484698,36.68187267],[27.13487126,36.68188782],[27.13487763,36.68189154],[27.13488863,36.6818971],[27.13489837,36.68190094],[27.13490355,36.68190255],[27.13490938,36.68190401],[27.13491537,36.68190514],[27.13492148,36.68190592],[27.13492852,36.68190636],[27.13493562,36.68190632],[27.13494268,36.68190583],[27.13495091,36.68190467],[27.13495889,36.68190295],[27.13496992,36.6818996],[27.13497922,36.68189596],[27.13500923,36.68188192],[27.13501931,36.68187794],[27.13502539,36.68187605],[27.13503116,36.68187467],[27.13503711,36.68187371],[27.13504333,36.6818732],[27.13504973,36.68187318],[27.13505657,36.68187369],[27.13506633,36.68187529],[27.13507198,36.68187662],[27.13508355,36.68188015],[27.13509519,36.68188459],[27.135101,36.68188705],[27.1351441,36.68190674],[27.13515656,36.68191161],[27.13516843,36.68191549],[27.13518051,36.68191854],[27.13518865,36.68192003],[27.13519686,36.68192101],[27.13520436,36.68192143],[27.13521192,36.6819214],[27.13521937,36.68192092],[27.13522698,36.68192],[27.13523609,36.68191838],[27.13524535,36.68191622],[27.13525468,36.68191362],[27.1352689,36.68190907],[27.13530448,36.68189691],[27.13531936,36.68189243],[27.13532697,36.68189037],[27.13533783,36.68188773],[27.1353488,36.68188539],[27.13536829,36.68188208],[27.13537774,36.68188091],[27.1353888,36.68187987],[27.13540351,36.6818788],[27.13545674,36.68187589],[27.13549958,36.68187323],[27.13552816,36.68187192],[27.13556185,36.68187094],[27.13557386,36.68187031],[27.13558621,36.68186919],[27.13559354,36.68186826],[27.13560748,36.68186582],[27.13562016,36.68186277],[27.13562671,36.68186086],[27.13563322,36.68185874],[27.13564607,36.68185394]]],[[[27.179786,36.68277099],[27.17999395,36.68278927],[27.18022076,36.68281599],[27.18034285,36.68281571],[27.18046088,36.68280659],[27.18070075,36.68279124],[27.18081731,36.6827464],[27.18094668,36.68265354],[27.1810248,36.68257396],[27.18104635,36.68255639],[27.18109964,36.6824892],[27.18110539,36.68246452],[27.18112203,36.68241938],[27.18114951,36.68236798],[27.18120792,36.68234854],[27.18129268,36.68234031],[27.1813184,36.68232076],[27.18134192,36.68226844],[27.18133741,36.68225865],[27.18130268,36.68222381],[27.18130071,36.68217619],[27.18138831,36.68214702],[27.18142691,36.68214599],[27.18146143,36.68211537],[27.18153445,36.68201199],[27.18160458,36.68182832],[27.18166966,36.68161201],[27.18172069,36.68141395],[27.18174831,36.68127613],[27.18182349,36.68112511],[27.18186169,36.68106448],[27.18189791,36.68104563],[27.18195323,36.68104117],[27.18202259,36.68101846],[27.18206794,36.68095168],[27.18202088,36.68088738],[27.18198837,36.68081672],[27.18201734,36.68071164],[27.18207144,36.68058801],[27.18210386,36.68047687],[27.18213455,36.68041347],[27.18219935,36.68037001],[27.18230518,36.6803344],[27.18237369,36.68029085],[27.18239908,36.68018884],[27.18240316,36.68010827],[27.18231053,36.68001538],[27.1822243,36.67998789],[27.1821143,36.67992228],[27.18202893,36.67982622],[27.18192361,36.67978434],[27.18180695,36.67973679],[27.18168611,36.67967744],[27.18156712,36.67957334],[27.18140502,36.67941078],[27.18132816,36.67934132],[27.18129763,36.67922889],[27.18123863,36.67914404],[27.18119454,36.67906177],[27.18113751,36.67902456],[27.18107074,36.67902038],[27.18097761,36.67900499],[27.18091528,36.67892917],[27.18086787,36.67885594],[27.18083486,36.67877337],[27.18074212,36.67867751],[27.18061143,36.67855882],[27.18053236,36.67843576],[27.18041362,36.67833761],[27.18019991,36.67817942],[27.18009902,36.67815529],[27.18002461,36.67814536],[27.17989181,36.67815487],[27.17980434,36.67818701],[27.17955868,36.67824126],[27.17930588,36.67830166],[27.17910445,36.67835174],[27.17890351,36.67841373],[27.1787176,36.67848128],[27.1785376,36.67851291],[27.17833691,36.67858086],[27.17816813,36.67861517],[27.17802558,36.67865772],[27.17794754,36.67870749],[27.1779319,36.67871089],[27.17784288,36.67871326],[27.17769553,36.67872912],[27.17752651,36.67875748],[27.17738384,36.67879705],[27.17732987,36.67883425],[27.17729191,36.67890083],[27.17723301,36.67899777],[27.17709575,36.67907892],[27.17700137,36.67912316],[27.17698892,36.67918012],[27.17701846,36.67926873],[27.17704664,36.67941401],[27.17705116,36.67961356],[27.17702661,36.6797364],[27.17696362,36.67991391],[27.17686477,36.6801192],[27.17683086,36.68028402],[27.17678622,36.68045806],[27.17677524,36.68055074],[27.17676795,36.68064332],[27.17672296,36.68071902],[27.17665507,36.68077746],[27.17663225,36.68079531],[27.17664038,36.68082983],[27.17666552,36.68085169],[27.17670057,36.68088289],[27.17670873,36.68089669],[27.17672942,36.68105561],[27.17672152,36.68113331],[27.17663884,36.68119214],[27.17665238,36.68125138],[27.1767439,36.68131748],[27.17684552,36.68140131],[27.17694305,36.68161328],[27.17705544,36.68200664],[27.17711191,36.68238957],[27.17710823,36.68241266],[27.1770552,36.68252167],[27.17695676,36.6825755],[27.17690068,36.68265151],[27.17692457,36.68269259],[27.17696444,36.68269379],[27.17698994,36.68270932],[27.17697425,36.68273072],[27.1769235,36.68276355],[27.17691872,36.68279133],[27.17694143,36.68279645],[27.17696911,36.68277854],[27.17699923,36.68276248],[27.17702324,36.68277042],[27.17702505,36.68278563],[27.17698388,36.68282106],[27.17697663,36.68284605],[27.17699072,36.68292959],[27.17698251,36.6829794],[27.17701641,36.68301188],[27.17706262,36.68305594],[27.17707376,36.68306553],[27.17710272,36.68310217],[27.17709144,36.6831385],[27.17710137,36.68314692],[27.17712588,36.68315439],[27.17717949,36.68316249],[27.17731204,36.68321855],[27.17740725,36.68323031],[27.17760939,36.68325114],[27.17784102,36.68319727],[27.1780284,36.68314697],[27.17811918,36.68308772],[27.17816474,36.68307496],[27.17829953,36.68306403],[27.17841694,36.68304003],[27.17851823,36.68298368],[27.17862641,36.68291523],[27.17877623,36.6828695],[27.17895229,36.68283201],[27.17922494,36.68280387],[27.17954588,36.68278039],[27.179786,36.68277099]]],[[[27.13722006,36.66418722],[27.13729308,36.66379906],[27.13738905,36.66353904],[27.13754404,36.66342051],[27.13749696,36.66313565],[27.13761241,36.66291804],[27.13767671,36.66231553],[27.137791,36.66206933],[27.13808614,36.66190419],[27.13833039,36.66179762],[27.13827079,36.66164183],[27.13800242,36.66159169],[27.13775353,36.66158395],[27.13744007,36.66173526],[27.13691261,36.66186361],[27.13664598,36.66185633],[27.13618656,36.66191136],[27.13569921,36.66215308],[27.1353308,36.66226292],[27.13503681,36.66245664],[27.13488588,36.66267519],[27.13465496,36.66311042],[27.13457729,36.66338426],[27.1345351,36.66365717],[27.13449523,36.66398723],[27.13450335,36.66418729],[27.13453326,36.66448691],[27.13461059,36.66464222],[27.1347394,36.66475327],[27.13510318,36.66452911],[27.1354024,36.66446401],[27.1356862,36.66445653],[27.13586589,36.66450901],[27.13604791,36.66461866],[27.13627062,36.66485597],[27.13638401,36.66502464],[27.13672277,36.66505863],[27.13691556,36.66499632],[27.13707958,36.66466299],[27.13722006,36.66418722]]],[[[27.170393,36.61996294],[27.17051443,36.61996686],[27.17083234,36.61992978],[27.17112976,36.61989802],[27.17138286,36.61986743],[27.17149611,36.61988826],[27.17169603,36.61985909],[27.17195927,36.61985923],[27.17198962,36.61980597],[27.17216266,36.61977036],[27.1722836,36.61976237],[27.1722845,36.61971228],[27.17200749,36.61966483],[27.17180591,36.61965351],[27.17143551,36.61970868],[27.1710328,36.61976947],[27.17066516,36.6198198],[27.17039403,36.61984371],[27.17024768,36.61988098],[27.1701223,36.61992485],[27.17006389,36.6199431],[27.16998759,36.61988552],[27.16991824,36.61992552],[27.16988428,36.61989066],[27.16985157,36.6196698],[27.16976204,36.61943377],[27.1697381,36.6192103],[27.16979062,36.61912069],[27.16998232,36.618963],[27.17022158,36.61881119],[27.17034923,36.61875057],[27.17046711,36.61874028],[27.17049754,36.61876093],[27.1708192,36.6186713],[27.17121777,36.61858201],[27.1717615,36.61849838],[27.17188085,36.61852381],[27.17188539,36.61849031],[27.17194753,36.61849104],[27.17192751,36.61857979],[27.17196069,36.61859559],[27.17188034,36.61887191],[27.17183963,36.61896121],[27.1717623,36.61931135],[27.1718397,36.6193236],[27.17188761,36.61919358],[27.17192399,36.61907102],[27.17198113,36.61902181],[27.17195449,36.61887709],[27.17201092,36.61859425],[27.17204798,36.61848836],[27.1721632,36.61848529],[27.17223274,36.61845006],[27.17228899,36.61837942],[27.17263241,36.61831543],[27.17314451,36.6182541],[27.17358945,36.61821363],[27.17417737,36.61819796],[27.17446433,36.61819984],[27.17478321,36.61818657],[27.17505284,36.61819845],[27.17534925,36.61821439],[27.17557271,36.6181822],[27.17601517,36.61815371],[27.17654557,36.6181777],[27.17693406,36.6182031],[27.17720801,36.61824824],[27.17754144,36.61830133],[27.17776861,36.61835963],[27.17785742,36.61843356],[27.17793717,36.61850295],[27.178031,36.61855528],[27.17815902,36.61857571],[27.17843356,36.61863513],[27.17859308,36.6187024],[27.17872414,36.61872512],[27.17888435,36.61880906],[27.17902751,36.61891014],[27.17919765,36.61902003],[27.17933737,36.61910929],[27.17949315,36.61915758],[27.17964698,36.61915824],[27.17985889,36.61920503],[27.18004835,36.61928103],[27.1802055,36.61936266],[27.18036699,36.61940603],[27.18055439,36.61943201],[27.18078169,36.61942117],[27.18085308,36.61943118],[27.18089276,36.61946112],[27.18096995,36.61954012],[27.18110889,36.61961031],[27.18125866,36.61965638],[27.18140666,36.6197311],[27.18156638,36.61980312],[27.18168198,36.61988109],[27.18175572,36.61994826],[27.18187439,36.61995701],[27.18203135,36.62003388],[27.18217021,36.62003017],[27.18228966,36.62005797],[27.18242339,36.62007347],[27.18259169,36.62006658],[27.18264694,36.62004365],[27.18270761,36.62000865],[27.18282008,36.62001041],[27.18294869,36.62004512],[27.18309414,36.62005792],[27.18335009,36.62002485],[27.183531,36.6200367],[27.18384839,36.6200592],[27.18411783,36.6200663],[27.1843923,36.62005181],[27.18461979,36.62004572],[27.18486893,36.6200629],[27.1850011,36.62004029],[27.18521855,36.62000586],[27.18545185,36.61999723],[27.18575221,36.61996535],[27.18630527,36.61996486],[27.18681283,36.62000849],[27.18704465,36.62003566],[27.18728699,36.62010308],[27.18748621,36.62012874],[27.18766279,36.62010732],[27.18787167,36.62008027],[27.18808794,36.62001726],[27.1882333,36.61995615],[27.1882799,36.61986669],[27.1883255,36.61982494],[27.18844556,36.61972397],[27.1885151,36.61961721],[27.18860582,36.61945027],[27.18874666,36.61927961],[27.18886396,36.61918348],[27.18896383,36.61909498],[27.18912869,36.61900473],[27.18933286,36.61886337],[27.18953928,36.61870525],[27.18967549,36.61856571],[27.18979723,36.6184337],[27.19000621,36.61826598],[27.19014606,36.61821455],[27.19018161,36.61821598],[27.19024679,36.61829053],[27.19032724,36.61830506],[27.19036428,36.61827069],[27.19039639,36.61818877],[27.19033593,36.61815701],[27.19032954,36.61807374],[27.1902934,36.61798649],[27.19029893,36.61790528],[27.19033133,36.61783051],[27.19038246,36.61770754],[27.19044175,36.6176392],[27.19052388,36.61762269],[27.19058306,36.61762349],[27.1906452,36.61762421],[27.19065535,36.61758341],[27.19057322,36.61752839],[27.19048509,36.61747115],[27.19032074,36.61743025],[27.19031297,36.61738516],[27.19032253,36.61733007],[27.19038064,36.61723315],[27.19049588,36.61701549],[27.19073926,36.61653452],[27.19091438,36.6162628],[27.19110427,36.61591916],[27.19125231,36.61556473],[27.19144515,36.61522101],[27.19157772,36.61499335],[27.19174416,36.61479815],[27.19190577,36.61462931],[27.19210686,36.61448564],[27.19233237,36.61436039],[27.19246808,36.61420893],[27.19251762,36.61404787],[27.19257643,36.61382456],[27.19268703,36.61356649],[27.19283062,36.61339098],[27.19294732,36.61320904],[27.19310212,36.61309045],[27.19324974,36.61294106],[27.19339933,36.6128393],[27.19360445,36.61272174],[27.19370046,36.6126834],[27.19378731,36.61263816],[27.19396516,36.61250464],[27.19408697,36.61237502],[27.19422178,36.61227365],[27.19435827,36.61214124],[27.19448353,36.61195192],[27.19459354,36.61167956],[27.19470934,36.61154771],[27.19493918,36.61131266],[27.19511693,36.61110524],[27.19527174,36.61077208],[27.19539119,36.61058529],[27.19570837,36.61017386],[27.19586215,36.61000891],[27.19609394,36.60981126],[27.19614818,36.60977052],[27.19630184,36.60965512],[27.19647809,36.60955502],[27.1966188,36.60945349],[27.19677822,36.6093753],[27.19704713,36.60922742],[27.19718529,36.60918554],[27.19738241,36.60911113],[27.19760593,36.60900976],[27.19772104,36.60893276],[27.19783762,36.60881995],[27.19794376,36.60874081],[27.19802116,36.60868151],[27.19812106,36.60863722],[27.19821115,36.60862765],[27.19828293,36.60860427],[27.19834189,36.60857121],[27.19838195,36.60851006],[27.19843104,36.60845295],[27.19847541,36.60841027],[27.19851653,36.60837484],[27.19856515,36.60834921],[27.19861401,36.6083293],[27.19869542,36.60828134],[27.19873483,36.60824738],[27.19876661,36.60820075],[27.19876957,36.60810054],[27.1987587,36.60805219],[27.19873749,36.60801128],[27.19870477,36.60794732],[27.19866819,36.60783719],[27.19860983,36.60766996],[27.19858513,36.60754474],[27.19858082,36.60744043],[27.19860433,36.60736542],[27.19863872,36.60725292],[27.19867151,36.60718766],[27.19874547,36.60704549],[27.19877897,36.60699738],[27.19884868,36.60692399],[27.19890794,36.60685516],[27.1989786,36.60676171],[27.19902934,36.6067017],[27.19907241,36.60662759],[27.19908612,36.60657286],[27.19916268,36.60649355],[27.199197,36.60642254],[27.19923771,36.6063771],[27.19928243,36.606343],[27.19933837,36.60627998],[27.19939119,36.60622707],[27.19943638,36.6062044],[27.1994788,36.60615748],[27.19951862,36.60613352],[27.1995404,36.60610957],[27.19955776,36.60608456],[27.19956647,36.60604641],[27.19958065,36.60600311],[27.19958106,36.6059702],[27.19959855,36.60592109],[27.19963766,36.60583707],[27.19964971,36.60578525],[27.19964546,36.60572529],[27.19968262,36.60563703],[27.19970211,36.60559359],[27.19971847,36.60556025],[27.19974157,36.60551814],[27.1998204,36.60536487],[27.19987672,36.6052966],[27.19993855,36.60521865],[27.19995352,36.60515149],[27.19995656,36.60510201],[27.19997227,36.60508156],[27.1999883,36.60504012],[27.20002146,36.60498392],[27.20006204,36.60490701],[27.20009253,36.60487186],[27.20012443,36.60478517],[27.20014457,36.60471454],[27.200162,36.60463539],[27.2001749,36.60458975],[27.20019892,36.60452712],[27.20021309,36.60449689],[27.20022258,36.60443735],[27.20022137,36.60442638],[27.2002131,36.60436938],[27.20020453,36.60430524],[27.2002323,36.60426158],[27.20024992,36.6041872],[27.20028202,36.60410527],[27.20036935,36.60392888],[27.20042596,36.60379623],[27.20048464,36.6037136],[27.20054362,36.6036381],[27.20060742,36.60353625],[27.20062278,36.6035123],[27.20065054,36.60344853],[27.20065566,36.60341575],[27.2006466,36.60319665],[27.20065251,36.60312497],[27.20070272,36.60298057],[27.20074741,36.60284586],[27.20089037,36.602513],[27.20092562,36.60243576],[27.20094934,36.60236598],[27.20097799,36.60227223],[27.20104011,36.6021299],[27.20114162,36.60201035],[27.20128556,36.60184436],[27.20133794,36.60179272],[27.20135392,36.60177049],[27.20144456,36.60161359],[27.20150353,36.60153809],[27.20160021,36.60137337],[27.20164471,36.60130542],[27.20175134,36.60109513],[27.20187164,36.60085825],[27.20207701,36.60053325],[27.20228631,36.60030352],[27.20234902,36.600247],[27.20239883,36.60018622],[27.20242023,36.60014621],[27.20245614,36.60004861],[27.20247196826548,36.6],[27.1266718212853,36.6],[27.12667015,36.60003551],[27.1266442,36.60019832],[27.1266956,36.60029949],[27.12673582,36.60056308],[27.12683893,36.60084647],[27.12691244,36.60120217],[27.12697542,36.6014437],[27.12706945,36.60164866],[27.12711735,36.60180952],[27.12713953,36.60199252],[27.12714161,36.60219036],[27.12718729,36.60229645],[27.12719874,36.60257986],[27.12721437,36.60282026],[27.12723512,36.60326079],[27.12722584,36.60339693],[27.1272405,36.6036135],[27.1272323,36.60384975],[27.12725057,36.60400902],[27.12723425,36.60419064],[27.12726105,36.60448796],[27.12724845,36.60468856],[27.12726639,36.60498612],[27.12727724,36.60518134],[27.12722335,36.6053115],[27.12714641,36.60545657],[27.12713569,36.60555699],[27.1271429,36.60573561],[27.12717025,36.60597331],[27.12716575,36.60615463],[27.12724431,36.60626939],[27.12737891,36.6063803],[27.12754102,36.60665976],[27.1276139,36.60685334],[27.12767175,36.60711409],[27.12772103,36.6073822],[27.12766497,36.6075315],[27.12765501,36.60765097],[27.12771129,36.60779969],[27.12775994,36.6079057],[27.12791904,36.60803742],[27.12809336,36.60810675],[27.12821171,36.60810841],[27.1283433,36.60807157],[27.12848404,36.60804165],[27.12863939,36.60808048],[27.12891046,36.60820211],[27.12907373,36.6082908],[27.12920834,36.6084017],[27.12931109,36.60845622],[27.12945301,36.60852878],[27.12962869,36.60863146],[27.12969811,36.6087393],[27.12976962,36.60882564],[27.12998373,36.60922055],[27.13013246,36.60960765],[27.13026302,36.61005721],[27.13030429,36.61027309],[27.13028599,36.61047861],[27.13025506,36.61059148],[27.1302227,36.61066862],[27.1301253,36.61067357],[27.13005363,36.61065638],[27.1299388,36.61066893],[27.12986058,36.61070914],[27.12980143,36.61078222],[27.12973503,36.61082211],[27.12973952,36.61086014],[27.12991263,36.61097241],[27.13018783,36.61112253],[27.13038409,36.61122228],[27.13046986,36.61122241],[27.13051311,36.61119504],[27.13052586,36.61114464],[27.13057749,36.61110514],[27.13064094,36.61106532],[27.13074957,36.61104578],[27.13080975,36.61114433],[27.13095034,36.61118355],[27.13097837,36.61121857],[27.13106234,36.61124736],[27.13113241,36.61129797],[27.13143281,36.61134013],[27.13175402,36.61145805],[27.13193503,36.61154627],[27.13211627,36.61171316],[27.13222802,36.61184374],[27.13231951,36.61205829],[27.13247042,36.61235234],[27.1327207,36.61261755],[27.13295249,36.61286418],[27.13310063,36.61294373],[27.13326411,36.61303717],[27.13339966,36.61309798],[27.1335276,36.61318998],[27.13380117,36.6132996],[27.13394403,36.61332207],[27.13411683,36.61335328],[27.13444296,36.61337331],[27.13474076,36.61335116],[27.13495977,36.61335493],[27.13504955,36.61338118],[27.13514059,36.61343838],[27.13521358,36.613415],[27.13515519,36.6132878],[27.13522882,36.61320718],[27.13535809,36.61311318],[27.13550712,36.61306872],[27.13566036,36.61305515],[27.13580846,36.61306078],[27.1359147,36.61309184],[27.13610382,36.61316077],[27.13628266,36.61326811],[27.13625887,36.61333788],[27.13650794,36.61342669],[27.13648376,36.61348693],[27.13656202,36.61352063],[27.1366537,36.6135206],[27.13682974,36.61355888],[27.13697386,36.6136123],[27.13716109,36.6137075],[27.13742724,36.61385307],[27.13763887,36.61396671],[27.13783181,36.61405699],[27.13804248,36.6141468],[27.13816239,36.61418656],[27.13825295,36.61423185],[27.13836201,36.61429574],[27.13841237,36.6143707],[27.13846864,36.61444551],[27.13857828,36.61452368],[27.13875292,36.61460014],[27.13899884,36.61468426],[27.13920302,36.61475993],[27.13931857,36.61483795],[27.1395259,36.61491831],[27.13953664,36.61503724],[27.13986637,36.61499993],[27.14011204,36.61464059],[27.13993615,36.61453318],[27.13964529,36.61436204],[27.13933612,36.61417707],[27.13891596,36.61388059],[27.13907595,36.61366895],[27.13939112,36.61334593],[27.13954717,36.61325598],[27.13988019,36.61315421],[27.14044509,36.61308209],[27.14098514,36.61305354],[27.14141113,36.61305661],[27.14178424,36.61306822],[27.14217739,36.61313652],[27.14271351,36.61322966],[27.14298258,36.61330123],[27.14337777,36.61341955],[27.14343652,36.61351169],[27.14344824,36.61365443],[27.14344049,36.61375477],[27.14355885,36.61375642],[27.14376022,36.61376302],[27.14388077,36.61374553],[27.14394741,36.61367868],[27.14402146,36.61353606],[27.14410394,36.61345521],[27.14419896,36.61346462],[27.14428778,36.61346704],[27.14442625,36.61345385],[27.14453028,36.61339388],[27.14468085,36.61324208],[27.14486557,36.61312992],[27.14512424,36.61301818],[27.145434,36.61292655],[27.14572395,36.6128569],[27.1459167,36.61279697],[27.14616287,36.61266887],[27.14636478,36.61261585],[27.14649084,36.61258868],[27.14678389,36.61259524],[27.14703931,36.61262187],[27.14709743,36.61259649],[27.14720722,36.61260551],[27.14749954,36.61266692],[27.1477768,36.61272158],[27.148022,36.61271509],[27.14833094,36.61267593],[27.14868636,36.61261646],[27.14895176,36.61259752],[27.14923536,36.61259002],[27.14935184,36.61261793],[27.14939964,36.6127025],[27.14942352,36.61278055],[27.14947306,36.61276255],[27.14948419,36.61260013],[27.14952589,36.61253465],[27.14964566,36.61249811],[27.14980155,36.61247729],[27.15006239,36.61249185],[27.150346,36.61248434],[27.1507131,36.6124937],[27.15087388,36.61252044],[27.15102678,36.61257123],[27.1510492,36.61261355],[27.15102809,36.6126761],[27.15104717,36.61270897],[27.1511048,36.61267169],[27.1511327,36.61263042],[27.15119759,36.61262631],[27.15137809,36.61262869],[27.1516738,36.61262801],[27.15179493,36.61262481],[27.15198322,36.61260075],[27.15221307,36.61258036],[27.1524496,36.61257886],[27.15269891,36.61260087],[27.15288697,36.61264357],[27.15293361,36.61269956],[27.15296694,36.61279166],[27.1529868,36.61284358],[27.15310198,36.61305749],[27.15317023,36.61320827],[27.15322211,36.61324743],[27.15358243,36.6132355],[27.15387795,36.61323006],[27.15422437,36.61323995],[27.15442564,36.61324416],[27.15443581,36.61320336],[27.15438127,36.61317142],[27.15407374,36.61317242],[27.15344962,36.61316988],[27.15323939,36.61316353],[27.15316189,36.61300345],[27.15297865,36.61264353],[27.15305604,36.61265579],[27.15310447,36.61268311],[27.15334444,36.61269345],[27.15345118,36.61270016],[27.15346208,36.61274994],[27.15351506,36.61274376],[27.15352253,36.61278171],[27.15356979,36.61278046],[27.15356519,36.61274005],[27.1536035,36.61273665],[27.15359928,36.61270577],[27.15424538,36.6126672],[27.15468478,36.61263648],[27.15505178,36.61264344],[27.15529379,36.61270379],[27.15554868,36.61279001],[27.15582296,36.61291626],[27.15608246,36.61304289],[27.15638942,36.61317303],[27.15665445,36.61328999],[27.15680459,36.61334561],[27.15698485,36.61341474],[27.15715045,36.61348664],[27.15733804,36.61366286],[27.1574972,36.61379454],[27.15760507,36.61390135],[27.15771957,36.61395315],[27.1578068,36.61398898],[27.15796005,36.61412081],[27.15812739,36.61423558],[27.15821627,36.6143119],[27.15838181,36.61430989],[27.15848937,36.61426412],[27.15860507,36.61427298],[27.15875865,36.61434043],[27.1588999,36.61446781],[27.15897793,36.61456826],[27.15907766,36.61462044],[27.15917735,36.61474416],[27.15931704,36.61483343],[27.15955374,36.61490821],[27.15971885,36.61496821],[27.15984575,36.61503398],[27.16017448,36.61518976],[27.16034705,36.6152877],[27.16040049,36.61536496],[27.16048798,36.61547946],[27.16061449,36.6155357],[27.16084304,36.61555586],[27.16095319,36.61564592],[27.16098159,36.61576199],[27.16111946,36.61595144],[27.16129941,36.61608495],[27.16152189,36.61624593],[27.16169175,36.61627718],[27.16185108,36.61626818],[27.16204045,36.61627031],[27.16225855,36.61632412],[27.16249051,36.61642763],[27.16281127,36.61660507],[27.16309439,36.61680258],[27.16315621,36.6168677],[27.16331107,36.6169661],[27.16345953,36.61705276],[27.16328581,36.61728864],[27.16306874,36.61754951],[27.16273343,36.61795657],[27.16277262,36.6179746],[27.16297293,36.61773802],[27.1631301,36.61753119],[27.16337259,36.61724103],[27.16351053,36.61707047],[27.16376535,36.6171543],[27.16403345,36.61727353],[27.16427321,36.61735061],[27.16446895,36.617436],[27.16467923,36.61758777],[27.16485143,36.61767617],[27.16512251,36.6177238],[27.16531218,36.61773306],[27.16539097,36.61770713],[27.16559209,36.61763502],[27.16567147,36.61762337],[27.16583721,36.61762612],[27.1659858,36.61764363],[27.16613606,36.61770162],[27.16626748,36.61780541],[27.16640481,36.61790904],[27.16655247,36.61804817],[27.16667955,36.61819022],[27.16667845,36.61823555],[27.16665793,36.61831239],[27.16672368,36.61840123],[27.16691777,36.6186631],[27.16719585,36.61895372],[27.16738702,36.61914413],[27.16742336,36.61938158],[27.1674175,36.61952717],[27.16744523,36.61962657],[27.16762111,36.61987699],[27.16773777,36.61998118],[27.16777988,36.62007065],[27.16781687,36.62017934],[27.16788664,36.62029431],[27.16800054,36.62040333],[27.16799539,36.62049407],[27.16799091,36.62060147],[27.16801433,36.62066761],[27.16810813,36.62079147],[27.16825443,36.62089725],[27.16843521,36.62097827],[27.16860891,36.62103086],[27.16882647,36.62099885],[27.1689702,36.62089727],[27.16907473,36.62077766],[27.16913072,36.62062835],[27.16921766,36.62044008],[27.16933303,36.62029634],[27.16947883,36.62017325],[27.16964392,36.62008779],[27.16979677,36.62006465],[27.17012581,36.62001059],[27.170393,36.61996294]]]]}},{"type":"Feature","properties":{"source_id":"emodnet:natura2000areas/GR4210034","source_name":"EMODnet Human Activities (European Commission DG MARE)","source_version":"2020-06-30Z","feature_type":"protected_area","restriction_class":"INFORMATIONAL","classification_rule":"Natura 2000 designation does not itself prohibit navigation","upstream_layer":"emodnet:natura2000areas","resource":null,"properties":{"sitecode":"GR4210034","sitename":"NISIDES VOREION DODEKANISON KAI THALASSIA PERIOCHI","ms":"GR","country":"Greece","sitetype":"A","sitedesc":"SPA (Special Protection Areas)","directive":"http://ec.europa.eu/environment/nature/legislation/birdsdirective/index_en.htm","area_ha":47123.19,"mar_perc":93.94,"coast_mar":1,"release_da":"2020-06-30Z","date_spa":null,"date_sci":null,"date_sac":null,"shape_leng":2.8020508717,"shape_area":0.0478477740583}},"geometry":{"type":"MultiPolygon","coordinates":[[[[26.88855651,37.17189399],[26.89889743,37.14950116],[26.89913671,37.14919611],[26.89929366,37.14898657],[26.91816089,37.12292408],[26.91827918,37.12275731],[26.9183045,37.12272062],[26.91836229,37.12263575],[26.9183869,37.1225991],[26.91850135,37.12242372],[26.91852456,37.1223871],[26.91869249,37.12210956],[26.9187329,37.12203954],[26.91878797,37.12194254],[26.91880837,37.12190599],[26.91901574,37.12150702],[26.91903333,37.12147054],[26.91913373,37.1212476],[26.91922809,37.12102297],[26.91931637,37.12079676],[26.91938166,37.1206249],[26.91939432,37.12058855],[26.91954009,37.12011742],[26.91956259,37.12004228],[26.91957246,37.12000599],[26.92041894,37.11654568],[26.92046884,37.1163124],[26.92051046,37.11607807],[26.92054376,37.1158429],[26.9205687,37.11560706],[26.92058529,37.11537075],[26.92059349,37.11513416],[26.92059331,37.11489748],[26.92031219,37.07977496],[26.91527379,37.07809332],[26.91005329,37.0766638],[26.90472743,37.07551066],[26.89931897,37.07463885],[26.89763957,37.07445866],[26.89749871,37.07449314],[26.89722758,37.07458989],[26.89705622,37.0746121],[26.89685719,37.0745719],[26.89672988,37.07453893],[26.8965711,37.0744978],[26.8964596,37.07456436],[26.89641373,37.07459175],[26.89632818,37.07483715],[26.89628589,37.07501841],[26.89620016,37.07507456],[26.89605764,37.075042],[26.89582806,37.07499353],[26.89564359,37.07513322],[26.89544474,37.07528225],[26.89524449,37.07539529],[26.8950583,37.07550796],[26.89483037,37.07557661],[26.89464499,37.07558113],[26.89445943,37.07574787],[26.89444523,37.07591041],[26.89431686,37.07613882],[26.89418889,37.07630415],[26.89404684,37.07652389],[26.89401824,37.07669579],[26.89384636,37.07687121],[26.89353333,37.07706807],[26.89330493,37.07725387],[26.89289178,37.07749824],[26.89261948,37.07767611],[26.89247682,37.07780575],[26.89226413,37.07805423],[26.89210669,37.07820226],[26.8919067,37.07839638],[26.89160734,37.07861993],[26.89123635,37.07882725],[26.89099447,37.0791215],[26.89069531,37.07948023],[26.89048045,37.07978284],[26.89028147,37.08004],[26.88996695,37.08029096],[26.88979553,37.08036724],[26.88953962,37.08029239],[26.88929533,37.08020821],[26.88905386,37.08008795],[26.88875264,37.07970781],[26.88869603,37.07945688],[26.88865264,37.07929574],[26.8884235,37.07916616],[26.88808048,37.07916551],[26.88755293,37.0789711],[26.88729659,37.07897735],[26.88713895,37.07897218],[26.88683885,37.07886234],[26.88653849,37.0786534],[26.88633789,37.07844202],[26.88619549,37.0783013],[26.88588113,37.07807467],[26.88573721,37.0780241],[26.88553785,37.07795687],[26.88533813,37.07789866],[26.88526264,37.07789149],[26.88518611,37.07787532],[26.8851117,37.07785912],[26.88503588,37.07784294],[26.88496182,37.0778177],[26.8848881,37.07780148],[26.88481475,37.07777624],[26.88474275,37.07775095],[26.88467155,37.07772565],[26.88460029,37.07770035],[26.88453115,37.07767501],[26.88446236,37.07764062],[26.88439463,37.07761527],[26.88432865,37.0775808],[26.88426269,37.07754636],[26.88419882,37.07751188],[26.88413425,37.07747741],[26.88407214,37.07743387],[26.88401108,37.07739931],[26.8839518,37.07735569],[26.88389321,37.07731206],[26.88383636,37.07727741],[26.88378129,37.07723368],[26.88372586,37.07718098],[26.8836736,37.07713718],[26.88362274,37.07709337],[26.88357364,37.07704049],[26.88352489,37.07699663],[26.88347859,37.07694368],[26.8834337,37.0768907],[26.88339023,37.07683771],[26.88334886,37.07678464],[26.88330889,37.07673152],[26.88327104,37.07667841],[26.88323528,37.0766252],[26.88320162,37.07657195],[26.88316763,37.0765097],[26.88313749,37.07645636],[26.88310843,37.07639401],[26.8830811,37.0763406],[26.88305625,37.07627812],[26.88303278,37.07621562],[26.88300934,37.07615311],[26.88303757,37.07600823],[26.88293722,37.07595662],[26.88275149,37.07595213],[26.88249477,37.07600342],[26.88218073,37.07613722],[26.88196779,37.07626856],[26.88189614,37.07630634],[26.88174645,37.07633355],[26.88160991,37.07635835],[26.88138039,37.07627381],[26.88122442,37.07603431],[26.88115269,37.07581078],[26.88105183,37.07557895],[26.88096602,37.0753918],[26.88092336,37.07524865],[26.88077972,37.07496378],[26.88063782,37.07470591],[26.88056512,37.07457445],[26.88049522,37.07444806],[26.88036565,37.07414482],[26.88036224,37.07412194],[26.87615388,37.07412996],[26.8717228,37.07458816],[26.86996996,37.07486559],[26.86995426,37.07487372],[26.86982767,37.0749393],[26.85,37.08520540265707],[26.85,37.096332542738296],[26.85005465,37.09633325],[26.85048341,37.09636798],[26.85081126,37.09648625],[26.85106821,37.09658821],[26.85131111,37.09667247],[26.85168333,37.09671758],[26.85201146,37.09665561],[26.85233972,37.09650354],[26.85269575,37.0963418],[26.853011,37.09619901],[26.85325334,37.09617516],[26.85359687,37.09614888],[26.8538393,37.09608896],[26.85402528,37.09596733],[26.85420974,37.09591784],[26.85445306,37.09595703],[26.85455303,37.09603573],[26.8548384,37.09614601],[26.85502454,37.09615953],[26.85529597,37.09619806],[26.85552412,37.09628266],[26.85575283,37.09647541],[26.85593909,37.09664212],[26.85619702,37.0967891],[26.85649575,37.09689903],[26.85673976,37.09695623],[26.85695324,37.09698713],[26.85731044,37.09696951],[26.85756718,37.09697232],[26.85799597,37.09700706],[26.85829678,37.09713497],[26.85846827,37.09730202],[26.85866728,37.09739636],[26.85895271,37.09747057],[26.85929581,37.09750734],[26.85965362,37.09756178],[26.85986811,37.09763769],[26.85990938,37.09776287],[26.85979607,37.09790976],[26.85978159,37.09795519],[26.85985423,37.09801652],[26.85996729,37.09801379],[26.86013849,37.09792855],[26.86033902,37.09793273],[26.86061125,37.09789913],[26.86078156,37.09794006],[26.86092542,37.0980267],[26.86121115,37.09814596],[26.86143901,37.09820354],[26.86175336,37.09820495],[26.8620099,37.09809063],[26.86223834,37.09797697],[26.8624955,37.09793471],[26.86256738,37.09801408],[26.86255305,37.0982307],[26.86255287,37.09835685],[26.86261001,37.09843657],[26.86278231,37.09854956],[26.86306645,37.0985517],[26.8633109,37.0985458],[26.86346646,37.09856908],[26.86369631,37.09871671],[26.86391068,37.09888274],[26.86416747,37.09911081],[26.86428122,37.09914411],[26.86445417,37.0990318],[26.86456845,37.09892992],[26.86470973,37.09887243],[26.86499557,37.09890156],[26.86525265,37.09891337],[26.86552449,37.0989068],[26.86571,37.09886627],[26.86589564,37.09871759],[26.86593789,37.09862646],[26.86610974,37.09855922],[26.86630959,37.09854536],[26.86643857,37.09849721],[26.86650827,37.09838738],[26.86663829,37.09833018],[26.86688061,37.09834233],[26.86705159,37.09838326],[26.86729453,37.09846748],[26.86748064,37.09848101],[26.86770829,37.09843946],[26.86782316,37.09842767],[26.86820936,37.09852645],[26.868409,37.09869282],[26.86862378,37.09881378],[26.86890896,37.0988249],[26.86912322,37.09881972],[26.86928082,37.09889699],[26.86955214,37.0990256],[26.86982292,37.09904606],[26.86999485,37.09916805],[26.87003793,37.09926613],[26.87021024,37.09937909],[26.87049498,37.09945332],[26.8706954,37.0995656],[26.87095326,37.09978463],[26.87128073,37.09996593],[26.87155278,37.10007648],[26.87175223,37.10012572],[26.87218169,37.10019641],[26.8724104,37.10014581],[26.87272354,37.09998503],[26.87309473,37.09974175],[26.87332289,37.09956499],[26.87360903,37.09935981],[26.87376519,37.09917579],[26.8739515,37.09904513],[26.87403565,37.09887187],[26.87417911,37.09872422],[26.87437907,37.09863826],[26.87465039,37.09848751],[26.8750209,37.09820818],[26.87515004,37.09801581],[26.87542175,37.09781998],[26.87569141,37.09758816],[26.8760061,37.09728316],[26.87621975,37.09718786],[26.87646241,37.097209],[26.87666356,37.09728523],[26.87676388,37.09740895],[26.87673451,37.09758087],[26.87661946,37.09773686],[26.87641974,37.09795796],[26.87619218,37.09824283],[26.87592104,37.09852876],[26.87566533,37.09885036],[26.87542267,37.09912657],[26.87517993,37.09945686],[26.87489322,37.09983329],[26.87475212,37.10004395],[26.87445252,37.10037562],[26.87410968,37.10068132],[26.87383754,37.1009222],[26.87343944,37.10132834],[26.87320979,37.10157722],[26.87295376,37.10185375],[26.87269801,37.10219337],[26.87234004,37.10252645],[26.87224044,37.10268206],[26.87221313,37.10290802],[26.87205555,37.10309203],[26.8717279,37.10331624],[26.87149896,37.10354707],[26.87137025,37.10367635],[26.87117031,37.10374425],[26.87098514,37.10379382],[26.870827,37.10386976],[26.87078473,37.10396088],[26.87087169,37.10408493],[26.87091475,37.104183],[26.87091379,37.10439928],[26.8708998,37.1046249],[26.87081421,37.10483424],[26.8706864,37.10508062],[26.87044418,37.10551903],[26.87025736,37.10576687],[26.87001566,37.10607009],[26.86980145,37.10631856],[26.86960094,37.10655772],[26.86937369,37.10681554],[26.86907476,37.10709311],[26.86884585,37.10726985],[26.86867429,37.10740014],[26.86847455,37.10758523],[26.86834604,37.10781362],[26.86834688,37.1079848],[26.86834666,37.10816504],[26.8684332,37.10833413],[26.86851908,37.10846725],[26.86863353,37.10851853],[26.86874407,37.10861498],[26.86880758,37.10865851],[26.86887355,37.10871098],[26.86894058,37.10875441],[26.86900973,37.10879778],[26.86907888,37.10884117],[26.86915153,37.10888446],[26.86922318,37.10891877],[26.86929792,37.10896202],[26.86937376,37.10899623],[26.86945169,37.10903038],[26.86952964,37.10906454],[26.86960792,37.10908968],[26.86968796,37.10912378],[26.86976979,37.10914884],[26.86985159,37.10917389],[26.86993482,37.10919889],[26.87001909,37.10921488],[26.87010303,37.10923989],[26.87018802,37.10925584],[26.8702744,37.10927178],[26.87036008,37.10928773],[26.87044684,37.10929464],[26.87053429,37.10930152],[26.87062106,37.10930843],[26.87070922,37.10931531],[26.87079668,37.10932222],[26.8708845,37.10932009],[26.87097265,37.10932694],[26.87106116,37.1093248],[26.87114865,37.10931369],[26.87123648,37.10931156],[26.87132396,37.10930042],[26.87141143,37.10928927],[26.87149751,37.10927818],[26.87158357,37.10926709],[26.87166931,37.10924698],[26.87175468,37.10923591],[26.87183901,37.10921583],[26.8719223,37.10918679],[26.87200521,37.10916676],[26.87208711,37.10913773],[26.87216721,37.10911778],[26.8722484,37.10908877],[26.87232713,37.10905083],[26.87240479,37.1090219],[26.87248212,37.10898399],[26.87255767,37.10895512],[26.87263149,37.10891729],[26.87270355,37.10887047],[26.87283286,37.1088313],[26.8729608,37.10875611],[26.87314637,37.10867953],[26.87330356,37.10854053],[26.87341751,37.10842964],[26.87366043,37.10825255],[26.87387487,37.10812119],[26.87401692,37.1080096],[26.87424537,37.10789593],[26.87444435,37.10774693],[26.87470237,37.10759649],[26.87493154,37.10746477],[26.87514417,37.10736051],[26.87544464,37.10723603],[26.87570192,37.10710365],[26.87587376,37.1070364],[26.8760586,37.10695982],[26.87631552,37.10685447],[26.87658682,37.10673975],[26.87690025,37.10664203],[26.87715786,37.10651864],[26.87737214,37.10649543],[26.87747297,37.10648394],[26.87771543,37.10640596],[26.87780115,37.10638587],[26.87792908,37.10632869],[26.87805807,37.10624445],[26.87820114,37.10615988],[26.87838567,37.10605628],[26.87852871,37.10597169],[26.87868585,37.10586876],[26.87882854,37.1057932],[26.87901375,37.1057076],[26.87921434,37.1056757],[26.87941382,37.10568887],[26.87957117,37.10572109],[26.87972717,37.10568125],[26.8798421,37.10561538],[26.88009943,37.1054289],[26.88019966,37.10530933],[26.88035617,37.10511629],[26.8804698,37.10496033],[26.88052652,37.10480576],[26.88048426,37.10459954],[26.88048404,37.1044824],[26.88059769,37.10430841],[26.88069782,37.10427896],[26.88084114,37.10427547],[26.88092685,37.10425536],[26.88104081,37.10412645],[26.88114067,37.10401588],[26.88128414,37.10388625],[26.88139655,37.10386549],[26.88152512,37.10384433],[26.88165449,37.10375107],[26.88176875,37.10364917],[26.88181139,37.103531],[26.88188272,37.10348418],[26.88209645,37.10333483],[26.88218159,37.1032066],[26.88219616,37.10305306],[26.88225321,37.10292551],[26.88239631,37.10278687],[26.88261007,37.10260144],[26.88268117,37.10245554],[26.88285272,37.10232521],[26.882982,37.10228602],[26.88316669,37.10233558],[26.88325264,37.10245064],[26.88336691,37.1026461],[26.88346766,37.10272476],[26.8836383,37.10277466],[26.88382487,37.10270704],[26.88389562,37.10257015],[26.88389603,37.10250705],[26.88389547,37.10238093],[26.88392369,37.10227211],[26.88402461,37.10213449],[26.88399527,37.10200905],[26.88399398,37.10190094],[26.88408021,37.10172763],[26.88418031,37.1017342],[26.88425195,37.10173246],[26.88442227,37.10177338],[26.88456624,37.10178789],[26.88468043,37.10175807],[26.88469533,37.10163155],[26.88470951,37.10150505],[26.88477978,37.1014673],[26.884994,37.10149812],[26.88522229,37.10151059],[26.88540807,37.10151508],[26.88552266,37.1014402],[26.88537919,37.10127249],[26.88529358,37.10116643],[26.88517888,37.10103406],[26.88512172,37.10095436],[26.88512255,37.10082819],[26.88522245,37.1006996],[26.88536441,37.10062404],[26.88552146,37.10057516],[26.88570727,37.10056163],[26.88584983,37.10061222],[26.88597869,37.10065414],[26.88610653,37.10065103],[26.88617864,37.10055015],[26.8861489,37.10043373],[26.88607808,37.10030929],[26.88597705,37.10020363],[26.88590728,37.10007017],[26.88590531,37.09994406],[26.8859061,37.09987194],[26.88593496,37.09979915],[26.88597825,37.099717],[26.88600574,37.09962622],[26.88609189,37.09954301],[26.88616256,37.0994602],[26.8862055,37.09936904],[26.88620595,37.09928792],[26.88620605,37.09919782],[26.88620542,37.09910774],[26.88619111,37.09902696],[26.88617641,37.09899126],[26.88613363,37.09892024],[26.88609084,37.09886721],[26.88602771,37.09879666],[26.88598667,37.09873458],[26.88595514,37.09866327],[26.88593587,37.09860066],[26.88592471,37.09852885],[26.88592479,37.09845676],[26.8859354,37.0983844],[26.88595619,37.09832083],[26.88598752,37.09825697],[26.88602799,37.09819291],[26.88607757,37.09812862],[26.88613626,37.09808215],[26.88620128,37.0980355],[26.88627334,37.09798869],[26.88635099,37.09795976],[26.88643356,37.09793072],[26.8865182,37.09791963],[26.88660355,37.09790856],[26.88673248,37.0978964],[26.88690422,37.09788321],[26.88706088,37.09786138],[26.88730395,37.09783743],[26.88750414,37.09783255],[26.88768876,37.09793617],[26.88787514,37.09806681],[26.88800386,37.09823488],[26.8880043,37.09848718],[26.88800369,37.09876655],[26.88799071,37.09907323],[26.88789069,37.09934601],[26.88781988,37.09955498],[26.88770573,37.09988214],[26.88763495,37.10007312],[26.88749312,37.10035593],[26.88735027,37.10059369],[26.88722146,37.10084914],[26.88709271,37.10105052],[26.88696489,37.101351],[26.88689402,37.10159603],[26.88689345,37.10182132],[26.88693785,37.1020275],[26.88703774,37.10223232],[26.88715139,37.10239175],[26.88728013,37.10254182],[26.88746607,37.10273551],[26.88768074,37.10300061],[26.88782391,37.1031413],[26.88799585,37.10331736],[26.88802477,37.10354191],[26.8878962,37.10356306],[26.88773848,37.1035579],[26.88765338,37.1036681],[26.88765362,37.10376721],[26.88766822,37.10392905],[26.88778217,37.10411551],[26.88795377,37.10428255],[26.88815519,37.10445785],[26.88831207,37.10458919],[26.88852548,37.10472817],[26.88874024,37.10493921],[26.88889774,37.10514261],[26.88896847,37.10535716],[26.88902651,37.10560806],[26.88906992,37.1057692],[26.88921236,37.10592792],[26.88942789,37.10606683],[26.88969821,37.10620443],[26.88985544,37.10634478],[26.88989914,37.10656897],[26.88989961,37.10676722],[26.88981448,37.10691346],[26.88971395,37.106988],[26.88952813,37.10698353],[26.88931385,37.10700678],[26.88924246,37.10708961],[26.889242,37.10722479],[26.88935764,37.10747428],[26.88952853,37.10765935],[26.88975777,37.10777091],[26.88988637,37.10774974],[26.88997177,37.10768458],[26.89018608,37.10766134],[26.89041398,37.10771886],[26.89054351,37.10779677],[26.89060097,37.10795758],[26.8905442,37.10818426],[26.89041477,37.10833159],[26.89031591,37.10850521],[26.89028765,37.10868612],[26.89037323,37.10879216],[26.89051612,37.10885175],[26.89065904,37.10891134],[26.8906726,37.10904618],[26.89067391,37.10913626],[26.89058878,37.10928252],[26.89048787,37.10936607],[26.89040354,37.10938614],[26.89027428,37.1093893],[26.89003119,37.10941326],[26.88988814,37.10947982],[26.88973138,37.10959179],[26.8897169,37.10965524],[26.88978884,37.10973456],[26.8898467,37.10983227],[26.8899032,37.10989397],[26.88993155,37.1099924],[26.8899332,37.11009148],[26.88993272,37.11022667],[26.88994706,37.11030741],[26.89003263,37.11043148],[26.89013261,37.11058223],[26.89027651,37.11068685],[26.89038991,37.11074716],[26.89056097,37.11077002],[26.89073274,37.11077484],[26.89086121,37.11086182],[26.89099044,37.11091273],[26.89111864,37.11091861],[26.89127633,37.1109418],[26.89144768,37.1110097],[26.89163341,37.11110429],[26.89173308,37.11120998],[26.89180595,37.11140646],[26.89187676,37.11156693],[26.89189095,37.11179186],[26.89183343,37.11205458],[26.89174901,37.11220083],[26.89167781,37.11241882],[26.89162141,37.11261846],[26.89162093,37.11275363],[26.89163522,37.11287041],[26.89159214,37.11310576],[26.89147822,37.11321667],[26.89147908,37.11340588],[26.89143538,37.11356915],[26.89130712,37.11359932],[26.89119433,37.11361107],[26.89110785,37.1137033],[26.89113727,37.11379269],[26.8911082,37.11406373],[26.8911232,37.11416246],[26.8911519,37.11426993],[26.8910516,37.11447962],[26.89108023,37.11464112],[26.8910952,37.11479394],[26.89099531,37.11492254],[26.89083793,37.11492638],[26.89063767,37.11494932],[26.89042471,37.11502658],[26.89020919,37.11520304],[26.89006783,37.11535067],[26.8898815,37.11551742],[26.88971099,37.11563871],[26.88945362,37.11586126],[26.88936777,37.11600754],[26.88915456,37.11633713],[26.88901165,37.11661094],[26.88886868,37.11693882],[26.88875598,37.11724796],[26.88866967,37.11747534],[26.88866286,37.11761067],[26.88865084,37.11768304],[26.88863461,37.11775554],[26.88861242,37.11781916],[26.8885867,37.11788286],[26.88855573,37.1179557],[26.88852088,37.11801963],[26.88847902,37.11808373],[26.88843539,37.11813885],[26.8883858,37.11820314],[26.88833304,37.11825849],[26.88827643,37.11830494],[26.88821386,37.11836052],[26.88815092,37.11840712],[26.88808236,37.11845384],[26.88801205,37.1184916],[26.88793825,37.11852944],[26.88786164,37.11856735],[26.88778325,37.11859629],[26.88770206,37.11862531],[26.8876202,37.11865434],[26.88753515,37.11867444],[26.88744977,37.11868553],[26.88736299,37.11869665],[26.8872755,37.11870779],[26.88718768,37.11870993],[26.88709985,37.11871207],[26.88694389,37.11869786],[26.88685675,37.11869998],[26.88676928,37.11871112],[26.88668319,37.11872222],[26.88659815,37.11874233],[26.88651696,37.11877134],[26.8864386,37.11880029],[26.88636408,37.11883814],[26.88629552,37.11888486],[26.88623049,37.11893151],[26.88617176,37.11897799],[26.88611973,37.11903333],[26.88607363,37.11909753],[26.88603596,37.11916153],[26.88600465,37.11922537],[26.88598137,37.11929802],[26.88596551,37.11936148],[26.88595841,37.11943374],[26.88591611,37.11956093],[26.88587176,37.11965212],[26.8857447,37.1198805],[26.88567184,37.12001743],[26.885574,37.12018201],[26.8854168,37.12033903],[26.88517391,37.1204621],[26.88507356,37.12067181],[26.88517356,37.12078651],[26.88528766,37.12086482],[26.8853882,37.12114172],[26.88538832,37.12136699],[26.88536066,37.12161998],[26.88530414,37.12190971],[26.88526135,37.12217207],[26.8852039,37.12238071],[26.8851477,37.12267946],[26.88506106,37.12289782],[26.88491851,37.1231446],[26.8847626,37.12340972],[26.88459111,37.12376532],[26.88450584,37.12400168],[26.88446312,37.12420999],[26.88446332,37.12434514],[26.88435032,37.12455516],[26.88407768,37.1245618],[26.88389218,37.12456632],[26.88370657,37.12467896],[26.8835641,37.12481759],[26.88346431,37.12517145],[26.88340725,37.125299],[26.88323609,37.12536624],[26.88309297,37.12546884],[26.88277929,37.12574682],[26.88257912,37.12599498],[26.88245167,37.12621435],[26.88245215,37.12643061],[26.88249416,37.12657376],[26.88246615,37.1267817],[26.88235179,37.12697372],[26.88237973,37.12711722],[26.88249513,37.12730363],[26.88253922,37.12748279],[26.88248177,37.12765537],[26.88226756,37.12786785],[26.88186807,37.12818395],[26.88165355,37.1283694],[26.88141022,37.12855553],[26.88111106,37.12869797],[26.88098659,37.1287731],[26.88090785,37.12881106],[26.88082699,37.12883103],[26.88074056,37.12885117],[26.88065446,37.12886227],[26.88056664,37.1288644],[26.88047914,37.12885752],[26.88039272,37.1288416],[26.88030949,37.1288166],[26.88023117,37.12879147],[26.88015637,37.12874822],[26.8800872,37.12870486],[26.88002435,37.12866133],[26.87993904,37.12860033],[26.87983937,37.12853065],[26.87966872,37.12840864],[26.8795244,37.12834907],[26.87939682,37.1283612],[26.87926742,37.12845444],[26.87915311,37.12855636],[26.87908195,37.1287383],[26.87906768,37.12891889],[26.87911219,37.12901691],[26.87923954,37.12920305],[26.87936868,37.12934408],[26.87956913,37.1294924],[26.87959773,37.12968994],[26.8794549,37.1298376],[26.87942678,37.12983829],[26.8792691,37.12977904],[26.87912655,37.12969239],[26.87898333,37.12956972],[26.87878384,37.12950248],[26.87861094,37.12952469],[26.87848263,37.12957288],[26.87841094,37.12959263],[26.87832692,37.12962171],[26.87816917,37.12961652],[26.87795418,37.12958572],[26.87781152,37.12958919],[26.87772572,37.1296453],[26.87769747,37.12977217],[26.87765554,37.12987232],[26.87758266,37.13000926],[26.87749746,37.13015549],[26.87742663,37.13034645],[26.87724193,37.13054017],[26.87708336,37.13064314],[26.87701235,37.1306629],[26.87682686,37.13063136],[26.8767261,37.13057073],[26.8766971,37.13040021],[26.87656968,37.13032221],[26.876441,37.13037939],[26.87634149,37.13044489],[26.87624083,37.13059154],[26.87615531,37.13072877],[26.87589789,37.13091524],[26.87574206,37.13105418],[26.87551244,37.13121295],[26.87538409,37.13129715],[26.87518408,37.13136509],[26.8750846,37.13141259],[26.87497029,37.13151446],[26.87492724,37.13165968],[26.87499908,37.13182915],[26.87504217,37.13194524],[26.87504156,37.13215252],[26.87492791,37.13229044],[26.87484211,37.13234662],[26.87469974,37.13241313],[26.87457075,37.13242527],[26.8744003,37.13247445],[26.87421324,37.1325691],[26.87405679,37.13265401],[26.87395689,37.13274653],[26.87385801,37.13286608],[26.87371421,37.13293264],[26.87359122,37.13294268],[26.87355713,37.13294546],[26.87341481,37.13295794],[26.873329,37.13301407],[26.87329274,37.13307803],[26.87326139,37.13314187],[26.8732339,37.13321462],[26.87321031,37.13327827],[26.87319192,37.13335082],[26.87317604,37.13341428],[26.87316684,37.13348659],[26.8731604,37.13355883],[26.87315891,37.13363095],[26.87316129,37.13369397],[26.87316823,37.13376591],[26.87318012,37.1338377],[26.87319478,37.13390943],[26.87321402,37.13397204],[26.87323853,37.13404353],[26.87326726,37.13411494],[26.87329985,37.13417722],[26.87333598,37.13423944],[26.87337562,37.13430154],[26.87341946,37.13436354],[26.87346684,37.13442547],[26.87351808,37.1344783],[26.87357315,37.13454004],[26.87366236,37.13459195],[26.87371781,37.13464466],[26.87376448,37.1347066],[26.87379496,37.13476894],[26.87380964,37.13484069],[26.87381024,37.13491276],[26.87379508,37.1349762],[26.87376407,37.13504904],[26.87374683,37.13507047],[26.87371971,37.13510419],[26.87366204,37.13515968],[26.87359415,37.13520635],[26.87351787,37.13523524],[26.87343455,37.1352643],[26.87334741,37.13526641],[26.87326027,37.13526853],[26.87315624,37.13528906],[26.87307258,37.13530912],[26.87299349,37.13533807],[26.87291823,37.13537594],[26.87285177,37.1354226],[26.87279162,37.13546913],[26.8727385,37.13553348],[26.87269485,37.13558861],[26.87266141,37.1356525],[26.87263811,37.13572514],[26.87262363,37.13578857],[26.87262074,37.13586073],[26.87262768,37.13593266],[26.87264657,37.13600429],[26.8726739,37.1360577],[26.87268857,37.13614746],[26.8727032,37.13625523],[26.87270301,37.13639942],[26.87268949,37.13654391],[26.87265975,37.13672486],[26.87261894,37.1367619],[26.8725891,37.1367536],[26.87244642,37.13673904],[26.87227463,37.1367342],[26.87214659,37.13684543],[26.8721464,37.13698961],[26.87204589,37.13701008],[26.87194649,37.13696744],[26.87187565,37.136843],[26.87178973,37.1367099],[26.87163103,37.13660562],[26.87151754,37.13659937],[26.8714022,37.13665624],[26.8712757,37.1366593],[26.8712171,37.13659765],[26.8710744,37.13661912],[26.87103146,37.13667423],[26.87103274,37.13678232],[26.87107516,37.1368624],[26.87107536,37.13696154],[26.87104607,37.13707936],[26.87091895,37.13728971],[26.87076129,37.13749177],[26.87056075,37.13769487],[26.87033252,37.13783558],[26.87017508,37.1378394],[26.87001731,37.1378342],[26.86980477,37.1377943],[26.86958947,37.13770039],[26.86940336,37.13759676],[26.86931842,37.13752673],[26.86916116,37.13738637],[26.8690742,37.13722628],[26.86900274,37.13706579],[26.86888864,37.13696944],[26.86878853,37.13694484],[26.86864513,37.13696633],[26.86848801,37.13699717],[26.86824658,37.13701202],[26.86810245,37.13706959],[26.86781729,37.13721165],[26.86768895,37.13727784],[26.86760171,37.13735204],[26.8675027,37.1375617],[26.86751766,37.13767847],[26.86751746,37.13782266],[26.86750401,37.1379131],[26.86743189,37.13797794],[26.86728917,37.13801742],[26.86717492,37.13804722],[26.86713232,37.13811133],[26.86710372,37.13822916],[26.86691793,37.13839587],[26.86671852,37.1385719],[26.86664637,37.13863672],[26.86644702,37.13872264],[26.86631801,37.1387528],[26.86621295,37.13874633],[26.86612337,37.13873949],[26.8660362,37.13874161],[26.865948,37.13873471],[26.8658605,37.13874586],[26.86577264,37.13874798],[26.86568512,37.13875911],[26.86559902,37.13877019],[26.86551325,37.1387903],[26.86542785,37.13880137],[26.86534453,37.13883042],[26.86526087,37.13885046],[26.86518036,37.13887944],[26.86509985,37.13890843],[26.86502144,37.13893736],[26.8649448,37.13897526],[26.86487025,37.1390131],[26.8647957,37.13905095],[26.86472536,37.13908869],[26.86465749,37.1391354],[26.8645903,37.13918207],[26.86452664,37.13922868],[26.86446578,37.1392752],[26.86440596,37.13933072],[26.86435038,37.13938611],[26.86429758,37.13944146],[26.86424692,37.13949676],[26.86414663,37.13959831],[26.86393273,37.1398017],[26.86377546,37.13990464],[26.86338972,37.14012123],[26.8631759,37.14023453],[26.86291882,37.14039393],[26.86270433,37.14050725],[26.86254672,37.14060117],[26.86230175,37.14070846],[26.86224716,37.14073457],[26.8622278,37.14076207],[26.86215016,37.14099823],[26.86207836,37.14109008],[26.86189222,37.14126578],[26.86170539,37.1414415],[26.86146087,37.14165467],[26.86129016,37.14186604],[26.86120448,37.14207538],[26.86111978,37.14232974],[26.8610625,37.14260144],[26.86097721,37.14278373],[26.86083424,37.14300346],[26.86073618,37.14325814],[26.86070738,37.14352016],[26.86069266,37.14374579],[26.86063614,37.1439634],[26.86052212,37.14407431],[26.86026628,37.14408048],[26.86005121,37.14408568],[26.85993666,37.14407041],[26.85972227,37.14407559],[26.85962336,37.14419513],[26.85953706,37.14433237],[26.85948025,37.14450495],[26.85946609,37.1445774],[26.85946812,37.1446314],[26.85947016,37.14468544],[26.85947326,37.14473042],[26.8594767,37.14478439],[26.85948085,37.14483836],[26.85948501,37.14489233],[26.85949054,37.14494625],[26.85949436,37.14499123],[26.85950061,37.14504513],[26.85950614,37.14509907],[26.85951311,37.14515297],[26.85952044,37.14519784],[26.85952667,37.14525176],[26.85953433,37.14530565],[26.85954341,37.14535947],[26.85955176,37.14541336],[26.85956119,37.14545818],[26.85957166,37.145512],[26.85958143,37.14556583],[26.85959261,37.14561962],[26.85960273,37.14566444],[26.85961532,37.14571819],[26.85962719,37.14577198],[26.85963944,37.14581675],[26.85965271,37.14587048],[26.85966598,37.14592423],[26.85967997,37.14597797],[26.85969431,37.14602267],[26.8597083,37.1460764],[26.85972441,37.14613007],[26.85974016,37.14617475],[26.85975624,37.14622842],[26.85977233,37.14628208],[26.85979019,37.14632674],[26.85980771,37.14638037],[26.85982591,37.146434],[26.85984447,37.1464786],[26.85986339,37.14653222],[26.85988228,37.14658583],[26.85990155,37.14663042],[26.85992185,37.146684],[26.85994253,37.14672855],[26.85996354,37.14678211],[26.85998422,37.14682666],[26.86000804,37.14688016],[26.86003012,37.14692467],[26.86005185,37.14697822],[26.86007603,37.1470227],[26.86009985,37.14707618],[26.86012405,37.14712066],[26.86014859,37.14717413],[26.86017348,37.14721859],[26.86019907,37.14726302],[26.86022501,37.14731647],[26.86025131,37.14736088],[26.86027794,37.14741431],[26.86030564,37.14745869],[26.86033334,37.14750309],[26.86036069,37.14755648],[26.8603898,37.14760084],[26.86044732,37.14768957],[26.86047667,37.14781501],[26.86059007,37.14789336],[26.86071832,37.14793532],[26.86094812,37.14796583],[26.86126266,37.14796725],[26.86151921,37.14797903],[26.86166148,37.14802068],[26.86192005,37.14808653],[26.8619905,37.148238],[26.86207713,37.14837107],[26.86209269,37.14855993],[26.86209318,37.14872212],[26.86193652,37.14895118],[26.86183717,37.14909777],[26.86166624,37.14921002],[26.86155149,37.14933895],[26.86146625,37.14946717],[26.86146775,37.14967438],[26.86159638,37.14993259],[26.86171211,37.15012805],[26.86181211,37.15024277],[26.86192677,37.15044726],[26.86212716,37.1506677],[26.86221287,37.15070167],[26.86261331,37.15087222],[26.86284385,37.15088466],[26.86322911,37.15085733],[26.863472,37.15082442],[26.86377189,37.15075409],[26.86397261,37.1507222],[26.86418471,37.15059992],[26.86451395,37.15037571],[26.8646564,37.15029116],[26.86492783,37.15021251],[26.8651419,37.15018029],[26.86541255,37.15017374],[26.86562764,37.15016854],[26.86591303,37.15016163],[26.86622854,37.15024409],[26.86658486,37.15028954],[26.86685684,37.15033703],[26.86699949,37.15036962],[26.86714312,37.15044725],[26.86730113,37.15056958],[26.86747221,37.15062852],[26.86765806,37.1506871],[26.86788616,37.15069058],[26.86798714,37.150607],[26.86802904,37.15052492],[26.86811457,37.15044174],[26.86821471,37.15044836],[26.86847298,37.15050516],[26.86877313,37.15049789],[26.86901528,37.15050103],[26.86917272,37.15049722],[26.86942967,37.15048199],[26.86958717,37.15044211],[26.86988669,37.1503808],[26.87005856,37.15038564],[26.87035834,37.15038738],[26.87065973,37.15052428],[26.87087426,37.15069026],[26.87116021,37.15080949],[26.87134674,37.15088608],[26.87151819,37.150954],[26.87164809,37.15105898],[26.87176185,37.15114633],[26.87183373,37.15129778],[26.87194825,37.15134908],[26.87217704,37.15135254],[26.87250554,37.15144369],[26.87262067,37.15156705],[26.87275025,37.15168104],[26.87289317,37.15177671],[26.87306464,37.1518086],[26.87319221,37.15183254],[26.87330739,37.15190183],[26.87336566,37.1519725],[26.87339337,37.15201687],[26.87341967,37.15206128],[26.87344494,37.15211476],[26.8734705,37.15215919],[26.87349367,37.1522127],[26.87351717,37.15225717],[26.87353819,37.15231074],[26.87355888,37.15235528],[26.87357919,37.15240886],[26.87359637,37.15245349],[26.87361457,37.15250712],[26.87363069,37.1525608],[26.87364504,37.1526055],[26.87365973,37.15265922],[26.87367304,37.15271295],[26.87368317,37.15275777],[26.87369577,37.15281152],[26.87370413,37.15286539],[26.87371322,37.15291924],[26.87372055,37.15296411],[26.87372681,37.15301803],[26.87373238,37.15307197],[26.87373652,37.15312592],[26.87373857,37.15317994],[26.87374027,37.15322495],[26.8737416,37.15327899],[26.87374155,37.15333306],[26.87374007,37.15338717],[26.87373721,37.15344129],[26.87373327,37.15348646],[26.87372901,37.15354061],[26.87372331,37.15359482],[26.87371621,37.15364907],[26.87370668,37.15369435],[26.87369748,37.15374864],[26.87368688,37.15380295],[26.87367523,37.1538483],[26.87366251,37.15390268],[26.87364908,37.15395706],[26.87363392,37.1540025],[26.8736191,37.15405691],[26.87360183,37.15410239],[26.87358349,37.15415689],[26.8735634,37.15420245],[26.87354294,37.154257],[26.87350136,37.15434812],[26.87347475,37.15455603],[26.87347427,37.15467317],[26.87356082,37.15489635],[26.87366088,37.15499306],[26.87381826,37.15506132],[26.87406168,37.15517255],[26.87429008,37.15525712],[26.87443412,37.1553077],[26.8745346,37.1553413],[26.87464845,37.15537458],[26.87456291,37.15549379],[26.87436379,37.15564281],[26.87410671,37.15578422],[26.87389249,37.15590655],[26.87360688,37.15609372],[26.87350828,37.15624027],[26.8733653,37.15647804],[26.87323854,37.15669737],[26.87312374,37.15686237],[26.8729822,37.15706405],[26.87276901,37.15723142],[26.87252539,37.15726434],[26.87209651,37.15731081],[26.8718818,37.15727095],[26.87148117,37.15720858],[26.87106619,37.15708348],[26.87075171,37.15702802],[26.87030861,37.15692161],[26.86999374,37.15687519],[26.86977929,37.1568984],[26.86916541,37.15703943],[26.86890875,37.15711773],[26.86853677,37.15719885],[26.86808048,37.15724594],[26.86765088,37.15729239],[26.86736474,37.15731733],[26.86686457,37.15732043],[26.86659263,37.1572369],[26.86622067,37.15702062],[26.86596284,37.15690069],[26.86567678,37.15683555],[26.86544799,37.15683208],[26.86523425,37.15685526],[26.86476158,37.1567856],[26.86431824,37.15659809],[26.86411714,37.15637768],[26.86408873,37.15631528],[26.8640169,37.1561458],[26.86390286,37.15627473],[26.86383132,37.15641161],[26.86369041,37.15666733],[26.86354761,37.1570042],[26.86346288,37.1572946],[26.86336344,37.15754932],[26.86325124,37.1578584],[26.86319342,37.15800398],[26.86308033,37.15819595],[26.86295119,37.15833424],[26.86279462,37.15843714],[26.8627094,37.15854733],[26.86265769,37.15857562],[26.86260632,37.1586129],[26.86255532,37.15864117],[26.86250536,37.15867842],[26.86245436,37.1587067],[26.86240511,37.15874392],[26.86235409,37.15877219],[26.86230624,37.15880939],[26.86225699,37.15884664],[26.86220909,37.15888382],[26.86216024,37.15891204],[26.86211308,37.15894922],[26.86206524,37.15898643],[26.86201948,37.15902358],[26.86197092,37.1590608],[26.86192519,37.15909794],[26.86187944,37.15913509],[26.86183369,37.15917224],[26.86178865,37.15920937],[26.86174433,37.15924648],[26.86169927,37.15928361],[26.86165564,37.15932073],[26.86161201,37.15935783],[26.86156871,37.1594039],[26.86152649,37.15944098],[26.86148354,37.15947806],[26.86144166,37.15952416],[26.86140014,37.15956118],[26.86136001,37.1595982],[26.86131884,37.15964424],[26.86127871,37.15968127],[26.86123892,37.15972728],[26.86119809,37.15976431],[26.86116042,37.15981027],[26.86112172,37.15984726],[26.86108405,37.15989322],[26.86104638,37.1599392],[26.86100836,37.15997616],[26.86097138,37.1600221],[26.86093654,37.16006799],[26.86089922,37.16010493],[26.86086367,37.16015086],[26.8608295,37.16019673],[26.86079394,37.16024265],[26.86076118,37.16028849],[26.86072703,37.16033437],[26.86069464,37.16037121],[26.86066118,37.16041707],[26.86062773,37.16046292],[26.8605971,37.16050873],[26.86056646,37.16055452],[26.86053512,37.16060034],[26.86050447,37.16064613],[26.86047452,37.1606919],[26.86044633,37.16074667],[26.86041642,37.16079244],[26.86038787,37.16083818],[26.86036003,37.16088392],[26.86033291,37.16092962],[26.86030648,37.16097531],[26.86027896,37.16103005],[26.86024339,37.16109398],[26.86021511,37.16122082],[26.86014441,37.16124957],[26.86005795,37.16125165],[26.85985841,37.16118437],[26.85961392,37.16104611],[26.85928515,37.1608558],[26.85899919,37.16073655],[26.85868403,37.16062701],[26.85835448,37.16050881],[26.85813942,37.16045993],[26.85786871,37.16050252],[26.85745486,37.1605936],[26.85708386,37.16070167],[26.85679706,37.16069058],[26.85625719,37.16050629],[26.85625459,37.1605054],[26.856053,37.1603661],[26.85575233,37.16021115],[26.85556611,37.16016157],[26.85532418,37.16022147],[26.85499497,37.16037358],[26.85471006,37.1605066],[26.85462387,37.16055375],[26.85450996,37.16057451],[26.85442383,37.16056758],[26.854152,37.16041193],[26.85405129,37.16027919],[26.85409394,37.15993574],[26.85413606,37.15974549],[26.85417795,37.15945612],[26.85416342,37.15929428],[26.85403335,37.1590541],[26.8538754,37.15889571],[26.85364711,37.15877506],[26.8532745,37.15854075],[26.85303071,37.15843849],[26.85266003,37.15833027],[26.85254484,37.15826096],[26.85247308,37.15805543],[26.85252542,37.15787305],[26.85254339,37.15781044],[26.85254249,37.15769331],[26.85247059,37.1575779],[26.85234212,37.15745483],[26.85217075,37.15735085],[26.85204147,37.15729987],[26.85198493,37.1572742],[26.85192873,37.15723949],[26.85187182,37.15722289],[26.85181315,37.15719725],[26.85175519,37.15717161],[26.85169616,37.157155],[26.85163539,37.15712944],[26.85157355,37.15711288],[26.85151383,37.15709631],[26.85145128,37.1570798],[26.85138875,37.15706328],[26.8513262,37.15704677],[26.85126367,37.15703025],[26.85120791,37.15702387],[26.85119865,37.15702281],[26.85113574,37.15701532],[26.85107109,37.15699884],[26.85100607,37.15699138],[26.8509421,37.15699292],[26.85087638,37.15698552],[26.85081141,37.15697806],[26.85074669,37.15697962],[26.85068167,37.15697217],[26.8506163,37.15697375],[26.85055092,37.15697532],[26.85048554,37.1569769],[26.8504205,37.15698747],[26.85035582,37.15698902],[26.85029078,37.15699961],[26.85022681,37.15700116],[26.85016177,37.15701171],[26.85009814,37.15702226],[26.85003379,37.15703282],[26.85,37.15703853220955],[26.85,37.17054429444159],[26.85004244,37.17052223],[26.85009412,37.17049397],[26.85014343,37.17045672],[26.85018777,37.17041961],[26.85023072,37.17038254],[26.8502691,37.17033656],[26.85030397,37.17029066],[26.85033603,37.17024484],[26.85036247,37.17019915],[26.8503861,37.17015352],[26.85041645,37.17006267],[26.85041698,37.16994553],[26.85058762,37.1698423],[26.85087336,37.1698985],[26.85131686,37.17001398],[26.85171885,37.17013043],[26.85197601,37.17026843],[26.85210402,37.17047259],[26.85216266,37.17075953],[26.85213489,37.17101252],[26.85193572,37.17138678],[26.85179332,37.17164252],[26.85163796,37.17187154],[26.85169443,37.1719693],[26.85179517,37.17206599],[26.85183822,37.17220012],[26.85183904,37.1723713],[26.85192495,37.17252242],[26.85216941,37.17267874],[26.85235452,37.17279143],[26.85255579,37.17292174],[26.85272807,37.1731609],[26.85282848,37.17349188],[26.85282918,37.17375318],[26.85283053,37.1740325],[26.85277395,37.17426814],[26.85246067,37.174528],[26.85217507,37.174625],[26.85198922,37.17477364],[26.85169012,37.17496108],[26.85143244,37.17494024],[26.85106017,37.17490416],[26.85090363,37.17495298],[26.85071839,37.17517371],[26.85043265,37.17536082],[26.85029005,37.17549941],[26.85016142,37.17570976],[26.85016223,37.17588094],[26.85050598,37.17594477],[26.85093451,37.1759795],[26.85140695,37.17604022],[26.85172228,37.17605967],[26.85209344,37.17614082],[26.85236548,37.17618834],[26.85280881,37.1762047],[26.8531656,37.17624115],[26.85349537,37.17625123],[26.85388132,37.17633204],[26.8543104,37.17645686],[26.85462491,37.17656641],[26.85495516,37.17673868],[26.85541322,37.17703402],[26.85580065,37.177304],[26.85638702,37.17760523],[26.8567599,37.17771342],[26.85705971,37.17778726],[26.85756035,37.17781124],[26.85788865,37.17785737],[26.85817551,37.17786847],[26.85831856,37.1779281],[26.85814865,37.1782566],[26.85801982,37.17836783],[26.85776417,37.17866236],[26.85760613,37.17878332],[26.85726317,37.17890875],[26.85703548,37.1790494],[26.85680704,37.17924415],[26.8565078,37.17952169],[26.8563944,37.17966862],[26.85627854,37.17980657],[26.85653729,37.17981834],[26.85683748,37.17986517],[26.85698051,37.1799248],[26.85736781,37.18028492],[26.85746783,37.18043568],[26.85746857,37.18066093],[26.85739785,37.18096902],[26.85727022,37.18122442],[26.8569854,37.18149261],[26.85677214,37.18162391],[26.85661552,37.18174484],[26.85640079,37.18193023],[26.85634354,37.18212983],[26.8563449,37.1824272],[26.85645919,37.18265872],[26.85653306,37.18290026],[26.85646233,37.18320832],[26.85633278,37.1833376],[26.85597667,37.18352642],[26.85570462,37.18370419],[26.85546287,37.18382717],[26.85517818,37.18400524],[26.85496294,37.18404647],[26.85474836,37.18410572],[26.85457711,37.18411885],[26.85447619,37.18413029],[26.85430563,37.18414343],[26.85442083,37.18423076],[26.85462032,37.18438815],[26.85492173,37.18459714],[26.85513599,37.18475417],[26.8553656,37.18501897],[26.85558155,37.18523904],[26.85568188,37.18539882],[26.85575446,37.18555026],[26.8560271,37.18570588],[26.8564271,37.18584038],[26.85671246,37.18594166],[26.85697184,37.18602551],[26.85714299,37.18608444],[26.85732883,37.18621514],[26.85738725,37.186439],[26.85735887,37.1866199],[26.85723085,37.18690233],[26.85693191,37.18720691],[26.85666045,37.18745676],[26.85641792,37.18765185],[26.85611873,37.18787534],[26.85584843,37.18804406],[26.85557642,37.18818578],[26.85540518,37.18818091],[26.85496123,37.18805643],[26.8546896,37.18792782],[26.85402952,37.18748416],[26.85377172,37.18725611],[26.85329861,37.18688002],[26.85288278,37.1865296],[26.85225222,37.18608524],[26.85199397,37.1859563],[26.85152238,37.18575139],[26.85092143,37.18551355],[26.85067824,37.18542929],[26.85024836,37.18532251],[26.85002044,37.18536403],[26.85,37.185384184141135],[26.85,37.25],[26.854683347096916,37.25],[26.88855651,37.17189399]]],[[[26.85012087,37.13012352],[26.85035026,37.13016304],[26.85066466,37.13021856],[26.85080759,37.13027818],[26.85107935,37.13039781],[26.85126468,37.13053754],[26.85149317,37.13070324],[26.85173645,37.13085056],[26.85195098,37.13096255],[26.85229403,37.13112549],[26.8525515,37.13118235],[26.8528515,37.13122922],[26.85306542,37.13126913],[26.85322318,37.13127434],[26.85353735,37.13124874],[26.85373736,37.13119888],[26.85392263,37.13113135],[26.85410896,37.13105476],[26.85433685,37.13092311],[26.85459458,37.13079975],[26.85483689,37.13064072],[26.85506624,37.13047299],[26.85522318,37.13030703],[26.85522227,37.13020791],[26.85517929,37.13003772],[26.85525036,37.12996393],[26.85535052,37.12995251],[26.85590796,37.13009226],[26.85596625,37.12986558],[26.85602134,37.1299093],[26.85609366,37.12996163],[26.85622252,37.1300216],[26.8563655,37.13004519],[26.85669288,37.13010938],[26.85688075,37.13018595],[26.85707985,37.13028027],[26.85722374,37.13038493],[26.85746605,37.13048721],[26.85773795,37.13053472],[26.85783704,37.13053233],[26.85802366,37.13050079],[26.85818141,37.13050601],[26.85839502,37.13050086],[26.85865178,37.13059378],[26.85895128,37.13075776],[26.85923713,37.13087702],[26.8594527,37.13099799],[26.85963811,37.13106558],[26.85966641,37.13093874],[26.85973766,37.13073878],[26.85986602,37.13041128],[26.86000834,37.1301375],[26.86013734,37.12984603],[26.86020724,37.12959205],[26.86022228,37.12939344],[26.86027922,37.12911272],[26.8603508,37.12892175],[26.86037961,37.12865974],[26.86020748,37.12836651],[26.86002205,37.12833493],[26.85986352,37.12838384],[26.85972252,37.12845033],[26.85953586,37.12851791],[26.85927888,37.12862323],[26.85909257,37.12868179],[26.85895123,37.12873927],[26.85879404,37.12884218],[26.8586496,37.12887271],[26.8584931,37.12871428],[26.85837902,37.12863593],[26.85817881,37.1285867],[26.8579792,37.12862756],[26.85779335,37.12860501],[26.85760621,37.12851042],[26.85732138,37.12841815],[26.85719252,37.12835818],[26.85715081,37.12827808],[26.85712175,37.1282157],[26.85709514,37.12814426],[26.85707239,37.12808173],[26.85705282,37.12801012],[26.85703676,37.12793842],[26.85702491,37.1278666],[26.85701621,37.12780374],[26.8570114,37.12773178],[26.85700938,37.12765973],[26.8570116,37.12758759],[26.85701663,37.12751537],[26.85702621,37.12745206],[26.85703964,37.12737965],[26.8570545,37.12730721],[26.85707463,37.12724365],[26.85709792,37.127171],[26.85712507,37.12710726],[26.85715503,37.12704346],[26.85718815,37.12697056],[26.85722446,37.12690663],[26.85726526,37.12685157],[26.85730786,37.12678746],[26.85735327,37.12672329],[26.85740325,37.12666801],[26.85745534,37.1266127],[26.8575102,37.12655731],[26.8575679,37.12650184],[26.85762806,37.12645534],[26.85768999,37.12639976],[26.8577192,37.12635402],[26.85780537,37.12628887],[26.8578196,37.12616236],[26.85771926,37.12605664],[26.85747655,37.12601745],[26.8573051,37.12600357],[26.85724752,37.1259689],[26.85716226,37.12588986],[26.85700379,37.12565938],[26.85689043,37.125563],[26.85683331,37.12546525],[26.85680436,37.12531276],[26.85673309,37.12526943],[26.856561,37.12521951],[26.85641917,37.12515084],[26.85638976,37.12506144],[26.85628894,37.12505486],[26.85611816,37.12507701],[26.85598964,37.12502604],[26.8558898,37.12482118],[26.85580421,37.12473314],[26.85576085,37.12459],[26.8558323,37.12448916],[26.85614636,37.12427434],[26.85630278,37.1242255],[26.85653256,37.12421996],[26.85664703,37.12427127],[26.85673164,37.12431428],[26.85684695,37.12425745],[26.85687415,37.12415767],[26.85674607,37.12404361],[26.85664575,37.12391987],[26.85658867,37.1238041],[26.8564744,37.12360861],[26.85643185,37.12339336],[26.85644996,37.1232914],[26.85647364,37.12315807],[26.85653076,37.12301251],[26.85670217,37.12278309],[26.85694485,37.12261504],[26.85710304,37.12253914],[26.85724501,37.12251771],[26.8573877,37.12247821],[26.85745055,37.12241055],[26.85751615,37.12233994],[26.85751601,37.12218675],[26.85753024,37.12206025],[26.85758751,37.12204986],[26.85768755,37.12211053],[26.85778735,37.12210812],[26.85785938,37.12209738],[26.85800211,37.12203986],[26.85810165,37.12193834],[26.85823033,37.12188116],[26.85830172,37.12183439],[26.8583872,37.12175122],[26.85848687,37.12157761],[26.8586871,37.1213475],[26.8588874,37.12130665],[26.85898724,37.12126817],[26.85925922,37.12122557],[26.85950137,37.12115667],[26.85964439,37.12114417],[26.8597576,37.12108738],[26.85990115,37.12093973],[26.85997193,37.12080286],[26.86008677,37.12058381],[26.86023008,37.12035508],[26.8603582,37.12017177],[26.86048602,37.11996142],[26.86058562,37.11984188],[26.86055725,37.11977949],[26.86058576,37.11973373],[26.86069972,37.11962286],[26.86084254,37.11949325],[26.86102858,37.11935359],[26.86112843,37.11929711],[26.86104198,37.11905589],[26.86087078,37.11887981],[26.8607411,37.11866667],[26.86061235,37.11853462],[26.86051295,37.11850998],[26.86042718,37.1185481],[26.86034177,37.11857719],[26.86014284,37.11863607],[26.8600553,37.11868323],[26.85979944,37.11876149],[26.85959912,37.1188204],[26.85935585,37.1189344],[26.85915552,37.11899331],[26.85892742,37.11906189],[26.85869897,37.11912147],[26.85859916,37.11915993],[26.85842692,37.11921814],[26.8582853,37.11924859],[26.85828572,37.11946487],[26.85824284,37.1194659],[26.85818521,37.11922397],[26.85811496,37.11922566],[26.85789853,37.11923088],[26.85769926,37.11928076],[26.85729941,37.11932644],[26.85709977,37.11938533],[26.85681373,37.11942827],[26.85658566,37.11947882],[26.8563003,37.11953977],[26.85628436,37.11939595],[26.856271,37.11939627],[26.85621476,37.11941568],[26.85614202,37.11942644],[26.85598598,37.11946624],[26.85587106,37.11949605],[26.85562822,37.11956498],[26.85547109,37.11961384],[26.85532942,37.1196623],[26.85509993,37.11973091],[26.85490067,37.11978076],[26.85465746,37.11984069],[26.85442867,37.11989125],[26.85419963,37.11987876],[26.85395695,37.11982153],[26.85380078,37.11970816],[26.85365742,37.11948631],[26.85357126,37.11929015],[26.85355721,37.11906521],[26.85355714,37.11885796],[26.85349946,37.11867011],[26.8534132,37.11856405],[26.85325641,37.11839662],[26.85311264,37.11820184],[26.85284089,37.11785696],[26.85258381,37.11756576],[26.85249758,37.11744169],[26.85249745,37.1172885],[26.85255511,37.11702579],[26.85259822,37.11684453],[26.85251223,37.11655824],[26.85241127,37.11641648],[26.8522121,37.11615097],[26.85211149,37.11601823],[26.85203963,37.11590277],[26.85202628,37.11590309],[26.85196907,37.11587745],[26.85189642,37.11583415],[26.85181075,37.11580017],[26.85158286,37.11572455],[26.8512825,37.11572277],[26.85112579,37.11574457],[26.85105415,37.11572827],[26.85095334,37.11572169],[26.85085361,37.11568804],[26.85073985,37.11565472],[26.85058287,37.11561345],[26.85048239,37.11561587],[26.85032534,37.11562865],[26.85023961,37.11564875],[26.8500969,37.11568822],[26.85,37.115713490881866],[26.85,37.13012055402464],[26.85012087,37.13012352]]]]}}]}